HT,y,x
70.24,38.577628382710735,-122.41524759086006
70.08,38.577414078549346,-122.41540348815836
69.98,38.57804262686373,-122.41543935414738
69.93,38.577567657934374,-122.41539211575295
69.85,38.57672294070028,-122.41671624318339
69.73,38.57791538728976,-122.41565915416467
69.6,38.57801460617672,-122.41565515746291
69.51,38.5780933193513,-122.41531701116791
69.44,38.57751440250165,-122.41518166223133
69.36,38.57813291861768,-122.4152397092386
69.15,38.577472151549514,-122.41531610911643
68.99,38.57748430535571,-122.41524821007809
68.87,38.577519131403676,-122.41527377078374
67.73,38.57657881683513,-122.41691182739997
67.12,38.57814555836748,-122.41535535266142
66.98,38.577200744966625,-122.41592646574968
64.95,38.57707412582057,-122.41574489483686
64.7,38.5769933355412,-122.4159337828891
64.58,38.577648423940886,-122.41753144529824
64.4,38.577023963430996,-122.41585580678046
64.28,38.576538155620895,-122.41701198455864
64.19,38.57778332786481,-122.41617678685988
63.9,38.576611520457455,-122.41698310425976
63.09,38.57711425566408,-122.41565616516426
62.8,38.577833490625544,-122.41606587406511
62.73,38.577126364717785,-122.41578323599315
62.57,38.5771937599459,-122.41859821544087
62.37,38.577267259584644,-122.4158511921684
62.1,38.57714001944919,-122.4160709891496
62.08,38.57709679767488,-122.41583835416733
61.93,38.577076202288005,-122.41589414798212
61.26,38.57691254498558,-122.41612267049052
61.09,38.57692668315122,-122.41659396250033
60.87,38.5773265273708,-122.4151560454035
60.86,38.577019098380816,-122.41634860615322
60.65,38.577160614920636,-122.41601519534808
60.57,38.57728997655761,-122.41574968191404
60.54,38.57748686810805,-122.41558100550414
60.42,38.57738601303771,-122.4158142597878
60.4,38.57788418371457,-122.41594353194532
60.3,38.5752804869634,-122.42121800519433
60.21,38.57666168381954,-122.41687219383472
60.09,38.5769619927516,-122.41680306339705
59.91,38.57693261004427,-122.41607830588454
59.9,38.5778704837016,-122.41585074723778
59.84,38.57727583513538,-122.41527838727261
59.76,38.57710356252815,-122.4184079153389
59.71,38.57746680320496,-122.41562537059609
59.65,38.57778072143733,-122.41603896141899
59.5,38.57694139692978,-122.41685885678012
59.47,38.57765847986563,-122.41518104288647
59.43,38.576984848820224,-122.41611664718293
59.3,38.57826753817439,-122.41505487109009
59.17,38.57533065400209,-122.42110710015471
59.02,38.57671652784619,-122.41704835880904
58.9,38.57808536377211,-122.41548844923571
58.73,38.576955281636934,-122.41617176509922
58.71,38.57703501144088,-122.41600573550825
58.56,38.57708088508379,-122.41618122520121
58.45,38.57754650392984,-122.41778755502473
58.4,38.57821423837508,-122.41503938819112
58.26,38.577693080684746,-122.4161814586011
58.04,38.57770970238268,-122.41504727116478
58.04,38.57730213059907,-122.41568178314776
58.04,38.57693527311383,-122.41815438708268
57.99,38.57768910732508,-122.4151030657074
57.82,38.577476273907266,-122.41794283034723
57.75,38.57682384968113,-122.41842124628774
57.7,38.577184162373925,-122.4168656745807
57.67,38.57688138649725,-122.41621207534655
57.51,38.57827390217481,-122.41491772019623
57.46,38.5770332822179,-122.41662492980608
57.38,38.57715362797249,-122.41868694329635
57.38,38.57632795103347,-122.41766134403605
57.33,38.57701494640398,-122.41605010019775
57.32,38.57639518631556,-122.41679477544054
57.16,38.577275125017145,-122.41606969579162
57.15,38.57711407356959,-122.4164360425645
57.07,38.57689615346654,-122.41841522530801
56.97,38.580415004754975,-122.42115780004053
56.97,38.576771081130765,-122.41839433243933
56.93,38.575115335500655,-122.42109086918308
56.88,38.577032270449855,-122.41858604700262
56.77,38.57706284960633,-122.41656981204572
56.53,38.5773060048496,-122.41715010900488
56.44,38.57759041873668,-122.41509563407882
56.31,38.57515918520035,-122.42092214483398
56.3,38.57728540884993,-122.41720590252464
56.29,38.577343321178276,-122.41557019500155
56.26,38.57722390143486,-122.41620346587088
56.25,38.57747130245785,-122.41669233052316
56.21,38.58041134270957,-122.42104282897716
56.08,38.57651292542937,-122.4165857352043
55.92,38.57980350567993,-122.42056116493023
55.69,38.577366656811066,-122.41506731505302
55.58,38.577724239221595,-122.41609205275883
55.56,38.57949691407664,-122.4223158012314
55.36,38.58052839464354,-122.42143014804086
55.36,38.575800011595575,-122.41623385023463
55.34,38.57645639650702,-122.41683379268915
55.29,38.57829650897097,-122.4128779074398
55.24,38.58010896309837,-122.42096268415561
55.23,38.576735725209666,-122.41838019954243
55.18,38.57716547863147,-122.41552239481535
55.18,38.576811689015244,-122.41635592211222
54.89,38.576750432581406,-122.41651187331216
54.82,38.57745620815246,-122.41798719466622
54.69,38.579596203491164,-122.42017851753285
54.63,38.5804040182755,-122.42081288684558
54.62,38.577602787486775,-122.41638110097514
54.51,38.57983047395768,-122.42036821807643
54.47,38.576796211766634,-122.41707729916217
54.44,38.5770271120745,-122.41811543081714
54.42,38.573523478704516,-122.41969788699272
54.35,38.577325287626664,-122.4159587836539
54.34,38.57688173137493,-122.41698052079174
54.33,38.57721445537457,-122.41815248413403
54.26,38.576361374879944,-122.41694132383684
54.18,38.57655735364206,-122.41834382201385
54.11,38.57744799905179,-122.41913347917489
54.08,38.576468067081784,-122.41658235640669
54.05,38.57744173499342,-122.4167474485202
54.04,38.577991659069234,-122.41673152723675
54.01,38.58013423049495,-122.42119397815956
54.01,38.579799949165356,-122.42005624317665
53.98,38.58239762848917,-122.41975886414646
53.9,38.57690458843029,-122.41629410552248
53.89,38.57587651321508,-122.4163313622401
53.88,38.576835523759165,-122.41816980938663
53.78,38.57951806026897,-122.4203102593648
53.73,38.57628563366471,-122.41585754643624
53.67,38.57793434627575,-122.41583261881361
53.64,38.57582201398682,-122.41692363396098
53.5,38.574744490822205,-122.41628051073137
53.42,38.579643114662204,-122.4222694793942
53.41,38.576733022343646,-122.41863231202784
53.4,38.57716423649225,-122.41632513095983
53.39,38.574850074643834,-122.41613937044606
53.33,38.57944361815857,-122.41842367478559
53.3,38.57574536330537,-122.42148242428665
53.25,38.5803020906952,-122.42106900043613
53.19,38.57697949850544,-122.41642590625571
53.16,38.57686807882887,-122.41669276876897
53.15,38.57620851084618,-122.41616139699028
53.13,38.577608576365336,-122.41645035139267
53.09,38.576507188963774,-122.4184547310918
52.97,38.573348771854214,-122.41977646859239
52.96,38.57695128767823,-122.41742158067089
52.91,38.576968404989785,-122.41647094653312
52.9,38.5766348649863,-122.41861344691127
52.88,38.57720823416003,-122.41770472461941
52.87,38.577672438990874,-122.41643222355206
52.85,38.57699213849914,-122.4186747746769
52.8,38.575938122901405,-122.41461568241421
52.77,38.57959986648866,-122.42029348734114
52.75,38.57789558708584,-122.41453368953894
52.74,38.575240407065465,-122.42111176587373
52.73,38.58026928045484,-122.42138767195667
52.58,38.57653617340922,-122.4164727973594
52.56,38.57687511248772,-122.41595928594039
52.51,38.57662058660632,-122.41872705999833
52.39,38.57962587763541,-122.41973344877404
52.28,38.577634961072484,-122.42247359337219
52.25,38.57772207151214,-122.4163327402558
52.24,38.58021044843145,-122.42226638455857
52.23,38.575245554163885,-122.42158236910942
52.16,38.5799612782537,-122.42065334481516
52.15,38.57944304878106,-122.42056839976293
52.15,38.5775520939938,-122.41650344227502
52.09,38.57576832268706,-122.41633468252182
52.0,38.57648799214598,-122.41712289468938
51.97,38.58001399203714,-122.42087523803293
51.97,38.576800595533356,-122.41640096230135
51.96,38.57664065259212,-122.41868269640878
51.91,38.579827819559405,-122.420425365004
51.9,38.576179741868415,-122.41503528407466
51.88,38.57724889600717,-122.41760456703281
51.84,38.580020564514555,-122.42189651297917
51.82,38.58063790715776,-122.41849073428939
51.8,38.575610856441926,-122.41487776068853
51.75,38.579630390701574,-122.42060546138657
51.71,38.57839303666116,-122.41312602684486
51.7,38.57656975078744,-122.41730108691897
51.68,38.575471681161915,-122.41651877780471
51.59,38.579704123590965,-122.4192117546037
51.59,38.57511050350503,-122.4213886896647
51.58,38.58028350673921,-122.42146903092163
51.58,38.58028229278941,-122.42013848012338
51.54,38.57762316744333,-122.4149719403743
51.46,38.576672777472275,-122.41682715382464
51.41,38.57663901277691,-122.41677873485838
51.41,38.57627510880257,-122.42190083260421
51.37,38.57950022266563,-122.41991895671296
51.36,38.57950903535907,-122.4205045580648
51.36,38.57558367590622,-122.41604552595108
51.33,38.58007759101338,-122.41989366054217
51.32,38.58035804205883,-122.41908899681663
51.31,38.577254056344806,-122.41807518488191
51.28,38.580423335218235,-122.42155986051266
51.28,38.57714755493,-122.41765427716504
51.28,38.57462940475169,-122.41643240354182
51.25,38.577404151483684,-122.4193022101418
51.24,38.57954816028584,-122.42024371219684
51.21,38.575523673659134,-122.42160333613984
51.16,38.5764933916434,-122.41875188228423
51.16,38.5750340064326,-122.42129117390284
51.12,38.57956180322051,-122.42053147467296
51.09,38.57954389622148,-122.42227346674474
51.09,38.578107135210544,-122.4171531149468
51.08,38.57704884673377,-122.4155136114718
51.07,38.580164276230136,-122.421322407496
51.04,38.576547978875574,-122.41563645714567
51.0,38.58254345448339,-122.41913901531406
51.0,38.57338614797329,-122.42013480468243
50.99,38.580531159160024,-122.42098304541027
50.99,38.57639427214,-122.4183659410625
50.93,38.57683798090678,-122.41675931531223
50.89,38.5760235976851,-122.41471386857417
50.88,38.580115865200376,-122.4208141016816
50.88,38.57945582977202,-122.42203743896734
50.82,38.57640694857166,-122.41615340461935
50.81,38.577129215432606,-122.41921267670008
50.8,38.57704833617054,-122.41765827118643
50.76,38.58011989414293,-122.4215025723557
50.75,38.573336615742015,-122.4198443627205
50.74,38.580338929251404,-122.421438801342
50.74,38.57931334649226,-122.42200375630695
50.73,38.58037360147512,-122.42011095464119
50.7,38.57978777835495,-122.42206247002721
50.69,38.57592278787993,-122.41475215341708
50.67,38.57739094658469,-122.41725972905618
50.63,38.576249517696574,-122.4168296784902
50.59,38.57560282517133,-122.42164370947414
50.58,38.57967047059318,-122.42071170727026
50.58,38.57756308873487,-122.41898158567788
50.55,38.579756577581485,-122.4204085250959
50.54,38.57919766557272,-122.42236205089857
50.53,38.579740265221446,-122.4221162341252
50.53,38.57942312962611,-122.42196615718862
50.53,38.57362620664263,-122.42039373285529
50.4,38.5773836560865,-122.4189680640647
50.38,38.57987740209915,-122.42052085805356
50.38,38.57779920417231,-122.41816213563949
50.38,38.57695961552107,-122.41569039508441
50.37,38.57480375938601,-122.41558538882471
50.33,38.579487004382585,-122.42000971518475
50.32,38.577605293300614,-122.4190421113977
50.31,38.57998012049218,-122.42121676722846
50.28,38.57645512663915,-122.42170796573767
50.27,38.5768511027774,-122.41705849618396
50.27,38.574740247433574,-122.41637193998464
50.2,38.57783694083677,-122.41482747051334
50.19,38.57649467485323,-122.42182563603647
50.18,38.57662708791347,-122.41587179292947
50.16,38.57771836036854,-122.41854599283683
50.12,38.577197188383884,-122.41755479552256
50.11,38.5780526594343,-122.41968368835882
50.06,38.57974138331987,-122.42189840013444
50.06,38.57654804585761,-122.4175747052134
50.04,38.579697805763224,-122.41915393150218
50.01,38.576194626718404,-122.41684848154439
50.0,38.57490691844919,-122.42092606666903
49.92,38.57735896098864,-122.41639714274497
49.92,38.576219850440545,-122.4213461630364
49.91,38.57664918381647,-122.41617164873529
49.88,38.5811980778862,-122.42154946087271
49.82,38.577232296673984,-122.41641054027272
49.78,38.57592070230574,-122.41693106762095
49.77,38.57633821994112,-122.41666432704787
49.74,38.575063273273095,-122.41620130132472
49.73,38.58025988744604,-122.42100847118506
49.71,38.58004169383643,-122.4218292896445
49.7,38.576901310690765,-122.41888584051189
49.7,38.5759549504685,-122.41716302328791
49.69,38.575587696332406,-122.41460076691396
49.67,38.57892742012535,-122.42062128355771
49.66,38.57769277557684,-122.41521803277861
49.63,38.57881296606396,-122.42037180144109
49.63,38.57569584402116,-122.41479240975018
49.63,38.575055081135794,-122.42141891755746
49.6,38.577405513071355,-122.41810953439433
49.59,38.57661320520049,-122.4165588817408
49.58,38.57646816784795,-122.41832563333654
49.55,38.576335715726614,-122.41826977824948
49.54,38.57998336071319,-122.420953214702
49.52,38.577667033270444,-122.41906970218731
49.52,38.57642064847851,-122.41624618743025
49.51,38.578911280895184,-122.41980574955815
49.51,38.57758894826343,-122.41687322820013
49.5,38.57613991995361,-122.41608741810846
49.49,38.57953716092606,-122.42183712348796
49.46,38.57625000137651,-122.41701321643335
49.42,38.579615781121966,-122.42188892917557
49.38,38.57710230930135,-122.41707741946485
49.37,38.57707052408466,-122.41756819099383
49.33,38.57341682962032,-122.41986187591202
49.3,38.577049001497855,-122.41919516282734
49.29,38.57620779558073,-122.4169526930205
49.26,38.576715029128906,-122.41882592772228
49.26,38.576527155458194,-122.41880030197619
49.24,38.576820035280804,-122.41889118495956
49.23,38.57781736266723,-122.41505537836011
49.22,38.57670031979489,-122.41856103440793
49.18,38.58037210520028,-122.42169363153381
49.17,38.57677439247259,-122.41560763234902
49.16,38.57962358159133,-122.4184257666498
49.16,38.577487549849444,-122.41925115005431
49.15,38.580010166222,-122.4213451962879
49.09,38.57465897192736,-122.41637728742165
49.08,38.57667967380989,-122.41667857740977
49.05,38.573728764647775,-122.41973629366395
49.03,38.58040480545067,-122.42176491420211
48.99,38.58004727049765,-122.4188017778085
48.97,38.57819512870813,-122.4131225979254
48.96,38.57948046554183,-122.41879347084492
48.96,38.57678216764104,-122.41621607139722
48.93,38.5779018639387,-122.4147864827919
48.91,38.5791613193085,-122.42023749062908
48.89,38.57939763899273,-122.42251476282816
48.89,38.576251836141815,-122.41813730115169
48.88,38.577621694929874,-122.41888278061776
48.88,38.57372239562955,-122.41987343481892
48.84,38.579512637004385,-122.41887618083054
48.84,38.57627831757735,-122.4177608244594
48.83,38.57959731793378,-122.4199606835217
48.82,38.57773405326446,-122.41471650121368
48.82,38.57721430701723,-122.41660415829277
48.82,38.57695253717432,-122.41875207328586
48.79,38.576337387127495,-122.4157123488131
48.77,38.5803354241406,-122.41880055485383
48.77,38.5774675850404,-122.41890557454379
48.76,38.57683267595126,-122.41687360510218
48.76,38.57628009939809,-122.41694667053011
48.75,38.57675741984632,-122.41597335994737
48.73,38.576647728148544,-122.41562103129404
48.71,38.5776177949331,-122.41760942120659
48.71,38.577195731949374,-122.41913740648373
48.7,38.57978083798785,-122.42046770092614
48.7,38.574116938916795,-122.42068302504182
48.7,38.57340207086858,-122.41979195346066
48.69,38.57776560977931,-122.41520057942385
48.69,38.57738004163043,-122.41865812819934
48.67,38.580266039175335,-122.42165122539663
48.67,38.57650380421248,-122.41930317295656
48.65,38.57879751667826,-122.42089822182189
48.63,38.57571184045074,-122.41638777231013
48.62,38.576330359906116,-122.41857903369464
48.61,38.57626235067253,-122.418298657117
48.57,38.57982123178763,-122.42134242054692
48.55,38.575619340974264,-122.4146948995024
48.54,38.579585369407745,-122.41924868197361
48.52,38.57538225188772,-122.42154679977693
48.51,38.57753819514782,-122.4193237810143
48.5,38.579598731244644,-122.4224496422239
48.47,38.576800455895686,-122.41698586740974
48.46,38.57543353510991,-122.42121807377814
48.45,38.57545514076374,-122.42133438947164
48.45,38.57341035701918,-122.42038893337062
48.43,38.58003719030741,-122.42095727303203
48.41,38.57698751109608,-122.4181927298141
48.4,38.57336549893097,-122.42038555258259
48.38,38.579979893371046,-122.41812000331235
48.38,38.57643713640155,-122.41569692307897
48.35,38.576614318007444,-122.41847427193754
48.34,38.577087839988664,-122.41797090966335
48.33,38.57711856576935,-122.41750299641762
48.3,38.57685153834656,-122.41743700400612
48.28,38.576724379731715,-122.41940007789663
48.25,38.57656603698156,-122.41738108940567
48.24,38.57795276854687,-122.41368927950337
48.21,38.57779528972177,-122.41902202213413
48.18,38.57894514798236,-122.41946422423835
48.18,38.578606565837276,-122.42055121945765
48.17,38.580079869962226,-122.42120134904891
48.17,38.57955983896951,-122.41999226655848
48.17,38.57533266978533,-122.42145131246802
48.16,38.57668898742111,-122.41744769620495
48.15,38.57981782315152,-122.42219089897701
48.13,38.57639778745822,-122.41906580642721
48.12,38.579942219234596,-122.42086982701474
48.08,38.577701225426324,-122.41949663440035
48.07,38.57663702953942,-122.41623954677985
48.06,38.57909117012204,-122.41806450664549
48.04,38.57952220054565,-122.42060877471353
48.03,38.57689769586394,-122.4185759067119
48.03,38.576875075644786,-122.41828747880491
48.0,38.57531554106838,-122.41619736291175
47.99,38.57991603572011,-122.42201479450743
47.99,38.5789891595775,-122.42064887630522
47.99,38.57654129159152,-122.41713837858018
47.98,38.57959333075384,-122.41907724140981
47.96,38.57359259801096,-122.41976043765403
47.94,38.57759207586126,-122.41913286775511
47.94,38.57705908517288,-122.41897801238599
47.92,38.57672704382157,-122.41720971584589
47.88,38.57773726474478,-122.41891442775437
47.88,38.57715136449727,-122.41718433569537
47.86,38.57532667959322,-122.41595735909715
47.85,38.57482553594813,-122.42132133315931
47.8,38.5803304333128,-122.42162167244797
47.8,38.57660857948596,-122.41821005493982
47.78,38.57940672353969,-122.422125490719
47.78,38.57733031449602,-122.41701431208226
47.78,38.575038307272926,-122.42100478231715
47.74,38.58064895119214,-122.41864067064314
47.74,38.577223090149246,-122.41738471190673
47.73,38.5769349731198,-122.41932419706357
47.7,38.579514344168444,-122.42039026472239
47.7,38.576509506396796,-122.41762914624277
47.69,38.57972004596627,-122.41886887282274
47.69,38.57943676831547,-122.42225391898586
47.69,38.5769413419387,-122.41918704967526
47.68,38.57931270289744,-122.42240513379012
47.68,38.57551380166552,-122.41464107824113
47.65,38.57725911870167,-122.41680250680774
47.65,38.57685195533416,-122.41568228718975
47.65,38.57377771454828,-122.42023312510862
47.64,38.57626375544185,-122.41458285600729
47.61,38.57776934785511,-122.4172538283103
47.59,38.57736041258788,-122.41694776523074
47.57,38.5789561389841,-122.41980913065579
47.57,38.576780343245915,-122.41722519987238
47.56,38.58004923842493,-122.42127932562126
47.53,38.57967094751434,-122.42089525327451
47.53,38.57563251185463,-122.41479910996202
47.52,38.57971021346656,-122.41811115181116
47.52,38.57928320582194,-122.42032696366755
47.52,38.57769127248665,-122.41486237798432
47.52,38.57636310536444,-122.41632213554296
47.52,38.573507709079585,-122.41945586239962
47.5,38.57669235970486,-122.41873246824181
47.49,38.57666279137679,-122.41878758472336
47.49,38.57498437018123,-122.42139064976008
47.48,38.5763484505679,-122.41799548522846
47.48,38.57431615026891,-122.41542251692769
47.46,38.57972666324095,-122.41775683995571
47.46,38.57674759232255,-122.41734889085807
47.46,38.57350384061134,-122.42012073757166
47.43,38.57579868824835,-122.41509834163439
47.42,38.573258952934,-122.42015962399377
47.41,38.57716322951473,-122.41828625233586
47.4,38.57994194434688,-122.42184470693897
47.4,38.5761813762316,-122.41480603030581
47.39,38.57931907565531,-122.42226798258184
47.38,38.57675463048211,-122.41874862940038
47.37,38.57742282360627,-122.41637901489294
47.37,38.57590757982304,-122.4166318906345
47.37,38.57360927278509,-122.42056448267626
47.36,38.57813544909852,-122.4179007423649
47.34,38.575834315773676,-122.4184040324917
47.33,38.57934280403482,-122.42233858782292
47.32,38.57770476114065,-122.41806326706049
47.32,38.57670686197106,-122.41551079534175
47.31,38.579894487007124,-122.42170349552919
47.31,38.57584888207282,-122.41712062703695
47.31,38.57395772948036,-122.4200402597068
47.3,38.579345571501484,-122.42189149302405
47.3,38.575580886446055,-122.41668756526528
47.3,38.573389332632246,-122.42006623445975
47.29,38.57645711116335,-122.41604249382044
47.28,38.57752137199588,-122.41697135922844
47.27,38.5777146431724,-122.42250254008397
47.26,38.57959349600564,-122.4204306395331
47.26,38.57750081802264,-122.41896542405603
47.23,38.57871486211016,-122.42015796022756
47.23,38.576277591384724,-122.41855211996243
47.22,38.581658557850986,-122.42055191046961
47.22,38.58074212612892,-122.41954231795096
47.22,38.5806045730488,-122.41882083883367
47.22,38.57954766974861,-122.42199848683838
47.22,38.57930803613046,-122.42211804902463
47.2,38.579817935197006,-122.42180094793581
47.2,38.57634400792065,-122.41886678335783
47.18,38.57644096431838,-122.41736019848224
47.16,38.57759266180465,-122.4167932245114
47.13,38.57812804431294,-122.41340427701738
47.1,38.58050933407142,-122.42164663155766
47.09,38.576479407991044,-122.41769569201516
47.09,38.57328846996133,-122.4202994687339
47.07,38.579365804277515,-122.41932388875101
47.06,38.575748742069734,-122.41656258310375
47.03,38.576243604347454,-122.4150171551595
47.03,38.575790463734464,-122.41643956905374
47.0,38.578155384223,-122.42037957891236
47.0,38.57613485857904,-122.42143150619388
46.99,38.577293990037155,-122.41876633402241
46.97,38.57776857475013,-122.41824011138506
46.97,38.57500703757538,-122.42148410754005
46.96,38.57615256840326,-122.41833626090157
46.96,38.57622848430012,-122.41650696658975
46.95,38.582152262507364,-122.41961420050652
46.95,38.57984862245828,-122.42152799618975
46.95,38.57931510763277,-122.41944623046683
46.94,38.57369012151379,-122.42018064998018
46.93,38.577778868144435,-122.41491485040366
46.92,38.576242673249645,-122.41445511128308
46.91,38.579334381126884,-122.42038816796868
46.89,38.577086440735116,-122.41722532079818
46.86,38.57924157381562,-122.42199834430119
46.86,38.577662890392965,-122.41663794764413
46.86,38.57484441926237,-122.41548523301861
46.85,38.58010418461017,-122.42106554891552
46.85,38.576510132387604,-122.41722778245938
46.83,38.576057979266224,-122.41436092377695
46.79,38.575965607253124,-122.4167394804976
46.79,38.575567312910614,-122.42027625480077
46.75,38.576650495714986,-122.41730716958682
46.73,38.57727851175224,-122.41735448005734
46.71,38.57724580841978,-122.41728320235644
46.7,38.57777471271465,-122.41461634093116
46.69,38.57696160821127,-122.41836281245045
46.68,38.58062511903611,-122.41896002173533
46.67,38.57949894831543,-122.42072171533249
46.66,38.57774822122784,-122.41732105125335
46.66,38.57740739295363,-122.41690542809398
46.65,38.5800814079908,-122.42136203719966
46.65,38.578514612344954,-122.41904182303455
46.64,38.576328384842604,-122.41803984887002
46.63,38.575682670143884,-122.42108776099451
46.62,38.57353654239399,-122.42019201244224
46.6,38.57739826181637,-122.41962289879875
46.57,38.57600670544428,-122.41701782743972
46.56,38.577066893803305,-122.41939148360204
46.55,38.579829924640514,-122.42231797491155
46.54,38.57998775212624,-122.42221518261834
46.53,38.579410878569995,-122.42048568924393
46.49,38.578733544419634,-122.41936799146198
46.47,38.57599426258657,-122.4182555205975
46.47,38.57378625851893,-122.4198553106629
46.46,38.58059745691124,-122.42168768488662
46.44,38.574410294800714,-122.42095744385334
46.43,38.577759728858375,-122.41978777044064
46.42,38.58044892168739,-122.41868294375266
46.41,38.579273630148435,-122.42247100313925
46.39,38.57955330003605,-122.41877602096287
46.39,38.57711576727748,-122.41814504845902
46.39,38.57649783356284,-122.41788058223298
46.39,38.57615570298123,-122.41846265413015
46.38,38.58012132004457,-122.42205321329952
46.38,38.576627132885775,-122.4156768248494
46.36,38.57868672584623,-122.42076370811796
46.36,38.57577758743395,-122.42137016610542
46.35,38.576569360193545,-122.41886082665452
46.35,38.575127666258105,-122.41617174491361
46.34,38.57665831046476,-122.41772063895986
46.29,38.57454391310182,-122.42060052191243
46.26,38.579353439127345,-122.42017168735113
46.25,38.58018269527736,-122.42150730757666
46.24,38.58232484652596,-122.41958133056951
46.24,38.576275418260636,-122.41665959669442
46.21,38.57642774827334,-122.41745095385618
46.2,38.576504530352075,-122.41637866290525
46.19,38.579462564351196,-122.4224737816587
46.18,38.57563834302307,-122.42107295078884
46.17,38.57391165350535,-122.42064461535952
46.14,38.57676013380183,-122.41785446828055
46.13,38.577071774718355,-122.41676545692927
46.13,38.57628125340515,-122.41653387885049
46.11,38.57942827126971,-122.42243678755665
46.11,38.57442202634847,-122.42051105529464
46.11,38.57377574575549,-122.41969396033596
46.1,38.57889975908957,-122.41947227261248
46.09,38.5746664429692,-122.41602232371466
46.08,38.57968897809607,-122.42244497855764
46.08,38.57457208655456,-122.41553353753487
46.07,38.58223141454842,-122.41965457632062
46.07,38.5774032916694,-122.41854518993088
46.07,38.57684111243439,-122.41901893146206
46.06,38.57395343132182,-122.42032664732375
46.04,38.57780031444775,-122.4179443066066
46.03,38.57697144118138,-122.41912050422343
46.02,38.57765997944716,-122.41980319048973
46.02,38.57648708958455,-122.42063230224157
46.01,38.57806752110658,-122.41936367295042
46.0,38.57990203092035,-122.42115353254958
46.0,38.57691225314766,-122.4194257053294
45.95,38.5767772544575,-122.41690383719053
45.94,38.578701165594026,-122.42006517401774
45.94,38.57771014546576,-122.41969228081885
45.94,38.577018041836766,-122.4185046921358
45.93,38.578691921985495,-122.41910106229976
45.92,38.57967530223341,-122.4204138676413
45.92,38.5792523577434,-122.41924652267866
45.91,38.580588422562165,-122.41800528463789
45.91,38.573552310469516,-122.42043403711473
45.9,38.57794120768947,-122.41801226767258
45.9,38.576953017691594,-122.41893561268412
45.89,38.5766492416886,-122.41810989848814
45.89,38.576657827976454,-122.41753710009831
45.89,38.57651785067055,-122.41803118579614
45.88,38.57739778246586,-122.41943935838397
45.88,38.57715806998822,-122.41781563516881
45.84,38.576073415505455,-122.41829589070066
45.82,38.58016204159413,-122.4217580782621
45.82,38.57993626957455,-122.42138550234006
45.82,38.57900921465524,-122.41866620331992
45.82,38.577913513093186,-122.41899652406144
45.81,38.580236469363136,-122.42170634308452
45.81,38.577031549703406,-122.41724412368603
45.8,38.57555282714127,-122.41477017269466
45.79,38.57821030782953,-122.41822751889178
45.75,38.58017627877415,-122.41990109939734
45.74,38.57697616699872,-122.4192126119668
45.73,38.57858451294211,-122.41811808461414
45.72,38.5776134768255,-122.4200290666268
45.72,38.57750029264088,-122.41684361182779
45.71,38.57685568681049,-122.41773550894169
45.68,38.57646082404552,-122.4159624912769
45.68,38.57446969425154,-122.4198724095761
45.67,38.57929933890858,-122.41920418617535
45.67,38.57763930647611,-122.4181156806704
45.66,38.577398560874336,-122.41631984224011
45.66,38.57620958206917,-122.41827174361481
45.64,38.579667761935326,-122.42096382937498
45.61,38.57709347790776,-122.4164918361868
45.61,38.57661002237345,-122.41662745542749
45.59,38.57680098018775,-122.4191076586314
45.59,38.575866132423734,-122.42178971669229
45.58,38.58005002212697,-122.42223134782333
45.55,38.581818399690505,-122.42079335563173
45.55,38.57981299715323,-122.41861208142373
45.55,38.57623259814438,-122.41467226089601
45.55,38.57438348573846,-122.42056549310576
45.54,38.57545382913555,-122.41612749678653
45.5,38.57991684008731,-122.41909015338754
45.5,38.57762462376325,-122.41978905669176
45.43,38.574081209058036,-122.4200954394554
45.42,38.581032191867074,-122.42027529687998
45.39,38.579046597822966,-122.42096287679924
45.38,38.57845468532614,-122.4201383488767
45.38,38.57329951276924,-122.42044938959654
45.36,38.579889287695316,-122.42142783764777
45.36,38.57856881893905,-122.41961936847689
45.35,38.577680628329325,-122.41955242740782
45.33,38.57581766702571,-122.42147640637357
45.3,38.57569650341018,-122.41652424226464
45.28,38.574967011766965,-122.42118290604495
45.27,38.57688500763163,-122.41652200969835
45.27,38.57344857209655,-122.41956609005439
45.26,38.58017844730447,-122.42159874293078
45.26,38.579226075529284,-122.41884311589988
45.23,38.57626065974279,-122.41872287677391
45.22,38.58249695202385,-122.41936490704063
45.22,38.57837475574119,-122.41468446170009
45.22,38.577654295547156,-122.41934399973395
45.21,38.577478290948676,-122.41615381187063
45.21,38.57508285303346,-122.41597340271655
45.19,38.57720939124205,-122.41729192792928
45.17,38.57939733260943,-122.42174629470786
45.17,38.57866347356307,-122.42087664738534
45.16,38.577283274345724,-122.41938485263073
45.16,38.57425702907632,-122.41979904022391
45.15,38.57656941016065,-122.41866585932318
45.14,38.58003372321848,-122.41812405952712
45.08,38.57731965613069,-122.41743786274814
45.08,38.57643454972582,-122.41769231253126
45.08,38.57387109434608,-122.4203548471903
45.04,38.58029465727597,-122.4212290126746
45.04,38.57530161958939,-122.41475125849735
45.03,38.576813764737636,-122.41650517463596
45.02,38.57710421787151,-122.41994480700349
45.02,38.576442119858555,-122.41694740605662
45.02,38.57452214778496,-122.42106909196922
45.0,38.578718682520666,-122.41968800982335
45.0,38.57565357154417,-122.41938819475124
44.99,38.576783383010465,-122.4177415306121
44.99,38.57581642153792,-122.41820771517668
44.98,38.57980440526301,-122.42112323331847
44.98,38.57701688053541,-122.41891748719873
44.97,38.57668159343246,-122.41954594919989
44.96,38.579914386305006,-122.42224405836494
44.96,38.577282109813375,-122.41979764883736
44.95,38.57796744635074,-122.41414914984384
44.95,38.577585073547745,-122.41967138534605
44.94,38.57366070680986,-122.41965088604634
44.93,38.57710128977352,-122.41903853764371
44.9,38.5798016464718,-122.41963200320077
44.9,38.575421800403056,-122.42166446817642
44.89,38.57548918543336,-122.41614162827835
44.88,38.579271944364095,-122.4190186124293
44.88,38.5771464739231,-122.41981036413901
44.88,38.57505205678967,-122.42090260103353
44.88,38.57453159670273,-122.42125330102483
44.87,38.57958147594697,-122.41797528813986
44.87,38.57812429144964,-122.41367925433302
44.86,38.580224842701455,-122.42176281371266
44.85,38.57607261186169,-122.41501574849174
44.84,38.58037151837898,-122.42190003804465
44.83,38.576443456161385,-122.41575474341593
44.81,38.57988705278624,-122.42186350669468
44.81,38.57803322687191,-122.41932668101701
44.81,38.57679529314021,-122.41864847311442
44.81,38.57617121258692,-122.41541311351007
44.8,38.57684584472268,-122.416977817521
44.8,38.575777162570446,-122.4145920945854
44.8,38.573735353630056,-122.42075748013248
44.79,38.58138479220806,-122.42004954560109
44.79,38.579664661928966,-122.42258077726407
44.79,38.57982694322028,-122.41772998748755
44.78,38.57881232829873,-122.42077317680265
44.76,38.580617103690415,-122.42126479381763
44.76,38.57511802662294,-122.41676738947781
44.75,38.576371672339924,-122.42195398842931
44.72,38.574123839766045,-122.42053445484237
44.7,38.57732674248642,-122.41864264294861
44.69,38.57993668988901,-122.4217640248129
44.69,38.577587450650384,-122.41865081904996
44.68,38.578616055657605,-122.4164688931728
44.66,38.575264938612236,-122.41592977203693
44.64,38.577845781359386,-122.41967956531812
44.64,38.5760926552618,-122.42137098055738
44.64,38.57568556113224,-122.41811757463493
44.63,38.57463506242605,-122.4211578833458
44.62,38.57667268332985,-122.41721708973873
44.61,38.580755018616856,-122.41868307275048
44.61,38.57949146124523,-122.42107670071614
44.61,38.577460692420786,-122.41692091210552
44.61,38.573833136643735,-122.42020289668531
44.6,38.578856070511044,-122.42099439006206
44.6,38.57724622333135,-122.41979494412622
44.6,38.5742537006025,-122.41618620590285
44.59,38.579225279414814,-122.42176772958831
44.59,38.574445277809716,-122.42039812238275
44.57,38.577374303732576,-122.41839390840832
44.57,38.574197360941696,-122.41992069713828
44.57,38.57338417851105,-122.41959564280295
44.56,38.57752527106793,-122.41611147411935
44.56,38.57660206255867,-122.41893210425232
44.55,38.576628717738515,-122.4218472110955
44.55,38.57597825183235,-122.41452695333888
44.54,38.578314252951195,-122.41831563528135
44.54,38.57543778234791,-122.42112664438149
44.53,38.57821165938051,-122.41703482842368
44.52,38.58052037402506,-122.42179656764702
44.52,38.57427332857782,-122.4200296388438
44.51,38.57586409790273,-122.41524089238939
44.49,38.58002937778434,-122.41860544881835
44.48,38.57753245880714,-122.41905956076404
44.47,38.57642321057745,-122.41871218742804
44.46,38.57729857727111,-122.41731011563695
44.44,38.58030395200367,-122.42005982644787
44.44,38.57450611151276,-122.41986368550539
44.43,38.574168802114464,-122.4201479148267
44.42,38.57716926020994,-122.41738065665125
44.4,38.58090966750967,-122.42058720856635
44.4,38.5785337241388,-122.41416884785991
44.4,38.57725284666338,-122.41868295071332
44.39,38.57453377379834,-122.42101262556938
44.38,38.57966280046945,-122.4177749668963
44.38,38.576264183842525,-122.41728953705115
44.37,38.57760114969465,-122.41661035888175
44.36,38.57991529889216,-122.41892946528503
44.36,38.578758284561104,-122.41961071001596
44.36,38.57493808023635,-122.42083666664713
44.36,38.57374910280001,-122.42065530060233
44.35,38.577381171401626,-122.42037856563663
44.35,38.574183663802856,-122.41982791689645
44.34,38.57613717621332,-122.41653449579123
44.33,38.57940237442631,-122.41873023915393
44.32,38.579922239098686,-122.42246256937275
44.32,38.578783181522006,-122.42120681044985
44.32,38.57761830610299,-122.41973123527114
44.3,38.57780956851892,-122.41890840730665
44.3,38.57635775572382,-122.41876459961277
44.3,38.574611863841206,-122.42107585468251
44.29,38.58061874997392,-122.41909717618076
44.29,38.57613192250054,-122.41858701935226
44.29,38.57607084371336,-122.41582990170548
44.29,38.575100134299866,-122.41870424471045
44.29,38.57489831652919,-122.42149884873082
44.28,38.57702112765607,-122.41669282809862
44.28,38.573424790798384,-122.4196904501844
44.27,38.57832459416841,-122.41479537640834
44.27,38.57613597526103,-122.41714225313551
44.27,38.574845785807035,-122.4164257629837
44.26,38.57427120333949,-122.41580906253681
44.25,38.57946432619892,-122.42185457020538
44.25,38.576010418956784,-122.41693782552522
44.24,38.57723065789539,-122.41877303068175
44.24,38.576767484261374,-122.42196089366267
44.23,38.57571859790228,-122.41682409414969
44.22,38.57916949113165,-122.42122446623166
44.21,38.57612623308485,-122.41812783792369
44.2,38.578313741007314,-122.42026535496977
44.2,38.574965472657745,-122.42102222933885
44.19,38.57755757603698,-122.41987575569289
44.19,38.573806700601715,-122.42038439933658
44.18,38.57729896337616,-122.41788359523376
44.18,38.57705672884628,-122.41786534494439
44.17,38.57483848871114,-122.42026719826457
44.17,38.57438522790754,-122.41568002654655
44.16,38.574813963608214,-122.42118283765397
44.14,38.578035796766486,-122.41752622204018
44.14,38.57771024830893,-122.41930234024554
44.14,38.57743107754859,-122.41717099999609
44.14,38.57736031777006,-122.41733770483503
44.14,38.57717504851863,-122.41744990665674
44.14,38.57582352565034,-122.414951117674
44.14,38.57533768229159,-122.41630224873734
44.13,38.5792227890516,-122.41930164076238
44.12,38.579386503445654,-122.41887814455696
44.11,38.57867074380735,-122.42130155646697
44.09,38.578915155188945,-122.42107912922798
44.07,38.579826431321194,-122.42161807818387
44.07,38.57983657496614,-122.42120594454467
44.05,38.57680686824509,-122.4187869724294
44.05,38.576614030824615,-122.41751086283058
44.05,38.57356520328162,-122.41957487882001
44.04,38.57951402384973,-122.41962179370746
44.04,38.57794612822624,-122.41732449157574
44.03,38.57790083440075,-122.41694259873958
44.02,38.57886599506961,-122.42136215417923
44.02,38.576497536838396,-122.41905038540565
43.99,38.57650983478651,-122.41626437354142
43.99,38.57379661502967,-122.4206015394796
43.97,38.57617687924831,-122.4182004666815
43.96,38.57789563006721,-122.4143387177463
43.94,38.577291816908804,-122.41900701934478
43.91,38.57903943270278,-122.42014801791099
43.9,38.57531452552787,-122.41602525596738
43.89,38.57816600117471,-122.42015099644038
43.89,38.573479579629534,-122.4200615672663
43.88,38.57545590535667,-122.41627674650827
43.85,38.57431924824459,-122.42001016248132
43.84,38.58151345152033,-122.42231876992489
43.84,38.578149739965546,-122.41313065033593
43.84,38.57697181412914,-122.41542752754393
43.83,38.58109387774959,-122.42049786966838
43.83,38.579022337634825,-122.42090370146622
43.82,38.5768979403721,-122.41760106492359
43.82,38.57651075411534,-122.41895963038657
43.8,38.5777527760836,-122.4201313186099
43.8,38.577273720638864,-122.41959057460471
43.79,38.57695568339668,-122.42081672061687
43.79,38.57469833297497,-122.41940795984272
43.78,38.579038795617,-122.42054939463259
43.77,38.575907717153655,-122.41604699259621
43.77,38.57526851535984,-122.41643466374559
43.76,38.57954407144978,-122.41975022144855
43.74,38.57930395512833,-122.42162456076011
43.74,38.57621810333715,-122.41576070993217
43.74,38.57483413695402,-122.42074855155332
43.72,38.5782649480355,-122.4191835763405
43.72,38.57656434926378,-122.4178053112734
43.72,38.575715991954425,-122.41668627275156
43.67,38.58122133109069,-122.42143651800608
43.67,38.579551126337606,-122.41901671385598
43.67,38.574942047142024,-122.41551552185874
43.64,38.57922470422795,-122.42003582101613
43.63,38.57934011396097,-122.42065239462453
43.63,38.5773735723589,-122.41918521548683
43.62,38.57988774972638,-122.42126714993724
43.62,38.57919104136623,-122.42153576204467
43.62,38.57770862069136,-122.41739835148122
43.61,38.58186442767238,-122.42038391556397
43.61,38.57984931765656,-122.4209316395459
43.61,38.578232738428206,-122.41716257714737
43.6,38.58055785343773,-122.42176498524704
43.6,38.579631962149506,-122.42250949505808
43.6,38.57535942891065,-122.41583366967564
43.58,38.578880330661214,-122.42105356527651
43.57,38.57930761672635,-122.42173953000363
43.57,38.579142942100525,-122.42179592911859
43.56,38.57796199704429,-122.41717658852897
43.56,38.57578172612052,-122.42166866560295
43.55,38.57403528938462,-122.42011491571499
43.52,38.580398976605366,-122.41995229447586
43.52,38.57384433429798,-122.41976793969158
43.51,38.57521238976344,-122.41492803914468
43.5,38.579286707294216,-122.42102685594352
43.48,38.57743675052753,-122.41976342784228
43.47,38.57643748892071,-122.41859857464429
43.46,38.57940560509037,-122.42234332364033
43.45,38.5775622760544,-122.4180295933915
43.45,38.574404455142165,-122.42108315751331
43.44,38.57935030682071,-122.42004528861523
43.44,38.57783691258634,-122.41928894787374
43.44,38.5746646316979,-122.42110276943302
43.43,38.58116517332081,-122.4203197306382
43.43,38.577918820246154,-122.41888223296138
43.42,38.5796617567124,-122.42167447785211
43.42,38.57886982040898,-122.420892203423
43.42,38.575590480489126,-122.41628688198674
43.42,38.57475487863716,-122.42109810365467
43.38,38.57660524805799,-122.4167303159372
43.37,38.58042880470584,-122.41892228738197
43.37,38.57420734253444,-122.42009347691754
43.36,38.57607485870265,-122.41671330313338
43.36,38.574286815761695,-122.42090226234924
43.35,38.57929950308733,-122.4205575785774
43.35,38.57912283143979,-122.42009695791067
43.35,38.57503782966315,-122.4208212481902
43.34,38.58071137648878,-122.42194860480963
43.34,38.57423925004052,-122.42115098413029
43.33,38.57724642803301,-122.41901506794974
43.33,38.5763774579575,-122.42202323770545
43.31,38.5776799196049,-122.41821049326391
43.31,38.57512319153397,-122.4213093656387
43.3,38.58140315952165,-122.42042942893681
43.3,38.58077970846864,-122.41912077688417
43.3,38.57934164529072,-122.41887476398641
43.3,38.575880284301455,-122.41818958919781
43.28,38.578013742439445,-122.41916464493728
43.28,38.57655856112547,-122.41773606185954
43.27,38.57981613096136,-122.41873848109822
43.26,38.580184121121555,-122.4220579490002
43.25,38.579730929798004,-122.42154206098832
43.25,38.57427482636792,-122.41611898570181
43.23,38.58075632908201,-122.41768531947532
43.22,38.58108899104089,-122.42099069434083
43.22,38.574706835259285,-122.42116329362422
43.21,38.58009468034736,-122.41913796488471
43.21,38.576386793349734,-122.41872091221195
43.2,38.57802754126315,-122.4188674876845
43.19,38.5799372560791,-122.41768095203425
43.19,38.579284363449716,-122.42185246979695
43.19,38.57898299091816,-122.42194443827702
43.19,38.578920200171524,-122.42000139927225
43.19,38.573945093949355,-122.41992462284512
43.18,38.57721627803853,-122.4192765827017
43.18,38.5739567193887,-122.41986815663753
43.18,38.573444172248514,-122.4202423929754
43.17,38.57644742197548,-122.4189663268823
43.14,38.57802710924473,-122.41402748139332
43.13,38.577979641764216,-122.41388627795816
43.11,38.57783172463055,-122.41455181913769
43.1,38.57640690894964,-122.41848158183114
43.1,38.574243280594146,-122.41990122071877
43.09,38.57994890292673,-122.42150114907122
43.09,38.578018739486595,-122.42022018030067
43.08,38.57924168498847,-122.42160839631651
43.08,38.57849306498125,-122.41426900945065
43.08,38.57809544609716,-122.41953781446618
43.08,38.577150510877814,-122.4204988069353
43.07,38.57543295016379,-122.42142446618607
43.06,38.5759772321987,-122.41881620836408
43.05,38.57856393720432,-122.42011217631787
43.05,38.577119073624246,-122.41535833426516
43.04,38.57781898104657,-122.41715434553873
43.03,38.576258673423744,-122.41605048648833
43.02,38.574356853568574,-122.41512739964239
43.0,38.57697337945533,-122.41772143785077
42.99,38.58055048497442,-122.41979167224594
42.99,38.57811487243146,-122.41330006298733
42.99,38.57755682093211,-122.41872879432873
42.99,38.57551210175675,-122.42146483926743
42.98,38.57503282471337,-122.41549942032982
42.97,38.57712850204212,-122.41787075241469
42.96,38.57868168231495,-122.4199031363282
42.94,38.57806210989593,-122.4198679066119
42.93,38.57564576862577,-122.41451338920183
42.92,38.577921573802705,-122.41843514533434
42.92,38.57560097065276,-122.42071460316185
42.91,38.58109711664216,-122.42023431283073
42.89,38.57433087374541,-122.41995369600514
42.88,38.57784959942713,-122.41920962034948
42.88,38.57394302218434,-122.41977537671745
42.86,38.57404723661001,-122.42082686158555
42.84,38.579902332523545,-122.41804534236556
42.84,38.57497298055177,-122.41640093674069
42.82,38.5791714334433,-122.41788704548344
42.82,38.575430826437575,-122.42147018086112
42.82,38.57356823429874,-122.42009118527353
42.8,38.57641451638062,-122.42161315320044
42.79,38.57835132491005,-122.41984382871259
42.79,38.576140749889866,-122.41703939336531
42.78,38.575884862240095,-122.41673339861416
42.77,38.57849646322613,-122.41982036055634
42.77,38.57378843254572,-122.41961463732218
42.76,38.58144488579148,-122.42030640830748
42.76,38.581160341472305,-122.42061757647718
42.76,38.57935023881736,-122.42217857799122
42.76,38.575737508510755,-122.4171925189221
42.75,38.57924952509998,-122.41795027607714
42.75,38.57825511646999,-122.4184258709225
42.75,38.57669940607113,-122.4179989889224
42.74,38.577602740492246,-122.41870931646405
42.72,38.57863284234098,-122.42095462265343
42.7,38.58118102874209,-122.4221101865207
42.7,38.577475888197,-122.41736934936678
42.7,38.57588437805101,-122.41654986155548
42.67,38.577017176539336,-122.41774767539877
42.67,38.57466499826237,-122.41973803664592
42.66,38.57789366774037,-122.42019928376524
42.65,38.57977467939987,-122.41982495039893
42.65,38.57947547732802,-122.42161455483836
42.65,38.57911919543972,-122.41784870160792
42.64,38.57718261555431,-122.41883822441656
42.62,38.57609810675416,-122.41660036601738
42.61,38.5770113883984,-122.41767842554404
42.61,38.576394653568116,-122.41893941282164
42.61,38.575921554889035,-122.42175948882948
42.6,38.576983894448354,-122.4178827954586
42.59,38.578540234453115,-122.4179083025504
42.58,38.574588924868564,-122.41575270855922
42.57,38.57962427734634,-122.42170605996291
42.55,38.57533052552399,-122.4152924640159
42.52,38.58053572669453,-122.41972174267683
42.52,38.57977740679205,-122.4174395198748
42.52,38.573704023523476,-122.41949359231965
42.5,38.57908914562744,-122.41772027519801
42.49,38.57972321418261,-122.42267694796008
42.49,38.57859642501595,-122.42096334641555
42.46,38.578047173515735,-122.41631135101905
42.45,38.575560651382425,-122.41518363651167
42.44,38.57978683593624,-122.41975705030086
42.44,38.579392773665546,-122.4210692604344
42.44,38.577417044118874,-122.42231953289209
42.44,38.573756055727195,-122.42031177179442
42.43,38.577981207604665,-122.42044673345023
42.39,38.579172731153946,-122.42096091668202
42.37,38.5792037298165,-122.42145643362893
42.36,38.580166820696974,-122.42165521353796
42.35,38.575984356041666,-122.42176422356356
42.34,38.58056428614998,-122.41949450484994
42.34,38.57580076573898,-122.41524759220049
42.33,38.576971739171654,-122.41795069340576
42.33,38.5767521960532,-122.42190239645029
42.32,38.57690165435511,-122.41752106209798
42.31,38.57828159958953,-122.41804938401945
42.31,38.57363548509995,-122.41922465411932
42.29,38.57917655502084,-122.42049096370555
42.29,38.575768379572864,-122.41827290815371
42.29,38.574621472554135,-122.42067517916875
42.28,38.58175043011011,-122.42225635390325
42.28,38.58007344906788,-122.41959514270322
42.26,38.58072269410723,-122.41918529712338
42.26,38.580074083284245,-122.41919375979626
42.23,38.57617350817445,-122.41458752988763
42.22,38.57897790135174,-122.4193405308121
42.21,38.573463330983955,-122.41963601252169
42.2,38.581483002014856,-122.41987343422261
42.2,38.57594002579351,-122.41554479867153
42.18,38.57927431748753,-122.41799802144166
42.17,38.57897147528881,-122.42161096137539
42.17,38.5779379949683,-122.42021409407408
42.15,38.580798876593136,-122.42045269095456
42.15,38.577780050431656,-122.41876855390852
42.15,38.57450297824884,-122.41973729530987
42.13,38.579787101432565,-122.42072049984347
42.13,38.5756700726678,-122.41670575158119
42.11,38.580659565322335,-122.41841207960776
42.11,38.57725620457566,-122.41996773130376
42.11,38.5757203375774,-122.4183381010429
42.1,38.580932334993804,-122.42068067410997
42.09,38.579337459452205,-122.42070954113657
42.08,38.5788232609347,-122.42131305529406
42.07,38.57747784094172,-122.42004178147272
42.05,38.57956306923354,-122.42166703670705
42.05,38.576729636104695,-122.4194807564016
42.05,38.57631465683608,-122.42201850267932
42.05,38.57523846343311,-122.41630624482843
42.04,38.57614960097268,-122.4152967977165
42.03,38.57969132647997,-122.42161936056306
42.02,38.57914252367987,-122.41947910020757
42.01,38.57910658013934,-122.42160967883339
42.01,38.5787911455976,-122.4210353723503
42.01,38.57870567699062,-122.42093717510893
42.0,38.57478700800071,-122.41497629074382
41.98,38.5808815809314,-122.41905963740764
41.97,38.57566411285536,-122.41508820829804
41.96,38.57793049559198,-122.41863079243535
41.96,38.57775285187317,-122.41780310160331
41.96,38.57544468395817,-122.42097807157084
41.96,38.57458807036149,-122.4192620280943
41.96,38.574426428425525,-122.41983474336247
41.95,38.57924598782679,-122.42132198807133
41.94,38.579585204945595,-122.42177193000563
41.94,38.5762446962408,-122.41712750524346
41.94,38.575876967054164,-122.42078128212276
41.93,38.575514288933924,-122.41482461469293
41.92,38.57515785357209,-122.41571527146675
41.91,38.57606975011591,-122.4181809264354
41.91,38.574156114937594,-122.420227238116
41.9,38.57741992046977,-122.4195442479864
41.9,38.57434022016346,-122.42052782655193
41.87,38.57798910146978,-122.4140704963392
41.87,38.57580141402023,-122.4191126169102
41.86,38.579334837954974,-122.42251002686281
41.86,38.57795370237063,-122.41425133720747
41.85,38.58003266630222,-122.42202358926521
41.85,38.5775184524386,-122.42013659474769
41.85,38.57641342294287,-122.41775953411076
41.83,38.57984113280985,-122.4218829829257
41.83,38.57892327970078,-122.42032277069153
41.82,38.5785996105206,-122.4208947713337
41.82,38.57614112086023,-122.42168429206134
41.82,38.57618733911977,-122.41642358569646
41.82,38.57510596435439,-122.41644535841328
41.8,38.576389208871774,-122.41750539487518
41.8,38.576251015292264,-122.41718532546561
41.79,38.57644355499418,-122.42156946704694
41.79,38.576387852521,-122.41656484567721
41.78,38.58186745075631,-122.42090028141193
41.78,38.57974722453075,-122.42177267734205
41.78,38.57509849251673,-122.41893349403318
41.77,38.57787806884434,-122.41723908054487
41.76,38.57770945790782,-122.42028862043982
41.75,38.579811122392144,-122.41768291778864
41.74,38.576779234540126,-122.41744302597937
41.74,38.57656963345672,-122.42176247428603
41.73,38.5755932677467,-122.41564484231083
41.73,38.57527890366409,-122.41485276643087
41.72,38.57593631490915,-122.41989119087124
41.71,38.58090939403362,-122.42156210192056
41.71,38.57712969519057,-122.41939621646806
41.71,38.574527880359916,-122.42133330072608
41.7,38.581141974682424,-122.42023769445915
41.69,38.574343777424566,-122.42103270962505
41.68,38.5797159131925,-122.42050868414272
41.66,38.57848043245526,-122.4205531803981
41.66,38.574644831796846,-122.41590601030255
41.65,38.58158609075542,-122.42114287078061
41.65,38.57330067794761,-122.42003661658254
41.64,38.57938682340987,-122.42158493169397
41.63,38.576969183026584,-122.41761790108535
41.62,38.57855501804429,-122.41991652758898
41.62,38.57816620898803,-122.41937111054592
41.62,38.57706868475415,-122.41644409281055
41.62,38.57480844360584,-122.41587245700167
41.61,38.57710636246121,-122.41776586358777
41.6,38.57628699395123,-122.4189313002411
41.57,38.57560307350009,-122.41659748647324
41.56,38.57630816889182,-122.41420772750539
41.55,38.58196088337609,-122.42082703769192
41.55,38.580259354168085,-122.41908155902446
41.55,38.5758500372367,-122.41884103040151
41.54,38.580423118614405,-122.41846307853395
41.53,38.57946428357158,-122.42011122667938
41.53,38.57589878412539,-122.42011773781978
41.52,38.580646016189725,-122.41773435533327
41.52,38.57840799097788,-122.41474431031868
41.52,38.57649276040532,-122.41915324534135
41.52,38.57615295011795,-122.4189097307453
41.52,38.57593737419467,-122.4218065565797
41.52,38.57472180541589,-122.42045336997393
41.51,38.57787425871085,-122.41770902674214
41.51,38.575886602840136,-122.41824740915384
41.5,38.57893340952708,-122.42184894564475
41.5,38.576853033868986,-122.41779265376188
41.5,38.57402482831961,-122.41975860462877
41.48,38.57609417981731,-122.41532703084559
41.47,38.5778743748037,-122.41499085690988
41.47,38.57458057192004,-122.41535067918107
41.46,38.57801080909992,-122.41825836339751
41.46,38.57729150792421,-122.42017683412662
41.45,38.579720875296914,-122.41768758745917
41.45,38.57846894285392,-122.41808643820042
41.44,38.57809431920066,-122.41316088586599
41.44,38.57563216384974,-122.41849202004468
41.44,38.573788121605645,-122.42078439425262
41.43,38.58002131643867,-122.42110517890123
41.43,38.57813525116036,-122.41868062909015
41.42,38.57695958385698,-122.41801859132552
41.41,38.58072574868873,-122.41756831968175
41.4,38.57806541254257,-122.4172761323072
41.4,38.57730700469339,-122.41945545504082
41.39,38.58141526274942,-122.42055650764134
41.39,38.57678681553059,-122.42076958433563
41.39,38.57491044700282,-122.41522642640689
41.37,38.574082539074865,-122.42103595510913
41.36,38.57790555215563,-122.4191679606551
41.36,38.57465698512787,-122.42010442719487
41.35,38.576011385774784,-122.41730490011724
41.35,38.576046669655305,-122.41538079729139
41.35,38.57466749717311,-122.42026577951219
41.33,38.57667436633326,-122.41892608378294
41.32,38.5796174297689,-122.42165966618111
41.32,38.579096234120556,-122.4208633953006
41.32,38.57758952559296,-122.41666682860277
41.32,38.575612543443974,-122.42085310019175
41.31,38.57783927574245,-122.41380689547276
41.31,38.575905205442226,-122.41978562727819
41.31,38.575826707440925,-122.41488254454435
41.28,38.5778829464797,-122.41441804657299
41.28,38.57620779104129,-122.41908589561879
41.26,38.57980292098492,-122.42076757005124
41.26,38.57756010438243,-122.41827027981495
41.25,38.5808132501415,-122.4218874695717
41.25,38.57466032355183,-122.41945096991522
41.24,38.57898644441823,-122.41896268860089
41.24,38.57567109764452,-122.42094926382295
41.23,38.57956497556796,-122.418524574694
41.23,38.57750834768932,-122.4184154775877
41.22,38.57615847812187,-122.42189203922608
41.21,38.57366740114114,-122.42028215341634
41.17,38.5779930427971,-122.419610380435
41.16,38.580548944851955,-122.41963098282122
41.16,38.57755167382731,-122.42213471104263
41.16,38.57501461031064,-122.41666785097246
41.15,38.578831752814885,-122.4191918851108
41.15,38.57769161951168,-122.4198973277046
41.15,38.57556949027817,-122.41576920786856
41.14,38.57594250613359,-122.41840071534668
41.14,38.57592779561742,-122.41813582487693
41.13,38.57803355554356,-122.41350038609492
41.13,38.57638665125612,-122.4171726051257
41.1,38.5794292386827,-122.41892724253755
41.09,38.57944867251996,-122.42122257620447
41.09,38.577016597413525,-122.41795407311525
41.08,38.577207682882865,-122.419849384326
41.05,38.577549253116615,-122.41734046917928
41.05,38.575990187786026,-122.41543388806221
41.04,38.57594639004645,-122.415407652315
41.04,38.57578494366957,-122.41520052567745
41.04,38.575482469785335,-122.41551034259774
41.03,38.57821823833983,-122.4201893413119
41.03,38.57608559565712,-122.42016622415764
41.02,38.57816916412824,-122.4181441347191
41.0,38.57588893549102,-122.415093668368
40.99,38.57882669778148,-122.41833131032092
40.98,38.5744518022452,-122.41967609596131
40.97,38.58070032748514,-122.4179219605288
40.97,38.57983984464031,-122.42268574372811
40.97,38.578641018444905,-122.42000329428365
40.95,38.580294796547584,-122.42258242108717
40.95,38.578923962382916,-122.42166472524895
40.95,38.57721617109768,-122.41540005332793
40.93,38.57451255418083,-122.41507031178267
40.92,38.581698529569046,-122.41910974074338
40.92,38.57583911548392,-122.42023939705314
40.92,38.575733421323804,-122.42077046189286
40.92,38.57565601963281,-122.42011090967048
40.91,38.5741414081233,-122.41996235440116
40.89,38.57890140512488,-122.42118131587542
40.85,38.580158114419255,-122.41874131447724
40.85,38.57638388128991,-122.41548647281168
40.83,38.5798542903904,-122.41811053885334
40.83,38.574966265981665,-122.41576965574986
40.75,38.57955574907225,-122.41949877561845
40.74,38.58127627780357,-122.42122273806699
40.71,38.578589413699994,-122.42150187035841
40.7,38.57441912512541,-122.41514355696543
40.69,38.57608585889095,-122.41705819623634
40.68,38.577788920978186,-122.41915917118386
40.68,38.57627054185009,-122.41928559450844
40.65,38.577442380125056,-122.4204175864373
40.64,38.5798592128382,-122.4174227445023
40.63,38.5787976601891,-122.41837499926636
40.62,38.578491155090546,-122.4199346523938
40.62,38.57540198603499,-122.41879580082401
40.62,38.5736757373891,-122.42068417623092
40.61,38.578518478026275,-122.41837690066437
40.6,38.57885153963521,-122.41818408187027
40.6,38.57561108594793,-122.41836427582372
40.6,38.57535924701193,-122.41661352785759
40.6,38.57445735163626,-122.41645385120624
40.59,38.57621937358889,-122.42116262594661
40.58,38.57537526763724,-122.4180139161731
40.57,38.5818597566538,-122.42009682010848
40.57,38.57857481084209,-122.41890872916701
40.57,38.57828661584562,-122.41697166005993
40.57,38.57547910736408,-122.41635877501534
40.56,38.576268911183675,-122.41738164393092
40.55,38.575690948257254,-122.42168475928068
40.54,38.57732373100739,-122.42006457287259
40.52,38.57565443363891,-122.41587882354192
40.51,38.579980541338585,-122.42159528999645
40.51,38.577403944733774,-122.42008208780548
40.49,38.580607545987654,-122.42147052465941
40.48,38.5785416282336,-122.4186539060285
40.48,38.5756680995953,-122.41829975899735
40.48,38.57457075792356,-122.41885932374437
40.46,38.578832067004335,-122.42189865045343
40.46,38.575220344025645,-122.41475660774628
40.44,38.57645503479282,-122.41589324198354
40.43,38.5749989255365,-122.4160358941049
40.42,38.579353646962,-122.42133010507882
40.42,38.57597636812973,-122.41805920284756
40.42,38.574376211688865,-122.4158743129126
40.4,38.577170251943464,-122.41541953330055
40.4,38.57503083467105,-122.41496024366681
40.39,38.576194673241176,-122.41665351483307
40.38,38.57880526582242,-122.41956837402032
40.38,38.578677435733624,-122.41999457002285
40.38,38.57775290030231,-122.41760813084574
40.38,38.57414285802094,-122.41624666943684
40.36,38.575210578134595,-122.41593714688948
40.34,38.5777336492685,-122.4164712413288
40.34,38.575690229776704,-122.41627145709879
40.34,38.5746600132234,-122.42062074125707
40.33,38.5781593090099,-122.41951968935919
40.32,38.574111256843075,-122.4202238573384
40.31,38.57516767909241,-122.4207392866271
40.3,38.5761011928607,-122.41905492523397
40.29,38.5789871955578,-122.42010967255848
40.28,38.57776233084025,-122.41992559545416
40.27,38.575304854419116,-122.420887250509
40.27,38.574429334359216,-122.41880279360652
40.26,38.57616814824075,-122.41722495848556
40.26,38.57543168776354,-122.41602261082225
40.26,38.57528699627391,-122.41855776278435
40.25,38.575826853473245,-122.42069722331583
40.24,38.57432089196552,-122.41978091592132
40.22,38.578977056136736,-122.4205218019438
40.22,38.57786089998944,-122.42226124922975
40.21,38.57773638709129,-122.41369592751845
40.19,38.57853856215068,-122.42027083241823
40.19,38.57583580646469,-122.41662648463299
40.17,38.57858750246399,-122.41669612681926
40.16,38.57944336290539,-122.42133686928486
40.16,38.576125734581886,-122.41581109787376
40.15,38.580818616135616,-122.42157819612028
40.15,38.57826771489374,-122.42067477516206
40.15,38.576660996368474,-122.41960174143182
40.14,38.575187850947394,-122.42030499807692
40.13,38.57611260926821,-122.41551191989359
40.12,38.57750937526736,-122.42052585767314
40.12,38.57344831453811,-122.42054088302355
40.11,38.5789327289817,-122.42050699115917
40.11,38.57772050005394,-122.42043855062266
40.11,38.57499878879959,-122.41662078474008
40.09,38.57863018772541,-122.42101176857638
40.09,38.57352289685196,-122.4199042742373
40.08,38.578180385284405,-122.4196474383967
40.07,38.5761986671444,-122.42160834887659
40.06,38.57937323494237,-122.41916387806735
40.04,38.579271259313956,-122.41961496544685
40.04,38.57546632960021,-122.41896121102933
40.04,38.574196247645325,-122.41587222914808
40.03,38.57858176417469,-122.41410364956818
40.01,38.575938386223775,-122.42004044113864
40.01,38.57562345322433,-122.41518836545914
39.99,38.58162384045133,-122.42013638410576
39.99,38.57452961437978,-122.4187759437393
39.98,38.57907429983889,-122.42191691544792
39.98,38.57728120239267,-122.41923559948027
39.97,38.580131126528364,-122.42281093617567
39.97,38.577613752455704,-122.41459275201163
39.95,38.58144827582701,-122.42139628192548
39.95,38.57901023447966,-122.4207766270352
39.94,38.57945758929517,-122.42141822728776
39.94,38.57917671367742,-122.41990604130422
39.94,38.5782569884735,-122.42129330066915
39.93,38.57679597174501,-122.41805214008662
39.93,38.57476183321729,-122.42075457023884
39.93,38.57449098503179,-122.41475903634425
39.92,38.577030971467146,-122.41745052155315
39.91,38.57518375235189,-122.4155451916187
39.9,38.578660764805285,-122.42112876590647
39.9,38.57513129446771,-122.41861484329138
39.89,38.58176303155204,-122.42062860515856
39.89,38.57921879653208,-122.41841820271334
39.88,38.5755181766571,-122.41629290517018
39.86,38.579339560852475,-122.42260213756657
39.85,38.57569192836457,-122.41798042934768
39.84,38.577305861148574,-122.4177350177894
39.82,38.5778022531134,-122.4206167492606
39.8,38.57497443160846,-122.41908470682802
39.8,38.574565191985926,-122.41568210989065
39.78,38.576038290088384,-122.41944012442418
39.77,38.57518998280525,-122.41599293926706
39.77,38.57385097554274,-122.42059416821549
39.76,38.582211025186815,-122.41893044241876
39.73,38.578523113365925,-122.42079725086761
39.73,38.57846852145902,-122.41305142470013
39.73,38.57794381175288,-122.41815009321894
39.73,38.5758289566472,-122.4165800935905
39.73,38.57418335025137,-122.42099768001769
39.73,38.57375626113516,-122.41953193396985
39.72,38.576175669575605,-122.41880822330914
39.71,38.578116205780304,-122.42083539083927
39.71,38.57850823983001,-122.41238919954877
39.71,38.57487533190964,-122.42063697056116
39.69,38.58047037234673,-122.42132254761465
39.68,38.580024337285245,-122.42162153112344
39.68,38.57689266002917,-122.41538715986633
39.68,38.575704198447916,-122.41519444555611
39.68,38.57465236251094,-122.41962239864732
39.66,38.58175910385479,-122.41955015565229
39.66,38.579232318598606,-122.42297253696293
39.64,38.58011590985086,-122.4186807865847
39.64,38.57522723751757,-122.41460803381295
39.62,38.57682592274926,-122.4185704985845
39.61,38.57714407551918,-122.41889266513888
39.61,38.575255205760236,-122.419048520597
39.6,38.57901777352899,-122.42022667021116
39.59,38.57936691707097,-122.41910605523742
39.59,38.57859966429512,-122.42069979888703
39.59,38.57535611031821,-122.4164871358807
39.59,38.57439724746128,-122.41619701643751
39.59,38.57435446537132,-122.41634288555551
39.58,38.575329007437325,-122.42133634960058
39.58,38.5746517710527,-122.41556247510391
39.57,38.574462790915014,-122.4157546786694
39.57,38.573636976316585,-122.41958028731644
39.55,38.579162313297594,-122.41847129298276
39.54,38.576091600173676,-122.41732241151966
39.53,38.57332271192217,-122.42053141655863
39.51,38.57526896798991,-122.42088454544691
39.51,38.57535404292309,-122.41847106492978
39.5,38.575144944034875,-122.41444127643872
39.5,38.57427311942733,-122.42080948189455
39.49,38.575973416607944,-122.41928614128585
39.49,38.573708218619565,-122.41959712426305
39.47,38.58011276653959,-122.4224310599224
39.47,38.57717624711078,-122.41897537234307
39.47,38.5747730423432,-122.41605328881745
39.46,38.5773774404883,-122.42239682963364
39.46,38.5770194893854,-122.4169220840683
39.46,38.57613258469704,-122.41585748907417
39.46,38.57418767096025,-122.41644500908166
39.45,38.574496158203075,-122.41522963722694
39.44,38.5778698168612,-122.41858034366486
39.44,38.57663933720446,-122.42161863401896
39.44,38.57407733655329,-122.42076031947387
39.44,38.573583197116264,-122.41938127186846
39.43,38.57783766184612,-122.4204359130723
39.43,38.57481395330112,-122.41924464351816
39.42,38.57880351654535,-122.4201875812755
39.42,38.578832763057044,-122.41936399999338
39.41,38.576356602175494,-122.42111562671364
39.4,38.57791997901486,-122.41400794646762
39.39,38.57543145792038,-122.4169974342478
39.38,38.57459679108091,-122.41597120400061
39.36,38.5815051801896,-122.42172172340503
39.36,38.578257996864245,-122.41952712719258
39.35,38.579294937156895,-122.41988054448872
39.35,38.57539250018975,-122.42074476415564
39.32,38.57823177198673,-122.41679549113303
39.32,38.577730043471924,-122.42217109865416
39.31,38.57379577413411,-122.41771142909
39.3,38.57558828298367,-122.4207939278592
39.29,38.57901898817483,-122.42155719743143
39.29,38.578949185730984,-122.4201526845324
39.28,38.57545793854854,-122.41875414198589
39.27,38.575763154595364,-122.41586407372915
39.27,38.57564258067234,-122.41691011830883
39.26,38.579174942793586,-122.42246356100746
39.26,38.578931396176635,-122.42150471616746
39.26,38.57554854146376,-122.41505656851162
39.25,38.57897072480612,-122.41852567152877
39.25,38.57779678005918,-122.41937767603386
39.25,38.57571807921031,-122.42090693034513
39.24,38.57853686305952,-122.42069506463719
39.24,38.57684031896744,-122.42194344738813
39.24,38.575401355088985,-122.4191971577574
39.24,38.57538567755666,-122.4164320192631
39.24,38.5743831507582,-122.41553077898318
39.23,38.5783176999751,-122.41494395667598
39.23,38.57543131609626,-122.41758232783845
39.23,38.573992345238885,-122.42084566112646
39.22,38.58024144097178,-122.4227619086367
39.22,38.5750210215106,-122.41633574304653
39.21,38.57859143532925,-122.41990780328865
39.2,38.57514432820434,-122.41484263374097
39.19,38.57487814024612,-122.41572861348365
39.18,38.575696312111916,-122.42137550779118
39.17,38.579300988188756,-122.42091323941835
39.17,38.574390662491815,-122.41498085410589
39.13,38.57958547887162,-122.42079705485804
39.13,38.57890554601939,-122.4195415243273
39.12,38.57972115798681,-122.41865103812653
39.12,38.57941071370801,-122.4191322946419
39.12,38.57528924658927,-122.41579397831546
39.1,38.57852534368517,-122.42036158959685
39.09,38.57963983939985,-122.42078968366589
39.07,38.573894550646855,-122.41946207567298
39.06,38.57928919788693,-122.42155463218927
39.03,38.57872646729314,-122.41816318842838
39.02,38.5787469645606,-122.41849734084863
39.02,38.57614478346136,-122.41559462462068
39.01,38.5761874914885,-122.41797188965309
39.0,38.57935321976385,-122.41901326827146
39.0,38.579100040321364,-122.42233175047022
39.0,38.579121812856634,-122.42186315165422
39.0,38.579077119989655,-122.41933653933164
39.0,38.575420987784966,-122.41664111553303
38.99,38.57407682827665,-122.41650547215632
38.98,38.575859969742346,-122.41920877956153
38.97,38.574931815800355,-122.42058388488846
38.96,38.57617460800668,-122.41669787882024
38.95,38.57982863206405,-122.4173057462981
38.95,38.57899089011254,-122.41809135848261
38.94,38.58110083276376,-122.42015430569649
38.94,38.574562012807725,-122.4200169896298
38.93,38.581211883718794,-122.4212522916754
38.93,38.57810118119857,-122.41980203670589
38.92,38.57960427084661,-122.4196171264626
38.92,38.57801470148847,-122.41953172898684
38.92,38.57745814676473,-122.42065962438367
38.92,38.57641556955185,-122.41538563922998
38.92,38.574862804082024,-122.41586508210506
38.92,38.57450765229775,-122.42002436134511
38.91,38.57807128736045,-122.41908869773177
38.91,38.57611662663457,-122.41639532210257
38.9,38.577956833406525,-122.41670596566563
38.9,38.57668366421215,-122.42163344483328
38.88,38.57790040991383,-122.42063561757567
38.88,38.57767941067437,-122.4201601959187
38.87,38.575624634865356,-122.41904195210152
38.87,38.57463179422154,-122.41521691308436
38.84,38.57888781744175,-122.42069858289926
38.84,38.57559820602172,-122.41709027567573
38.84,38.57501965440529,-122.41539521069959
38.83,38.58152350667629,-122.42035821402193
38.83,38.577674842038505,-122.42142144785728
38.82,38.581294165804984,-122.42141907063967
38.82,38.57882235207888,-122.4188126914061
38.81,38.57352570270728,-122.41926225554836
38.79,38.577737744860116,-122.41909796913212
38.79,38.57554294708857,-122.42060701109794
38.79,38.57543258042058,-122.42085100354593
38.78,38.57587796342076,-122.41901516632083
38.77,38.57846386614337,-122.421297428521
38.77,38.57776712949341,-122.41768948645918
38.77,38.57566481426969,-122.41662507425382
38.76,38.57748350631448,-122.42243923462989
38.76,38.577317190075085,-122.41884836530001
38.76,38.57507533623375,-122.41652333223526
38.75,38.57550329152902,-122.42087927105555
38.75,38.57552498534455,-122.41866744414435
38.73,38.57833613910328,-122.41939538655558
38.73,38.577752395269144,-122.41529133704127
38.73,38.57655699996765,-122.42164683305802
38.73,38.57570830887809,-122.41995428822148
38.72,38.57481326978482,-122.41984095934015
38.71,38.57414020596253,-122.416303812249
38.7,38.58054014152416,-122.41691204101646
38.7,38.5786401669077,-122.4211845590669
38.7,38.5744750149794,-122.41762497448065
38.69,38.578443164322586,-122.41980487412141
38.69,38.576959632490485,-122.41782362276676
38.69,38.57458149660963,-122.42017901789374
38.68,38.57764268355102,-122.41726722430491
38.68,38.57541261967035,-122.42050543811737
38.68,38.57544365905907,-122.41673457284664
38.67,38.5782181323248,-122.42057928429521
38.67,38.57591789291532,-122.42164452503482
38.67,38.57451074203345,-122.41607940953622
38.66,38.57391106989371,-122.42085100351487
38.65,38.58017153113512,-122.41787064593281
38.65,38.57598991624946,-122.41660368586338
38.64,38.580882275515194,-122.42040163031284
38.64,38.57876886762047,-122.41744382080496
38.64,38.57540571866484,-122.42065401097855
38.64,38.573971269754765,-122.4207179194953
38.63,38.58178776828161,-122.42087133421322
38.63,38.57823601166466,-122.41883732097206
38.62,38.57842187819315,-122.42045701301492
38.62,38.575948155627884,-122.4209930862501
38.62,38.57570072007986,-122.42069918449948
38.62,38.57567489946812,-122.41854111498105
38.61,38.57912149863581,-122.4191563752798
38.61,38.57716172104019,-122.41579736774682
38.61,38.5761598475062,-122.41662795404095
38.59,38.576529443959636,-122.42204616594752
38.58,38.57558874832817,-122.41903924792662
38.58,38.57556203172051,-122.41825736133386
38.57,38.57574164670802,-122.42156242530368
38.55,38.57461546540336,-122.41944758955947
38.54,38.580019885995185,-122.42055453821563
38.54,38.579408701374824,-122.42072638119105
38.54,38.57931988443364,-122.42128168225521
38.54,38.57621840539129,-122.41672411542085
38.54,38.57540601133555,-122.41521786711995
38.53,38.57871199397982,-122.420994997453
38.53,38.578225754893204,-122.41304461914862
38.53,38.5778813918961,-122.41871884507363
38.53,38.575042660187904,-122.4205234278003
38.52,38.58066605431006,-122.41982332266643
38.51,38.57876672164107,-122.42156111564096
38.51,38.576052146483946,-122.41448664168485
38.51,38.574927247026736,-122.41990689207292
38.51,38.57447485531302,-122.41607670694287
38.51,38.57441364473121,-122.41603769158733
38.48,38.57897689450434,-122.42110672235083
38.48,38.57543526894358,-122.41866068420597
38.47,38.581216401934725,-122.4201859570371
38.46,38.5761690466577,-122.4156537959874
38.45,38.5750061901145,-122.4207271142765
38.43,38.57620735919318,-122.41424601318397
38.43,38.575307853048066,-122.41519900717331
38.42,38.58124071557673,-122.42005015431327
38.42,38.57814937834792,-122.41915192844584
38.42,38.57780426948544,-122.42096097359985
38.42,38.57460138749812,-122.41878135162722
38.41,38.57842314984283,-122.41965426622797
38.41,38.57554607927199,-122.42073340305782
38.4,38.57690734580695,-122.41798024873148
38.4,38.57622511397797,-122.41735540692423
38.39,38.57864764533534,-122.418891279516
38.38,38.58111017424791,-122.42072849044779
38.37,38.57623842088508,-122.41900792191927
38.37,38.576272854396244,-122.41399862928101
38.36,38.57612825052521,-122.41633885345344
38.35,38.57884545175315,-122.42122297440109
38.35,38.578589554989534,-122.41218887369396
38.35,38.57738324187166,-122.42052781885567
38.34,38.57694718556804,-122.4169281065579
38.34,38.57638043031483,-122.41439666993644
38.34,38.57582365198289,-122.41669438181559
38.32,38.58069980573473,-122.42181009781402
38.32,38.578223971925645,-122.42045356388283
38.32,38.57577960272147,-122.41977616129707
38.32,38.5745496306148,-122.41892654321892
38.31,38.57872691288167,-122.42048000697955
38.31,38.57675984718553,-122.42096252290762
38.31,38.575648023527066,-122.41621093458805
38.3,38.579151656479326,-122.42083316562668
38.3,38.57897041867009,-122.41969551426398
38.3,38.576874408057144,-122.42082206286307
38.29,38.576161615078064,-122.42008020325676
38.28,38.57901909546851,-122.41922894268663
38.28,38.57485011971371,-122.41594440724859
38.27,38.576041847437125,-122.42188324589881
38.24,38.57448201425859,-122.42115781509203
38.24,38.57359742539167,-122.41946262286126
38.23,38.578403881648356,-122.42065063240263
38.22,38.57856048440775,-122.4211556132859
38.22,38.57791856400142,-122.41985708735471
38.22,38.57561795766723,-122.42034888430501
38.21,38.579231392908255,-122.42066713720456
38.21,38.57687371287466,-122.41948014551562
38.21,38.57602580292924,-122.41660638886529
38.21,38.57471771505583,-122.4199599125545
38.2,38.57487612243168,-122.41965072968213
38.2,38.574421282950304,-122.42130232809164
38.2,38.573865992770415,-122.41968929270463
38.19,38.57872764937067,-122.42162698503984
38.19,38.578090483578926,-122.4138258080965
38.19,38.57447180695206,-122.41556039203161
38.18,38.57784620802337,-122.42005807740118
38.18,38.57782539457226,-122.41682222486531
38.18,38.57573070584781,-122.41695116252545
38.17,38.57839230900845,-122.42051212993427
38.17,38.57540772354699,-122.41906001325626
38.16,38.57901060251104,-122.42135011832367
38.16,38.57841263756081,-122.41949290538727
38.16,38.57604678915939,-122.41712406609854
38.15,38.57676385986109,-122.41039993885099
38.13,38.57961642725279,-122.41954922647291
38.13,38.578542789237545,-122.41824110207908
38.13,38.57432105626275,-122.42113421360422
38.12,38.57888494527888,-122.42153562166231
38.11,38.58107110226803,-122.42079436235754
38.11,38.57453180903054,-122.42047345551612
38.11,38.5746560138009,-122.41547104584001
38.1,38.57911272929667,-122.42225242235801
38.1,38.57866303572039,-122.41855983181125
38.1,38.57763236209639,-122.42233576886726
38.1,38.574502390184115,-122.41567738069216
38.09,38.58128291930115,-122.42011068395497
38.09,38.578599467420645,-122.41275161255581
38.08,38.58148374127952,-122.42102045706083
38.08,38.57959534903324,-122.42135979783453
38.08,38.57893695870248,-122.42235386046501
38.08,38.578915352841136,-122.41836092922833
38.08,38.57826155646476,-122.42003203832662
38.08,38.576027159289,-122.41754693327653
38.07,38.578236338157,-122.4196057789006
38.06,38.57654967282783,-122.41947866283283
38.06,38.575813468649905,-122.41943465068937
38.06,38.57490770712279,-122.41567349685513
38.05,38.57783383883803,-122.4209058573139
38.05,38.57736524541228,-122.42072143543882
38.04,38.579440761876754,-122.41926072205148
38.04,38.577758442376606,-122.41651898518276
38.04,38.57605594669468,-122.41634487656546
38.04,38.57574315369673,-122.41784666350594
38.04,38.57364245243528,-122.42081928841544
38.03,38.576267126330706,-122.41819579736396
38.02,38.57607566180324,-122.41553207519438
38.02,38.57467665268479,-122.41522029081104
38.02,38.57416460755908,-122.42004438224096
38.0,38.57607985772052,-122.42184023647907
38.0,38.57552202463191,-122.41562800855895
38.0,38.57501256031049,-122.42058997087504
38.0,38.57403348726139,-122.42092904148298
37.99,38.58209184935075,-122.42052722825649
37.99,38.581817710895216,-122.4194513457372
37.99,38.57704730012911,-122.4153529292969
37.98,38.581308698499946,-122.42226891958315
37.98,38.578942848011884,-122.41815655417997
37.97,38.57579600723358,-122.42155505474884
37.96,38.58192938731224,-122.42208633426851
37.96,38.579005904847776,-122.42300133836986
37.96,38.57891117589146,-122.42019569646119
37.95,38.580261034632166,-122.4225339970478
37.95,38.579043078471614,-122.41832467660718
37.95,38.576405797171695,-122.41423801549865
37.93,38.57476681936138,-122.41987186450457
37.92,38.57838222219531,-122.42072928383669
37.92,38.578237654151586,-122.41647479760775
37.92,38.575889590059475,-122.41682550501915
37.92,38.575285578628026,-122.41567901514846
37.91,38.58102879087252,-122.41918542840328
37.91,38.5805900346991,-122.4199093487015
37.91,38.57847512360594,-122.42066747207109
37.91,38.575625746306855,-122.41882412987584
37.9,38.57804833776283,-122.41085212451355
37.89,38.57972626102013,-122.42125497435077
37.88,38.57450287600599,-122.41586091437007
37.87,38.58153757085393,-122.42102451565871
37.87,38.579012246857786,-122.4191825494232
37.86,38.58186599843553,-122.42228800897391
37.86,38.57799175641162,-122.42235140015418
37.85,38.57890973612429,-122.42158336783524
37.85,38.57842181529348,-122.41658042311357
37.85,38.57584491540425,-122.41604226285307
37.83,38.57600978714161,-122.42141060850804
37.83,38.57517296373151,-122.41655362259085
37.82,38.577428099918485,-122.42053120021775
37.82,38.57482888131065,-122.42066787520723
37.82,38.574747916920394,-122.41950344504083
37.81,38.57806232431326,-122.41695476387576
37.81,38.576795091250766,-122.41942834467667
37.81,38.57425002550226,-122.42033753238844
37.79,38.57442911381798,-122.41531633745308
37.78,38.57788108510908,-122.41988866981312
37.78,38.57501526697224,-122.42033786500218
37.77,38.57601387615748,-122.41569945457188
37.76,38.57684451154404,-122.4220469837661
37.76,38.57550445915229,-122.42046648555173
37.75,38.57839994829863,-122.4215105238394
37.75,38.574484534928956,-122.41528610486559
37.75,38.57391138164876,-122.4196812446589
37.74,38.58100665381128,-122.42101889526589
37.74,38.579473236188356,-122.41817358081012
37.72,38.57532916806258,-122.42075145907519
37.71,38.57878715325624,-122.42209024079057
37.7,38.58247407305686,-122.42005137250948
37.7,38.57771995372595,-122.42238824996437
37.7,38.57541440871864,-122.41542493634017
37.7,38.5749450341104,-122.42049313223974
37.69,38.57773934448053,-122.41693043370086
37.69,38.57422624329939,-122.42046189352357
37.68,38.578881588953244,-122.41831250797703
37.68,38.574592062460404,-122.41587909924228
37.67,38.58193189918251,-122.42067574576622
37.67,38.57922284423038,-122.42104497984745
37.67,38.57402275635346,-122.41960935831467
37.66,38.57906060478347,-122.42182412859444
37.65,38.57454150318195,-122.41541654880143
37.64,38.579122231213574,-122.41836504889626
37.64,38.57607070737694,-122.41641480120275
37.64,38.5744463149682,-122.41843707952948
37.64,38.57447724087963,-122.41486121865418
37.64,38.574309786223814,-122.41555966018119
37.64,38.57368618084684,-122.41910232143289
37.61,38.57441475028765,-122.41581987232773
37.61,38.57402960502873,-122.41965574831575
37.59,38.57864488969964,-122.41933837144155
37.58,38.579546937873104,-122.42085149609144
37.56,38.5736755669755,-122.41933089010608
37.55,38.57818000838159,-122.4190739527668
37.55,38.5748936462372,-122.42121178146192
37.55,38.5747936825911,-122.42006885515244
37.54,38.57835774627047,-122.41951170672472
37.54,38.577462526699776,-122.41804501590295
37.54,38.57729515091843,-122.4183535372997
37.54,38.57530365418989,-122.41509547270664
37.53,38.57846333414474,-122.41937056517439
37.53,38.578261712273445,-122.41944712311403
37.52,38.581146379771866,-122.41956131900729
37.52,38.5743779062389,-122.41971640135289
37.51,38.57907265081175,-122.42214617664212
37.51,38.57613677126854,-122.42022742535673
37.51,38.57391403534285,-122.41962410234832
37.5,38.57890271620673,-122.4182452843706
37.48,38.581536194523764,-122.42027888277201
37.48,38.575851765439054,-122.41608865387995
37.47,38.578475546815824,-122.42104598710291
37.47,38.573909840292536,-122.41952057010774
37.45,38.57919019744962,-122.4207787246574
37.45,38.57663296557816,-122.42175578027934
37.44,38.57936494610781,-122.41856684784962
37.44,38.57846391608354,-122.41916416360371
37.44,38.57441642985085,-122.41539566226713
37.44,38.57398580836768,-122.41962951096117
37.42,38.580396375023795,-122.41981446438719
37.42,38.578251044683874,-122.41987067785863
37.42,38.575130618494754,-122.41707799184215
37.41,38.577982101790596,-122.41907050753626
37.4,38.57853139176143,-122.41945597880579
37.39,38.57931768171207,-122.41764573953954
37.38,38.582201792690356,-122.41990467879339
37.36,38.57734607865418,-122.42132784779746
37.36,38.57741168370988,-122.41661902551472
37.35,38.57850570566527,-122.4143846534041
37.34,38.57736310964597,-122.41882888756123
37.34,38.57615387124892,-122.41733857128042
37.34,38.57483259722294,-122.42058787508377
37.32,38.579126754982,-122.41923705650383
37.3,38.57581310405474,-122.42079940574624
37.29,38.57829877065216,-122.41690376066114
37.29,38.57700600011733,-122.42205915987176
37.28,38.579698760335496,-122.42145934976696
37.28,38.57666020447877,-122.42058800689807
37.27,38.57770133575599,-122.41697344682754
37.26,38.57899361111676,-122.42171585377594
37.26,38.57481311403986,-122.42042584620069
37.25,38.578347928454846,-122.42069229112147
37.24,38.575659683157426,-122.42022587314413
37.23,38.57662133533241,-122.41056124991982
37.21,38.57687206486028,-122.41544295368426
37.2,38.57902673081376,-122.4221656525269
37.2,38.57555918321667,-122.41696118017859
37.18,38.57639070435165,-122.41786104231436
37.18,38.57475853137583,-122.41927487303508
37.17,38.57553269448221,-122.41947083541895
37.16,38.581248041327775,-122.42028009923717
37.16,38.5792290031989,-122.4197494122882
37.16,38.57478117471844,-122.4151020063082
37.16,38.57443132183264,-122.41488069844505
37.15,38.58206297163105,-122.41998597215637
37.14,38.57836682576064,-122.42106072905722
37.14,38.5780698462878,-122.4185380709373
37.14,38.57589581100895,-122.42134467228867
37.13,38.5796293188138,-122.41868999474185
37.13,38.5784885854764,-122.41300705818605
37.13,38.57756697378662,-122.42025494242286
37.12,38.579079773813056,-122.41927939289562
37.12,38.57441611739112,-122.4188935460808
37.11,38.57741057599862,-122.4168368536808
37.11,38.576355908144286,-122.42171195420995
37.1,38.577812324780325,-122.42233786995013
37.09,38.578065070141925,-122.41864093320287
37.08,38.574751426562976,-122.42020329358327
37.07,38.57542240744266,-122.4150585396748
37.07,38.57394360389621,-122.41956898823665
37.06,38.57455851644128,-122.41485586948058
37.06,38.57357248048453,-122.41999975807013
37.05,38.579365375808266,-122.41894536837057
37.05,38.57909809241485,-122.41985423806001
37.05,38.57808339250084,-122.419215770413
37.05,38.57784584833261,-122.41735134422754
37.05,38.575774877240605,-122.41968405511489
37.05,38.575241554374095,-122.41662760077743
37.04,38.58144175389985,-122.42018000588624
37.03,38.581453054745296,-122.42129341530486
37.03,38.579214988609024,-122.42082647082093
37.03,38.578733216744254,-122.4185995280223
37.03,38.57783976771242,-122.4184519193422
37.02,38.57817191496518,-122.41769704517036
37.01,38.57618233022411,-122.41750127876878
37.0,38.57753839692345,-122.41854390129009
36.99,38.57945122251154,-122.41961706024162
36.99,38.574503406006535,-122.42011578973012
36.98,38.57925824697701,-122.4189258255968
36.98,38.575987606520975,-122.41742926562436
36.97,38.57909495972972,-122.41972783974866
36.96,38.574767253025854,-122.41598404116846
36.96,38.57448856899176,-122.41830264036848
36.94,38.57700143865864,-122.41944389553194
36.93,38.57972280028631,-122.41842177396954
36.93,38.578561542497944,-122.41919445944704
36.93,38.5779521527183,-122.42242869745758
36.93,38.57627257734231,-122.41749660856875
36.93,38.57537319363486,-122.41786466683155
36.93,38.575647999353585,-122.41135964697247
36.91,38.58080949429688,-122.4202241001315
36.91,38.57965390237518,-122.42145596755313
36.91,38.57470458459738,-122.41539442305667
36.9,38.57848680292792,-122.42041603035075
36.9,38.57632857149039,-122.42133142157654
36.89,38.58126847745806,-122.42080924309779
36.89,38.57520890471238,-122.41849453556945
36.88,38.57838248620191,-122.41975442400599
36.88,38.577261302271005,-122.4206333171055
36.86,38.57836310519755,-122.419202442918
36.86,38.578392393922044,-122.41818389306681
36.85,38.57587861265386,-122.42055203078557
36.84,38.57926751736663,-122.41775665322481
36.84,38.57881630873678,-122.41971830651208
36.84,38.5757027376297,-122.41464383484622
36.84,38.574482102868814,-122.41882970666263
36.84,38.574033217877634,-122.41996566942265
36.83,38.5803179606968,-122.41898275060134
36.83,38.57933878585284,-122.41971180966243
36.83,38.57647530265222,-122.42127367013413
36.83,38.57475147592667,-122.41574201225359
36.83,38.573877618093945,-122.4196328265062
36.82,38.58047754475855,-122.42019907661953
36.82,38.57898113706371,-122.41907698137759
36.82,38.57812739084049,-122.41846212312684
36.81,38.578088389009636,-122.42027130675086
36.81,38.57792440278857,-122.41973136731379
36.81,38.5743712561865,-122.41675701769337
36.8,38.57476312123266,-122.41781870688315
36.79,38.57819753470327,-122.4206350773152
36.79,38.57564439398325,-122.42016737712999
36.79,38.5750285819083,-122.41559085006703
36.79,38.57435396919683,-122.42042564610611
36.78,38.57904928389981,-122.42264906257726
36.77,38.57863516735437,-122.42206731117032
36.76,38.58198581544604,-122.4222282266366
36.76,38.579184145107625,-122.41974603119473
36.76,38.57826894082549,-122.41347222986391
36.76,38.57761491109769,-122.42057968911539
36.75,38.576542773498026,-122.42156547838641
36.74,38.57847005313539,-122.41786860711696
36.74,38.57576576151224,-122.41600189530287
36.73,38.575952561548036,-122.4203167603003
36.72,38.57396914637189,-122.42076363329763
36.7,38.57781111777935,-122.41693584037269
36.7,38.57587462663638,-122.4196686349945
36.69,38.57686144810519,-122.42187622694054
36.69,38.57595504853362,-122.4144449246825
36.69,38.575253784804204,-122.42043612288886
36.67,38.57891206840537,-122.41881945235205
36.67,38.57451445478396,-122.41599940915637
36.66,38.5769159792087,-122.41721247963244
36.66,38.57422786060955,-122.41829446721015
36.64,38.578599240006945,-122.42032128306948
36.64,38.57747460344926,-122.42030532509068
36.62,38.578215737667385,-122.42159985750513
36.61,38.57788989891667,-122.4204742579365
36.6,38.58036084098746,-122.42232360379428
36.6,38.57897153033632,-122.42141598805989
36.6,38.578477284745375,-122.41848848863047
36.6,38.57551914800427,-122.41879316022501
36.59,38.58190673818801,-122.42005448286079
36.59,38.57831878876554,-122.41705436794115
36.59,38.5752673621275,-122.41684744964242
36.58,38.5786324559792,-122.41844283526821
36.58,38.57834760686485,-122.41332905252023
36.57,38.57607991245837,-122.41970704363507
36.57,38.57577083450454,-122.4189956250082
36.55,38.57625377456739,-122.42080968559287
36.54,38.57896381682161,-122.42255086318384
36.54,38.5763144468615,-122.4144605152025
36.53,38.57904686444166,-122.41998800817036
36.53,38.57620970672322,-122.41555363841195
36.53,38.57438252860024,-122.42019842801436
36.52,38.5759594622074,-122.42016818622949
36.52,38.57576001713729,-122.41573768097541
36.52,38.57565343717689,-122.41783990453575
36.52,38.57448056042882,-122.41866903071148
36.52,38.57352173204984,-122.42031704858694
36.51,38.58126693885885,-122.42064855220632
36.5,38.57841809787399,-122.41879369671418
36.48,38.578865915613264,-122.41768051763279
36.48,38.57785756764323,-122.41690493213581
36.48,38.575531253844915,-122.41678704548532
36.46,38.57767186011412,-122.41877187025585
36.45,38.58124660766416,-122.41972944868674
36.45,38.576482096140616,-122.42151502839772
36.44,38.57439693926924,-122.41523363489614
36.43,38.575611517745855,-122.41874277660948
36.42,38.579179775738666,-122.41828909991882
36.42,38.5790351328077,-122.42043442574379
36.42,38.57782283318704,-122.42249922938188
36.42,38.57760158643382,-122.41698887083133
36.42,38.57579174996102,-122.41544188251876
36.41,38.5814988637313,-122.4216638987586
36.41,38.579309747761684,-122.4197554982754
36.41,38.575854611581036,-122.41951803259569
36.4,38.57870508853458,-122.41920527763403
36.4,38.57842043599881,-122.42184467455121
36.4,38.578075170584576,-122.42036206336952
36.4,38.57446618478582,-122.41703941294482
36.39,38.58182423997769,-122.42066762898757
36.39,38.578669047204784,-122.41978749176094
36.39,38.57840212505165,-122.4193315445677
36.39,38.577918718727894,-122.41927217483503
36.39,38.57799527847,-122.41704146625582
36.39,38.57756536877463,-122.42222749594028
36.39,38.576229776183176,-122.41977568216396
36.38,38.57810346379484,-122.42110968929012
36.38,38.57663105932564,-122.42102162779437
36.38,38.57453916608577,-122.41857022931376
36.37,38.57870572561581,-122.41667062472509
36.37,38.57841375046024,-122.41927507480665
36.36,38.57466532158741,-122.42050645562053
36.35,38.57849002069129,-122.41821418756432
36.35,38.57638330064654,-122.41064656090097
36.35,38.57523682633648,-122.41653549520416
36.35,38.57422247487638,-122.42073685357254
36.34,38.57980868106184,-122.42277514863765
36.34,38.57660345124344,-122.41967768682642
36.33,38.57809566171593,-122.42069621261797
36.32,38.57911401388726,-122.4214496693321
36.32,38.57760912470035,-122.42051043864801
36.32,38.5761991974064,-122.41965868933767
36.32,38.57536286755395,-122.41692345551806
36.32,38.57433059657967,-122.41899031900317
36.31,38.57507222919998,-122.42046831329726
36.3,38.57904006840506,-122.41974664101915
36.3,38.57886571857384,-122.4184604124747
36.3,38.57677125627894,-122.42168592427936
36.29,38.579496661501686,-122.42135235713776
36.29,38.575914724371785,-122.4176416822504
36.29,38.57584929251122,-122.41536593418321
36.28,38.57658567040571,-122.4210296750833
36.27,38.57915635452608,-122.42286358431437
36.27,38.57913256907819,-122.42298795260834
36.27,38.57825391140968,-122.42097193251283
36.27,38.576038187443835,-122.41983005585419
36.26,38.57921721934266,-122.42039080536401
36.25,38.580640148460965,-122.41999341299964
36.25,38.577960237239445,-122.41992904295901
36.25,38.57558045656302,-122.41844224919856
36.25,38.57515387312482,-122.41463691621978
36.24,38.57813754631171,-122.41998828374484
36.24,38.575780766549805,-122.4193633737247
36.23,38.58066918668965,-122.41994972374664
36.23,38.5778909851288,-122.41385666496997
36.22,38.57976139002285,-122.41817235506888
36.22,38.57861627910278,-122.41976057609233
36.22,38.57503950476305,-122.41845883494003
36.22,38.57503409876524,-122.41682987991281
36.21,38.57819843484373,-122.42119713307495
36.19,38.581727649994214,-122.42255284819555
36.19,38.580768988718205,-122.4197393252159
36.19,38.57996937920169,-122.41795863891673
36.19,38.57381115236389,-122.41951313343928
36.18,38.58182015407888,-122.42017412275032
36.18,38.57421319749769,-122.41783462201428
36.17,38.57592150743164,-122.41574984248298
36.16,38.57427752313493,-122.42013317158788
36.15,38.57842597780676,-122.41455068828098
36.15,38.578164137150935,-122.41922185555356
36.14,38.57761498781642,-122.4161182313917
36.14,38.575844960507766,-122.41584729693263
36.14,38.575250796953334,-122.41545849079755
36.13,38.580081498683235,-122.41476710706067
36.13,38.57786903241756,-122.41956662678204
36.12,38.579534249800176,-122.42093082503526
36.12,38.578379854714974,-122.41767830421666
36.12,38.57751510827745,-122.42079007756305
36.11,38.575354302465115,-122.4151680986451
36.1,38.58208516174107,-122.41989588678074
36.1,38.57528721405064,-122.41544976439883
36.09,38.57810775524905,-122.41888500156452
36.08,38.5787340211358,-122.4214898347669
36.08,38.5754508697928,-122.4152212449407
36.08,38.57493484046262,-122.41470070569837
36.08,38.57443916640622,-122.41956045831445
36.07,38.57905662526096,-122.41900238540623
36.07,38.57754467319806,-122.41433523120033
36.07,38.577362720049244,-122.41612216925694
36.07,38.57524447697398,-122.41540067144308
36.06,38.578396059037516,-122.41829886106855
36.06,38.576955356624325,-122.42198652776487
36.06,38.57551750594897,-122.41902241086301
36.06,38.57385140076396,-122.42097265887188
36.05,38.57696423046991,-122.4204388897703
36.04,38.57820746064656,-122.42100283812923
36.03,38.578580923429044,-122.41974644207075
36.03,38.57786536849739,-122.41945165971104
36.03,38.57760394004128,-122.41596830144087
36.02,38.57965024053649,-122.42134099773389
36.02,38.5753167365841,-122.41558961191993
36.01,38.581659034654564,-122.42073546159202
36.01,38.57905996191068,-122.42222550473817
36.01,38.57765599947511,-122.42085804368675
36.01,38.576066642884115,-122.41999276365274
36.01,38.57551597924845,-122.42079994647239
36.01,38.57510199061666,-122.41536700470279
36.0,38.57838318198914,-122.41702481132424
36.0,38.57542819726971,-122.41512778795261
35.99,38.57812107588266,-122.42228086782256
35.99,38.575598345472365,-122.41650538043214
35.99,38.57494673092347,-122.42006892116167
35.99,38.574208725587596,-122.4208390337422
35.98,38.576599246096066,-122.41530771971111
35.98,38.57494354615525,-122.42013749286455
35.96,38.582311468907804,-122.4202570407549
35.96,38.57721787984057,-122.41710906342274
35.96,38.575616312527764,-122.42057813486171
35.95,38.57784886212812,-122.42000093200895
35.95,38.57613747194214,-122.4174978994417
35.94,38.578971983585205,-122.41772291699662
35.94,38.57590770347394,-122.42031337924993
35.94,38.57538904043133,-122.41558358801633
35.93,38.581303356186325,-122.42063982811659
35.93,38.57872356599434,-122.42113350055493
35.92,38.581021574012006,-122.42050388838953
35.92,38.57869601086226,-122.42153284581327
35.91,38.57869791081595,-122.41839042135527
35.91,38.57796188164544,-122.41969978475174
35.91,38.57726454044811,-122.42036977437247
35.89,38.57767934417583,-122.422293435351
35.89,38.57526825401746,-122.41527630626759
35.88,38.58060160775266,-122.42004785544297
35.88,38.575993756229835,-122.42020517734738
35.87,38.578973763167674,-122.4209803243593
35.87,38.57887018795246,-122.42146569352215
35.87,38.5775827741042,-122.41836374035601
35.87,38.57675978642418,-122.41921924353963
35.84,38.57905576476306,-122.41824534752605
35.84,38.57832382694473,-122.42004820110627
35.84,38.574384805900316,-122.4195678303775
35.83,38.57802445741986,-122.41854611987212
35.83,38.5762694325445,-122.42144165153609
35.83,38.57597374276174,-122.4107419039299
35.83,38.575405875907194,-122.42006911942201
35.82,38.57402743085828,-122.41989642245342
35.81,38.57620232912119,-122.42172331312527
35.81,38.57609790699917,-122.4195134300299
35.81,38.57444113545524,-122.42009962814467
35.81,38.57409269549388,-122.41635757668264
35.8,38.581388985998956,-122.42015308865854
35.8,38.578901173678865,-122.41808459842335
35.8,38.57844192702516,-122.41634108489112
35.8,38.575737190246315,-122.42049549607286
35.79,38.578910802114336,-122.4196222053033
35.79,38.57878795999733,-122.42110394759825
35.79,38.57678320569023,-122.42045965152731
35.79,38.57447255071861,-122.41903542083686
35.78,38.58206466965321,-122.41956171876842
35.78,38.58041774306827,-122.42264904066775
35.78,38.57901870844224,-122.42253206412596
35.78,38.578658259493885,-122.4186626949191
35.78,38.57745138337753,-122.41828502599336
35.78,38.575985623030164,-122.41902327890797
35.77,38.57461124282522,-122.415077742559
35.76,38.577168184223424,-122.41953674487908
35.75,38.578048867440174,-122.418020379361
35.74,38.574346114370435,-122.41594085766593
35.73,38.57732139562671,-122.42089016497499
35.73,38.57546982987672,-122.41539470351432
35.73,38.573778844135994,-122.41788218040672
35.72,38.57821783441009,-122.41767756650418
35.72,38.5779944959441,-122.41589449463204
35.72,38.577822350712765,-122.41397765789839
35.71,38.58205543202332,-122.4205359524531
35.71,38.57962391142522,-122.42113256397214
35.71,38.57875858921282,-122.42231747143951
35.71,38.57684547611674,-122.42047581418677
35.71,38.576670975843,-122.42171277046896
35.7,38.579655019219686,-122.42123813366851
35.7,38.57843715274074,-122.41857721806029
35.7,38.57538660706253,-122.41466590772299
35.69,38.579157106109754,-122.41819563725389
35.69,38.57433413741892,-122.41522890611657
35.68,38.5817374971344,-122.41943382983887
35.67,38.57914103796817,-122.42106175096376
35.67,38.578673959867615,-122.41483315361667
35.67,38.57819269510576,-122.41899462481494
35.67,38.57570735030454,-122.41958721612983
35.66,38.57626621059661,-122.4176337550702
35.65,38.57747516370602,-122.418160658397
35.65,38.577257478740854,-122.42110325747011
35.65,38.57532097941474,-122.41549818181726
35.65,38.57485078329414,-122.41534808873172
35.64,38.57595079789299,-122.41899771711311
35.64,38.57591900521081,-122.41948847901881
35.62,38.57942064396135,-122.41950006204779
35.62,38.57483243156929,-122.4171014056255
35.6,38.58115216648944,-122.41963057291365
35.6,38.57828485998146,-122.41972412752202
35.6,38.575802114897144,-122.42045451469254
35.59,38.575935508100294,-122.41893922104327
35.59,38.5760013249085,-122.41519388169881
35.59,38.57482037176852,-122.4189125376158
35.58,38.58149972355205,-122.42048258747465
35.57,38.5799982034874,-122.42257152289996
35.57,38.5786550786174,-122.41659799416406
35.57,38.57847708259965,-122.41926837860666
35.57,38.57613756734732,-122.42117939662835
35.57,38.575074860701704,-122.41847296744187
35.57,38.57511772385416,-122.41580399880993
35.56,38.575544319795824,-122.41941436789254
35.56,38.57454156945356,-122.41948789526782
35.55,38.57873184853359,-122.41979222524284
35.54,38.57893362520581,-122.41913074707414
35.54,38.576316374508465,-122.41752284567869
35.53,38.580010139134245,-122.41746852402537
35.53,38.575927080565634,-122.42086534104413
35.52,38.57832138041955,-122.41932545925258
35.52,38.57781704795763,-122.4224299786916
35.52,38.57697972680207,-122.42165576594232
35.51,38.5795383884779,-122.4212293402997
35.51,38.57606720571231,-122.41047368375214
35.51,38.575367516663626,-122.41507734397574
35.51,38.57514278036258,-122.41468195574237
35.5,38.58201981156968,-122.41955833744899
35.49,38.57538585826027,-122.41565216065013
35.49,38.57460920793099,-122.41473353166877
35.49,38.574239003171336,-122.4180544678497
35.48,38.57937240943204,-122.41122702315786
35.48,38.57533170486165,-122.41914603451727
35.46,38.58192154930409,-122.41992943221518
35.46,38.58160648118426,-122.4199286210099
35.46,38.57841805482211,-122.42092696106937
35.46,38.57459409397089,-122.41622330968366
35.46,38.574552683317286,-122.41498158467182
35.45,38.58026552614423,-122.42340601508954
35.45,38.57474970966475,-122.41868930995594
35.45,38.574510559996696,-122.41899241062694
35.44,38.57530426311921,-122.41702225948107
35.43,38.57584239796415,-122.41551450921109
35.41,38.58185821716629,-122.41993612779008
35.41,38.57620589007078,-122.42028997907029
35.4,38.58212327344641,-122.41286777790009
35.4,38.57751239999987,-122.42104219207825
35.4,38.577664843929774,-122.41504389317952
35.4,38.575298837447214,-122.41539329617953
35.4,38.574215573755446,-122.42088542392523
35.39,38.57636801428059,-122.41990078908552
35.38,38.57828511547423,-122.41874926801876
35.38,38.575911105917946,-122.41733175239138
35.38,38.57553284585501,-122.4188859421238
35.38,38.57517822573869,-122.4187674720304
35.38,38.573235119020666,-122.42047894148017
35.37,38.57911096555374,-122.42287163051756
35.37,38.5790815094811,-122.422536800057
35.37,38.57752624123177,-122.4186117995936
35.37,38.574208356839065,-122.41599929475875
35.36,38.575693711561655,-122.42123768690594
35.36,38.57465663159943,-122.4150696915299
35.35,38.57985194558016,-122.42281281972191
35.35,38.578658856105115,-122.42039459221037
35.35,38.578545619569276,-122.4195373355348
35.35,38.57831698048879,-122.41340703127946
35.35,38.57543826056035,-122.41723878962736
35.34,38.57605146921573,-122.41741113891287
35.33,38.57919226117408,-122.41898966865337
35.33,38.5783299736466,-122.41875264838362
35.33,38.575893370758834,-122.42062195581347
35.33,38.574563776165824,-122.41493654556893
35.32,38.57570618703747,-122.41573362716123
35.32,38.57522692229894,-122.42023913089295
35.31,38.581858853283435,-122.41953473503796
35.31,38.57976108650108,-122.41934221111971
35.3,38.57930884362745,-122.42113174869831
35.3,38.57852871346568,-122.41291832507949
35.3,38.57571627058759,-122.4197828570742
35.29,38.57545788906652,-122.41681592568573
35.28,38.57708143423593,-122.4221795371387
35.27,38.57847257574195,-122.42033467358792
35.26,38.58042352798219,-122.42271829389612
35.26,38.57894668859644,-122.41962491008942
35.26,38.57729521494582,-122.42203509071366
35.26,38.57454702250614,-122.41665557043518
35.25,38.578980807659676,-122.41830851506002
35.25,38.57505423328774,-122.42066192373764
35.25,38.57355527107958,-122.41920714154683
35.24,38.57776647263644,-122.42022410357795
35.24,38.57709996404161,-122.42197449304211
35.22,38.579789316526266,-122.41834650052114
35.21,38.57876927519263,-122.41995561550274
35.21,38.576418762503,-122.41958348578828
35.2,38.57453077414018,-122.41836316292316
35.2,38.574052768836054,-122.41779959954361
35.19,38.5741612406127,-122.41662651468978
35.18,38.577535879539106,-122.41588289202531
35.18,38.57696720385801,-122.41707871095866
35.17,38.58159782624836,-122.42069643781429
35.17,38.57736957730079,-122.41830180012822
35.17,38.57458569100083,-122.42028255107775
35.16,38.57844343073409,-122.4207683055681
35.16,38.57843834299042,-122.41350792140251
35.16,38.57810964400717,-122.41768088444323
35.16,38.57562900005479,-122.42049881007846
35.16,38.57547057507832,-122.41886978124855
35.14,38.57948804500734,-122.41804853372172
35.14,38.57642248064186,-122.4214417208468
35.13,38.58123216812905,-122.42042800782318
35.13,38.57843889322478,-122.41795801291818
35.13,38.576671561558896,-122.42150637456272
35.12,38.57877309333441,-122.42142396527872
35.12,38.578718507435696,-122.41833462719161
35.12,38.574517106715305,-122.4159422660189
35.12,38.573690173122934,-122.4199856907354
35.11,38.57882187171517,-122.41862914720097
35.11,38.57595016602791,-122.41939907703276
35.11,38.57583130484155,-122.41555954897777
35.1,38.58045876773702,-122.42312238396681
35.1,38.57963553775485,-122.42107609366741
35.1,38.57898846634716,-122.4212452259717
35.09,38.57878385420234,-122.42254876119257
35.09,38.578176975261705,-122.41855761260662
35.09,38.57784309896996,-122.41779843191502
35.09,38.57749026338932,-122.42093730203403
35.09,38.575874062624386,-122.41774183803847
35.08,38.575873887799894,-122.42045992449674
35.08,38.57570402055943,-122.4159743079922
35.07,38.57890648005513,-122.41797030558516
35.07,38.575088505510934,-122.41662754203571
35.06,38.574599918549445,-122.42036390333531
35.06,38.574658301615045,-122.41910676018928
35.05,38.58024073401115,-122.41540992059993
35.05,38.57986975580759,-122.41952244266857
35.04,38.57448046526605,-122.41459768433484
35.04,38.57378689107744,-122.4194539630373
35.03,38.57836932011734,-122.41965020910459
35.02,38.575098365843104,-122.4150570777614
35.01,38.57973151773985,-122.41939732952491
35.01,38.579207270839326,-122.41808472408655
35.01,38.57897498590019,-122.42037254540206
35.01,38.5762186994715,-122.41768751997817
35.01,38.57537232291417,-122.41710766697265
35.0,38.57512024036828,-122.41633174697306
34.99,38.57837101896542,-122.42116426769013
34.99,38.57795455397637,-122.41946985032675
34.98,38.58024284821131,-122.419630849882
34.98,38.57499758809702,-122.41722853238733
34.97,38.57895968136451,-122.42225235063803
34.97,38.575406302239664,-122.42044761848163
34.97,38.57412902108277,-122.4167387730971
34.94,38.577411314563015,-122.42205531365144
34.94,38.57685873764493,-122.42212833884277
34.94,38.57594645501839,-122.42141730282857
34.93,38.57811215040825,-122.41820865369462
34.93,38.57556710108596,-122.4210561117227
34.93,38.574607574074875,-122.41496278043593
34.92,38.577329943077345,-122.420512332244
34.91,38.58153189358412,-122.42056530051192
34.9,38.579089478830795,-122.41848874313128
34.9,38.5783988889185,-122.41959509179836
34.89,38.579878675371994,-122.41971809503215
34.89,38.578374258638746,-122.42090072105132
34.88,38.578779285126146,-122.41799512954542
34.88,38.57822747338745,-122.42115344573328
34.88,38.574492813865334,-122.41821121172713
34.88,38.57419105756779,-122.4177297375634
34.87,38.578449505512594,-122.41772942862887
34.86,38.58128966030753,-122.420547038453
34.85,38.57593881244537,-122.42041894301921
34.85,38.57507351091863,-122.41753243638284
34.84,38.5819343419359,-122.41946013694682
34.84,38.57577214261507,-122.41799794137344
34.83,38.577201791775074,-122.42017007188382
34.83,38.57672708425626,-122.41914796566645
34.83,38.57397458059168,-122.41812629524001
34.82,38.57487513407313,-122.41501733205175
34.81,38.574864127391656,-122.41467244439247
34.8,38.57697919783935,-122.41972894316228
34.79,38.575460448015846,-122.41714871122998
34.79,38.57423500289403,-122.42124241200406
34.78,38.57453944652478,-122.41953360952493
34.77,38.57513507915917,-122.41368360104242
34.77,38.57445323995094,-122.42022669436358
34.76,38.57833985663623,-122.42125367164286
34.76,38.5763001180037,-122.42116871286119
34.75,38.575870329219825,-122.4156886444027
34.75,38.574740383657335,-122.42005336966048
34.75,38.57471607487222,-122.4159228440173
34.74,38.579081395261504,-122.42292674680264
34.74,38.57899238136059,-122.42232363204104
34.74,38.57590792268664,-122.41740032532262
34.74,38.57465685872481,-122.41855615961073
34.74,38.574083965534534,-122.41964837632476
34.72,38.578130914438006,-122.4170287457213
34.72,38.57464328818178,-122.42001164633042
34.71,38.57444692439925,-122.41590257512
34.71,38.5740363209584,-122.41815388350228
34.7,38.57907085334839,-122.41908374269067
34.7,38.57892205081453,-122.41899224360482
34.7,38.578468113722785,-122.42120599529493
34.7,38.57846275184018,-122.41957696669857
34.7,38.57533513624194,-122.41810264227854
34.69,38.575883320256146,-122.41870591299119
34.69,38.575572161726086,-122.41784525024782
34.69,38.575271506526256,-122.41927912245707
34.68,38.579101119297356,-122.42037058423261
34.68,38.57888651191671,-122.41762472310019
34.68,38.57684401366032,-122.41798694609433
34.68,38.57658851367207,-122.41825441866403
34.68,38.574377046798794,-122.41895941339499
34.67,38.58159357877846,-122.42078787508581
34.66,38.57822890707142,-122.4197657869445
34.64,38.57858242875379,-122.41583555296438
34.64,38.57507524236866,-122.41904642859069
34.63,38.57979543213207,-122.41918422805101
34.63,38.5795430341557,-122.41763977984648
34.62,38.579140655210445,-122.41854994605315
34.62,38.57878546709202,-122.4205761748176
34.62,38.57573039445441,-122.4202541401713
34.62,38.57570649104331,-122.41883021404341
34.61,38.57517972079858,-122.41698994108916
34.59,38.581858269978454,-122.4197411462951
34.58,38.57638446827872,-122.4195464947012
34.58,38.57574932584624,-122.41848937898453
34.58,38.57572130008627,-122.41870517364858
34.57,38.58159156321586,-122.42044363249178
34.57,38.57896296307737,-122.4179172150599
34.57,38.578743730221504,-122.41876088960473
34.56,38.58217010008544,-122.42000551775071
34.56,38.579133383770035,-122.42200165557361
34.56,38.578170348727944,-122.42160790448297
34.55,38.57672820792498,-122.42086838659576
34.54,38.579709328214214,-122.41948741222978
34.54,38.574939125088584,-122.41441431220285
34.53,38.57901697399087,-122.4212129674496
34.53,38.57856626810742,-122.41928656924262
34.52,38.580354050132016,-122.42208223255616
34.52,38.57828377098088,-122.41780869511702
34.52,38.576919689378634,-122.42120395110742
34.52,38.575041047402486,-122.41861951217419
34.52,38.57440974926526,-122.41903068873448
34.51,38.5778262652696,-122.41757925083131
34.51,38.57557814256251,-122.42120603739042
34.5,38.5779557248908,-122.42099532950573
34.49,38.578253904342155,-122.4190336450124
34.49,38.576837679748,-122.41579590153604
34.49,38.575295818328875,-122.41914333031889
34.49,38.574821790710864,-122.41519681351627
34.49,38.57418888733584,-122.41797041276985
34.48,38.574155320250874,-122.42121346851499
34.47,38.578228112225936,-122.42075207380186
34.47,38.57738284312251,-122.41801607414712
34.46,38.57591316693873,-122.41961419561493
34.45,38.57869601400247,-122.41959454746663
34.45,38.57755757044931,-122.42181402272345
34.45,38.576954780711574,-122.42025467438518
34.44,38.58167517437212,-122.4196126475254
34.44,38.57798968837573,-122.4222021458899
34.44,38.57401182796555,-122.42100768817454
34.43,38.57737551197994,-122.41778614136537
34.43,38.575730033525375,-122.41754748737361
34.42,38.581381445977776,-122.42070306368444
34.42,38.5792261375695,-122.42058645587396
34.42,38.57827811455521,-122.41928779105157
34.42,38.57600224915568,-122.42002231680704
34.42,38.574612022732815,-122.42049096984924
34.41,38.57977425271691,-122.41944642804943
34.41,38.578909894773325,-122.41906014308371
34.41,38.577933629621185,-122.41875718878113
34.41,38.57773101112882,-122.42059990987839
34.4,38.58152308239801,-122.41997968264246
34.4,38.57944154529791,-122.41827441701487
34.39,38.57895876703289,-122.4178136754179
34.39,38.5771318221793,-122.42128875711578
34.38,38.5809830867468,-122.42036335180337
34.38,38.578825860957856,-122.42145088219819
34.37,38.58187042660783,-122.41967324424604
34.36,38.5798649928298,-122.42330698791129
34.36,38.579068458558396,-122.4220426370371
34.36,38.5752145464699,-122.41701550164235
34.35,38.577815733453576,-122.41955114072212
34.35,38.577993427176764,-122.41358911824369
34.35,38.57496744265051,-122.41749004027602
34.33,38.579113639431675,-122.41893786635235
34.33,38.57750315448093,-122.42201636234769
34.32,38.580845008230895,-122.41965329879349
34.32,38.579398613941606,-122.42094353807663
34.32,38.57839639788481,-122.41693405340094
34.32,38.57528506884514,-122.41782362178698
34.31,38.578313521356556,-122.41910695279184
34.31,38.57426437458081,-122.4178958199396
34.3,38.57892831769326,-122.41924503973522
34.3,38.577798851498756,-122.42146520447677
34.29,38.58086831155441,-122.41934537675566
34.29,38.57943565779567,-122.41859511517947
34.29,38.57866718643153,-122.41672506779115
34.29,38.57708977997183,-122.42064332569899
34.28,38.578009820400595,-122.42002453307487
34.27,38.57836147720413,-122.41729843663171
34.27,38.57410632185941,-122.42091159448016
34.26,38.57865699448995,-122.41946544516043
34.25,38.574859268421235,-122.41516522961514
34.25,38.57445677533833,-122.41666024184067
34.23,38.57790905543157,-122.42180611678921
34.23,38.5775873243261,-122.41477426716287
34.23,38.57454980453119,-122.42027984638604
34.22,38.58108893834307,-122.41924730979886
34.22,38.58003867603469,-122.41937460233376
34.22,38.57904987177246,-122.42244266003304
34.22,38.57591814546964,-122.41873147462401
34.22,38.57566455528664,-122.41546671059874
34.22,38.57496652792561,-122.41459987365087
34.22,38.57479524549224,-122.41809637348561
34.21,38.57872590427233,-122.42030789252996
34.21,38.57852613551921,-122.41937529825844
34.21,38.575860363878355,-122.41764905580168
34.2,38.579361985027944,-122.41979384358385
34.2,38.57685884831205,-122.42173840386344
34.2,38.57591081540354,-122.41850154664832
34.19,38.578326160972956,-122.42116088582033
34.19,38.5750559828202,-122.41577641197898
34.18,38.57973809011729,-122.41848027314356
34.18,38.5771288913903,-122.42232074303776
34.17,38.58140198956431,-122.42084224839388
34.17,38.58065106111022,-122.42247165492932
34.17,38.57847756201921,-122.4194519218147
34.17,38.577355305114146,-122.42229193951758
34.17,38.57572969117005,-122.41891224346044
34.16,38.57953166097491,-122.41439308959455
34.16,38.57701657277623,-122.42008729760332
34.16,38.575160278878315,-122.41663294789387
34.16,38.57441659815672,-122.41907707896209
34.15,38.57824000188106,-122.41972074655837
34.15,38.57583894665447,-122.41442471459494
34.14,38.57474589516943,-122.41915923491112
34.13,38.57731326854708,-122.41544177251735
34.13,38.57571626399666,-122.41551647951539
34.12,38.57514021650838,-122.41881048272792
34.11,38.579785170519294,-122.41804798350576
34.11,38.57962102769967,-122.41809296215736
34.11,38.57435649991824,-122.41882024282758
34.1,38.581238485224986,-122.42048583221532
34.1,38.57850073092938,-122.41759565766337
34.1,38.57570150273579,-122.4154465553535
34.1,38.57481771777795,-122.41683651919978
34.09,38.579489706773586,-122.41316270699677
34.08,38.5795149104187,-122.41824553722502
34.08,38.578398472625025,-122.41708330915695
34.08,38.57510676357827,-122.41526414610419
34.07,38.57725174637438,-122.42083903859042
34.07,38.57553805689811,-122.41702840123322
34.06,38.575790373542326,-122.41197820611748
34.06,38.57506508704097,-122.41519219592799
34.06,38.574798544131106,-122.41530974928688
34.05,38.57766700896321,-122.41480320552157
34.05,38.576652126864,-122.41921113043549
34.03,38.58199024259285,-122.41961345737917
34.03,38.579394869110295,-122.42296185764502
34.02,38.57975490877342,-122.42257611376893
34.02,38.57849190297741,-122.41701006319167
34.02,38.575881466835696,-122.41544863853954
34.01,38.57526299458806,-122.41519562938369
34.01,38.5741023060577,-122.41809004365273
34.0,38.582075712077994,-122.41971165813322
33.99,38.580973312495935,-122.42134899946697
33.99,38.57854997717853,-122.41692268438233
33.98,38.5779525933018,-122.42086893330959
33.97,38.579683649534985,-122.41441600364128
33.97,38.57492940717472,-122.4153998836574
33.97,38.57454291594388,-122.41616211253893
33.96,38.57797859264499,-122.42224718562638
33.96,38.578326604886335,-122.41281135772553
33.96,38.576347522196436,-122.42150488284149
33.95,38.575562802769014,-122.41727110861258
33.94,38.574536551000875,-122.41629925605528
33.93,38.579179155970145,-122.42062879137501
33.92,38.57778101711454,-122.42107391142495
33.91,38.57767109426427,-122.41762490579407
33.91,38.5765121426927,-122.41970521199117
33.91,38.574195010403514,-122.4188080751263
33.9,38.58057621544057,-122.42214486395699
33.9,38.57406414354233,-122.41658479628248
33.89,38.579448877015814,-122.41151951223306
33.88,38.57781855014805,-122.42084735936743
33.88,38.57713308115715,-122.4185477672879
33.87,38.57536030726493,-122.4142625226604
33.86,38.582233485214296,-122.4198038397383
33.86,38.5804648954049,-122.42202177429293
33.86,38.57436465448134,-122.4178689688145
33.85,38.574444272491306,-122.41595971820563
33.85,38.57380854934018,-122.41937531599146
33.84,38.58104121669477,-122.42008099400219
33.84,38.578886145140416,-122.42286614467614
33.83,38.58117833849851,-122.42042394971486
33.83,38.57847945117635,-122.41611452722508
33.83,38.577107616086344,-122.42103461502336
33.82,38.57870833116447,-122.4168084518822
33.81,38.57833752351058,-122.42014098681781
33.8,38.57855517496094,-122.42126990497147
33.79,38.57439943170545,-122.41808949102133
33.78,38.57868449151641,-122.4192610714885
33.78,38.57820564887484,-122.4218170104837
33.77,38.578804145744236,-122.4217245066127
33.77,38.57539210105947,-122.41823308970551
33.76,38.57834719892794,-122.41275556192124
33.75,38.57981072156365,-122.41924272740349
33.75,38.578719097777864,-122.42200482455438
33.75,38.57884946637727,-122.41803482530437
33.75,38.57857838862947,-122.41728037042648
33.75,38.57734048751848,-122.41407900789748
33.75,38.57492441606183,-122.4186107244897
33.75,38.57433701416091,-122.41865821522516
33.75,38.57377531634714,-122.41931546959626
33.74,38.58173261232672,-122.42360843486067
33.74,38.57635115195837,-122.41774337390645
33.73,38.57455637904724,-122.41936285709424
33.72,38.57546602832648,-122.41586463492443
33.72,38.57325561146144,-122.4208130680142
33.71,38.57512788888727,-122.41519692479915
33.7,38.58133250196733,-122.42020617887343
33.7,38.57472715167096,-122.4135496761739
33.7,38.57361971451119,-122.4189826291335
33.69,38.57833687267661,-122.41860406902958
33.69,38.57718607344034,-122.42167132327283
33.68,38.574854134925424,-122.41682779353955
33.68,38.57428106171761,-122.41869987359426
33.67,38.5784100365651,-122.42129337016529
33.67,38.577705532683694,-122.41707698468466
33.66,38.58002122756077,-122.42323848594368
33.66,38.57379385502528,-122.42104860035256
33.65,38.581685996091146,-122.41860412883085
33.64,38.57499971014663,-122.41718281766498
33.63,38.57887342642204,-122.41926384135573
33.63,38.57779099635337,-122.42124669985368
33.63,38.575585520776094,-122.41716960130215
33.63,38.57396671830348,-122.41790780194212
33.62,38.5768429271547,-122.42014302321364
33.6,38.579270022805126,-122.41828443096297
33.6,38.5779081035178,-122.42143903409566
33.59,38.57912122599618,-122.42206955453132
33.59,38.57662511072162,-122.4215372792553
33.59,38.5758086561997,-122.41759928534297
33.58,38.5787317865044,-122.42192549677142
33.57,38.579038732691075,-122.41880605914669
33.57,38.57808557462621,-122.42091336556086
33.57,38.57750438044896,-122.41947033011499
33.57,38.57446989818889,-122.41695941274183
33.56,38.577699166231625,-122.4172141340064
33.56,38.57735918856766,-122.42162703025078
33.56,38.57622992950048,-122.41919078336632
33.56,38.57449792049206,-122.41674362072126
33.55,38.58113311156985,-122.42352880401542
33.53,38.57898596432161,-122.41877914400258
33.52,38.576415526328944,-122.41984702566371
33.52,38.57525017359307,-122.42012619662543
33.51,38.57935607419281,-122.41817622180726
33.51,38.57474063840885,-122.41907855865165
33.5,38.57953833363107,-122.42142431519312
33.5,38.57890729192488,-122.41892231577079
33.5,38.576142027112,-122.42030810318876
33.5,38.57594795814532,-122.41770152987324
33.5,38.574275853707746,-122.41842423671191
33.49,38.58183501830762,-122.41985409088404
33.49,38.58138977762128,-122.42110512972005
33.49,38.580657159155486,-122.41749433439169
33.49,38.57742878223008,-122.42187312651885
33.48,38.575203374631066,-122.41512232798105
33.47,38.58011277601834,-122.41855438637552
33.47,38.57532338160689,-122.42068221083439
33.46,38.57470103699988,-122.41915585472645
33.44,38.57428487413934,-122.41822995143819
33.43,38.5787042787844,-122.41825327040196
33.43,38.57778011614134,-122.42051185886808
33.41,38.58143846113233,-122.42063854422008
33.41,38.580723059130065,-122.42169715582732
33.41,38.57853807299907,-122.42202558231214
33.41,38.57669470476793,-122.42178337285617
33.4,38.576182349710564,-122.41517310653603
33.39,38.58126985915101,-122.4196165049473
33.39,38.57786871712552,-122.42073645031199
33.39,38.57735250390161,-122.42099573108554
33.37,38.57733302171244,-122.42083369638586
33.37,38.57716540112306,-122.41804556724706
33.37,38.57411995333228,-122.41926115958341
33.37,38.5735764660485,-122.4208831252188
33.36,38.5818469359936,-122.42250449607029
33.36,38.57575794026989,-122.41558843055408
33.36,38.57571427440636,-122.41497729772209
33.35,38.57972916843319,-122.41828462107432
33.35,38.575771589054554,-122.42014255750591
33.35,38.57530595135111,-122.41873122125257
33.34,38.576925158903755,-122.42050475831584
33.34,38.576449132667015,-122.4204803459279
33.34,38.57521389354527,-122.41528368162024
33.33,38.581877379463485,-122.41932967619617
33.33,38.57905400671342,-122.42274117290827
33.33,38.57567464829491,-122.41951593921776
33.31,38.578122520492904,-122.41682166877001
33.3,38.57657287400213,-122.42149893444297
33.3,38.57435768490525,-122.42034564647719
33.3,38.5742868988008,-122.41857415965197
33.29,38.57515957678331,-122.41509609276015
33.28,38.578025462019276,-122.42259479300752
33.27,38.58210836054797,-122.41997792399249
33.27,38.578925285724196,-122.41872869426659
33.27,38.57749901720863,-122.42171785575995
33.26,38.5826721633919,-122.41733647691267
33.25,38.5781574011737,-122.4207238050235
33.25,38.5781798025482,-122.41985383904681
33.25,38.57477462005507,-122.41369087277872
33.24,38.57590314776476,-122.41750318469919
33.23,38.5780407703025,-122.42071501295715
33.23,38.57487195226931,-122.41508590426139
33.22,38.58195520552312,-122.42036781975447
33.22,38.57912733682276,-122.41903065299569
33.22,38.57832212875678,-122.42047243215667
33.21,38.574927880226724,-122.41950553808637
33.21,38.57416385017537,-122.41889747532505
33.2,38.58087022523124,-122.42007957382769
33.2,38.577685460914154,-122.4211928673037
33.2,38.57754211523155,-122.42234043284287
33.19,38.57910317017008,-122.42245814857088
33.19,38.57833102672424,-122.42260636658195
33.19,38.57629289931793,-122.42054885160049
33.19,38.576237655696886,-122.41786098065124
33.19,38.57563882023156,-122.4171850849531
33.18,38.578782169012186,-122.41909639432882
33.18,38.578573172553924,-122.42107628545664
33.18,38.576516444130945,-122.42135705375401
33.18,38.57453486809482,-122.41672346641676
33.17,38.57852991174563,-122.41696704966124
33.17,38.57506859115295,-122.41822018480127
33.16,38.57772665658831,-122.4210812823746
33.16,38.575908162142454,-122.41855869064729
33.15,38.578524165344646,-122.41883609733362
33.15,38.575801806775345,-122.41755289427115
33.14,38.57581623599398,-122.42092579816726
33.13,38.580810448964286,-122.42059119811478
33.13,38.575192120460606,-122.41808039889449
33.12,38.58094566104965,-122.42019995621867
33.12,38.576556208116415,-122.42069485666491
33.12,38.57605561798816,-122.41770964051992
33.12,38.57482428282219,-122.41805268666184
33.11,38.578448492785085,-122.41755731440486
33.11,38.57722058438277,-122.42092844137613
33.11,38.57737332850386,-122.41589358768215
33.1,38.57715252782621,-122.4208430281825
33.09,38.5759027129646,-122.42119609858833
33.08,38.580342423285806,-122.42213870319225
33.08,38.5773859676855,-122.41600922990328
33.07,38.5798447383902,-122.41831626859631
33.07,38.577928335251215,-122.41440999499767
33.07,38.576494250810846,-122.41950889273517
33.07,38.574516297300256,-122.41925661973065
33.06,38.57825751752249,-122.41934358456001
33.05,38.577306365920016,-122.42179508263713
33.04,38.58032831786812,-122.41972904801708
33.04,38.578818621394326,-122.42276929846173
33.04,38.57598572295153,-122.418633347444
33.04,38.57514782209607,-122.42000379610893
33.03,38.578476639382764,-122.42276644669475
33.03,38.57852340111729,-122.4176891193157
33.03,38.578362675949045,-122.41882392778406
33.03,38.574313032873015,-122.41956242174886
33.02,38.57823949185532,-122.41759891408006
33.02,38.577757240508184,-122.4171267562704
33.02,38.57743546459879,-122.41416644194626
33.02,38.577421720658016,-122.41426862855896
33.02,38.57593744272888,-122.41754017461058
33.02,38.575077240613815,-122.41512429909051
33.02,38.574106646477034,-122.41760869381254
33.01,38.575297706331654,-122.41793926071239
33.0,38.5800531519631,-122.42235774761151
33.0,38.57844333092054,-122.41708668849928
33.0,38.57576118006012,-122.41959127282017
33.0,38.57571736886536,-122.41529865617991
33.0,38.574396296495884,-122.41796310086475
33.0,38.5736170772151,-122.42097793347243
32.99,38.57771175609115,-122.41752474753872
32.98,38.57878592167284,-122.4226980170697
32.98,38.5748984630977,-122.41897576486664
32.97,38.58157807905181,-122.4195709196327
32.97,38.57785597544041,-122.42101074786666
32.96,38.5787256687154,-122.41488292445207
32.96,38.57524852897713,-122.42035544606458
32.95,38.5809897712036,-122.41905632191752
32.95,38.57857153920766,-122.41723397754762
32.95,38.578395289367386,-122.41715188448137
32.95,38.57630213245422,-122.41006700995695
32.94,38.58070538391378,-122.41878255814316
32.94,38.57954655161048,-122.4183396764322
32.94,38.57782093250993,-122.42176506524788
32.94,38.57576972271034,-122.4192134476337
32.94,38.57423933794181,-122.4188228835633
32.93,38.57947901942486,-122.41378124884454
32.93,38.578408450804694,-122.4125996036098
32.93,38.57546406709922,-122.41745863918742
32.92,38.57887292465463,-122.4229569015701
32.91,38.576749596275825,-122.42176457358626
32.9,38.57558807867037,-122.41750238733252
32.89,38.581718970801624,-122.41963888823639
32.89,38.58095250915574,-122.42024635080385
32.89,38.57880807325866,-122.41892630784417
32.88,38.5768641580208,-122.42162411495492
32.88,38.57638641084054,-122.41814744038997
32.87,38.57889258340262,-122.41865741431336
32.87,38.57872127744572,-122.4217641352694
32.87,38.578538493508454,-122.41639423548014
32.87,38.57541776428129,-122.41457650384204
32.86,38.57829404512661,-122.42088320485263
32.84,38.58090402805379,-122.42187137576889
32.84,38.58088179804065,-122.42021808111917
32.84,38.57526133731951,-122.417753021869
32.83,38.578899060507354,-122.42200692516096
32.83,38.57835327383042,-122.41844473647343
32.83,38.577824813269395,-122.42110015128439
32.83,38.57605532350523,-122.41887943668436
32.83,38.573623656359985,-122.4200609568054
32.82,38.580657011740776,-122.41807927029964
32.82,38.57861287062079,-122.4186707437962
32.82,38.57795014074113,-122.42208447287865
32.81,38.57674595216781,-122.4102036193725
32.81,38.57556957913537,-122.41537927737802
32.81,38.574542300615896,-122.41869661967159
32.8,38.58170984037438,-122.42022315519112
32.79,38.58217312468924,-122.42052188598294
32.79,38.58193689113508,-122.41979295177158
32.79,38.581644838608206,-122.42239749669082
32.79,38.57803524386647,-122.42160918721953
32.79,38.57539361069941,-122.4114093177125
32.78,38.57808418349306,-122.42210604917427
32.78,38.57688361449966,-122.41790964711298
32.77,38.578731637452236,-122.42057211695357
32.77,38.578684504613804,-122.41712779561077
32.77,38.57691527764559,-122.4218802855066
32.76,38.580219532469876,-122.42187710792064
32.76,38.577331321088714,-122.4212579212229
32.76,38.57616327782757,-122.41771775120989
32.76,38.574258563588245,-122.4156934254134
32.75,38.57880096741885,-122.41985478112255
32.75,38.57806587546126,-122.42153121290222
32.75,38.57747526132585,-122.41777071849431
32.74,38.57582865302139,-122.41561669319267
32.73,38.578365673771934,-122.4174019754312
32.73,38.57498571063688,-122.41612664805135
32.73,38.57415308483188,-122.41971092749385
32.72,38.58160637470471,-122.42031858251771
32.71,38.57508820155596,-122.41566415162856
32.71,38.57449291047732,-122.41782128805569
32.71,38.57390204518476,-122.42104528693642
32.7,38.57836456438618,-122.41761980630801
32.7,38.57797531483638,-122.41436765579863
32.7,38.575167409244784,-122.41977589915018
32.7,38.57483773430557,-122.41912028083031
32.69,38.5796658362863,-122.41829131813623
32.68,38.57343769791243,-122.42076945039713
32.66,38.578607563594375,-122.41878503603624
32.65,38.58209965031492,-122.41900233657496
32.65,38.57538619127692,-122.41156932162546
32.65,38.57476265736661,-122.41530704704866
32.64,38.58172528826583,-122.41969671300279
32.64,38.578566281416826,-122.41715329693616
32.64,38.57824166230596,-122.41735822519539
32.63,38.57928094042635,-122.41455772016116
32.62,38.57815473625596,-122.41884266539621
32.62,38.57788102315075,-122.42202191583031
32.62,38.575694132619525,-122.4196779699766
32.62,38.57410779746217,-122.41932905454874
32.61,38.575658838385756,-122.41733568659649
32.6,38.574985527070424,-122.4169065019386
32.59,38.57821354082062,-122.41796397192645
32.59,38.57763168539524,-122.4209938393817
32.59,38.57628344960882,-122.4203646379559
32.58,38.57859815868058,-122.41627256826078
32.58,38.57788294407546,-122.42081780642238
32.58,38.57424208960614,-122.418375818823
32.57,38.57860528785406,-122.42135396755184
32.56,38.57995181729042,-122.41853078732548
32.56,38.5786832670819,-122.42180714615162
32.56,38.57445933356834,-122.41912617330067
32.55,38.58167315535995,-122.4192684041629
32.55,38.57840619036917,-122.41788673377023
32.54,38.57742799307034,-122.42092113877021
32.54,38.57740780291528,-122.4151506967333
32.54,38.57574631675522,-122.41564489908323
32.54,38.574674087953404,-122.41488750832559
32.54,38.574321798437964,-122.42034294177613
32.52,38.58106897478936,-122.41890171681762
32.52,38.57606383135035,-122.42063480456757
32.52,38.575170095741356,-122.41525744630052
32.52,38.57455855930407,-122.41466090682148
32.52,38.57435760235054,-122.4164692757746
32.51,38.582133309977564,-122.41944072518918
32.51,38.57885006568552,-122.4217050304804
32.51,38.577955813677,-122.42254366447357
32.51,38.57717640447788,-122.42226698083978
32.5,38.57490813839576,-122.42031832212727
32.5,38.57489364170973,-122.41714042211656
32.5,38.57415439743815,-122.41871326709035
32.49,38.58135580689129,-122.41989825511322
32.49,38.57893542185817,-122.42219317502133
32.49,38.57863955040877,-122.41751436270232
32.48,38.57704306075572,-122.41971081839388
32.47,38.58206376381504,-122.41899963179381
32.47,38.5787585413703,-122.41650256453599
32.46,38.57922149956874,-122.41816608143894
32.46,38.5748738191692,-122.41834313405776
32.45,38.58162829725158,-122.41926502307324
32.45,38.577347078284255,-122.41529522129993
32.45,38.5760717246669,-122.41872010924202
32.44,38.57778711478015,-122.42191161339727
32.41,38.57687350535157,-122.4202600172713
32.41,38.57408957161584,-122.41836432808927
32.4,38.580553451876746,-122.41643132321161
32.4,38.57860028052267,-122.41622685118374
32.38,38.57707954364256,-122.41737389791619
32.38,38.5754131299088,-122.4185557977566
32.38,38.574276285822414,-122.41880273042905
32.38,38.574243271981366,-122.41563493127467
32.37,38.57598892623131,-122.42050300179586
32.37,38.57463471950922,-122.41845127434897
32.36,38.58064740039496,-122.42235668357209
32.36,38.57911277855782,-122.41818082782167
32.36,38.57803689159613,-122.4213799292014
32.36,38.57521141019536,-122.416889109955
32.36,38.57466033072519,-122.42138915949519
32.35,38.57836066952972,-122.42041799155076
32.35,38.5772693064954,-122.42220517201703
32.34,38.58024343098329,-122.41942444324854
32.33,38.57752184839985,-122.42122640886089
32.33,38.57559328850113,-122.41777802945853
32.32,38.57473504836218,-122.41822946150549
32.32,38.57484684104687,-122.414074774164
32.31,38.57906032277432,-122.42279899558996
32.31,38.578403682664856,-122.41735896219333
32.3,38.57463245394406,-122.41462059593646
32.29,38.578632784767485,-122.41921129774946
32.29,38.577811211428916,-122.41654589815866
32.29,38.57568176804297,-122.42052572489007
32.29,38.57501836393482,-122.41406474947891
32.28,38.57883508888,-122.41853838917513
32.27,38.5789289357733,-122.42272027151574
32.27,38.57499874314892,-122.41894891514767
32.25,38.57888487137965,-122.4178539847895
32.25,38.57812082167593,-122.42131744217625
32.24,38.57803979711765,-122.41840964625882
32.24,38.57790401893396,-122.42094555517156
32.24,38.57573347432419,-122.42057549721191
32.24,38.57518514431272,-122.42055710456518
32.24,38.57470683608985,-122.4147638193719
32.23,38.580561474439925,-122.42013658634812
32.23,38.57860501023199,-122.42232882882521
32.23,38.57659357122547,-122.4191149666443
32.22,38.58171535949606,-122.41932893378745
32.22,38.58146192642695,-122.41974567915099
32.22,38.579315942337914,-122.41826495246906
32.22,38.57452204287069,-122.41738767727657
32.21,38.578722851112815,-122.41785324654073
32.21,38.57521707548858,-122.41521510910802
32.2,38.57518266661527,-122.41789618795863
32.19,38.581691419551966,-122.42003825121645
32.18,38.581875469059476,-122.42053385450826
32.18,38.57529895808358,-122.41713654679093
32.17,38.57995421593863,-122.41944852258511
32.17,38.57808965925584,-122.42140684574952
32.17,38.57778462500357,-122.42138384838867
32.16,38.57884845417134,-122.41786271016886
32.16,38.574276236078745,-122.41899769150103
32.15,38.58028990142213,-122.42307523909248
32.15,38.57762366721953,-122.42136024443863
32.14,38.58007186996811,-122.4233111222024
32.14,38.57482042147699,-122.41871757504816
32.14,38.57494160459273,-122.41513702338919
32.13,38.57714084792523,-122.42109446507294
32.13,38.574877020073075,-122.41361830063941
32.12,38.57578783484156,-122.4205681259019
32.12,38.575706081324576,-122.42038993258555
32.12,38.57505252281952,-122.41914793441082
32.12,38.57474333829212,-122.41436516624717
32.11,38.57764731447106,-122.41774927396756
32.11,38.57708266268549,-122.41963352029762
32.11,38.575170051758874,-122.41545241050353
32.1,38.582576051763404,-122.4196002663418
32.1,38.581083253842955,-122.4187880968433
32.09,38.576676323015235,-122.4151988347182
32.09,38.574152655623344,-122.41933243476946
32.08,38.57799904974119,-122.41191504664967
32.08,38.57703886601326,-122.42154553516073
32.08,38.57378989000921,-122.41803210229791
32.07,38.58178872485089,-122.4193000544656
32.07,38.57875462078845,-122.41949574151712
32.06,38.58174530217999,-122.41984732794447
32.06,38.579123711947126,-122.42259732903744
32.06,38.574182320648944,-122.41675425599283
32.05,38.57767601249144,-122.42100865009645
32.05,38.574026522062034,-122.41933439865679
32.03,38.5788366307915,-122.4186990749101
32.03,38.578032478076445,-122.42205627399535
32.03,38.57444341225773,-122.4194690299266
32.02,38.577422153068184,-122.42104685769749
32.02,38.57553116028736,-122.41717697521025
32.0,38.581622989297436,-122.41937931997956
32.0,38.57741444492949,-122.42218170879087
31.99,38.579012448851,-122.41840265356018
31.99,38.577473528803765,-122.42226644698974
31.99,38.57679713348864,-122.41026481469936
31.99,38.575278845487965,-122.41737587421484
31.99,38.574496905617266,-122.41657151582729
31.99,38.574337344869555,-122.41942663152169
31.99,38.5738534075002,-122.41937869620477
31.97,38.577743591900564,-122.42091052307856
31.97,38.57769284728027,-122.41715631260104
31.97,38.57530145283399,-122.4197974697322
31.96,38.582355309887866,-122.4136881356876
31.96,38.581691472502264,-122.41984327019517
31.96,38.57752175964063,-122.41754484080144
31.96,38.57431024579073,-122.4180713035188
31.95,38.57503511996221,-122.41467384987945
31.94,38.57848756289594,-122.41749144275613
31.94,38.57824184939668,-122.41871160016498
31.94,38.57775919335272,-122.42173747213877
31.94,38.57435510404401,-122.4180746829818
31.93,38.58172146639054,-122.42016668308443
31.93,38.57860950015372,-122.41738593727149
31.93,38.578236592610764,-122.41863091993956
31.92,38.58052350427434,-122.42192296830326
31.92,38.578152569199126,-122.42102163824711
31.92,38.57812613111909,-122.42120315118807
31.9,38.581915971646126,-122.41908025065689
31.9,38.57806762948963,-122.41684047215263
31.9,38.57788105398627,-122.41077072241912
31.9,38.57429027633774,-122.41772574333454
31.89,38.57949043857876,-122.41217639513768
31.89,38.5780047761972,-122.42110224933234
31.88,38.579435807079356,-122.41801018953842
31.88,38.57819255948316,-122.41744627917514
31.88,38.578236193583976,-122.41359592551972
31.88,38.57654845625384,-122.42008642181007
31.87,38.57801263156741,-122.4213207546256
31.85,38.5795293848949,-122.4231669815487
31.85,38.57862739523052,-122.41758226227147
31.85,38.57455301094437,-122.41807812411494
31.85,38.57400930848021,-122.41854177672967
31.84,38.57788935165607,-122.42242396181186
31.83,38.58177269490916,-122.42003290836247
31.83,38.57807297526505,-122.42254103040403
31.83,38.57750278885653,-122.42144288349641
31.81,38.57721368256941,-122.42107701785721
31.79,38.57554273733887,-122.41731547202929
31.78,38.57810643039651,-122.42182099861652
31.78,38.57430203951127,-122.41921753769181
31.78,38.574222505382465,-122.41860371357723
31.78,38.57395292313254,-122.4182049429385
31.77,38.581482788216654,-122.42065335578408
31.77,38.58101758410272,-122.42155879021749
31.77,38.57761335405468,-122.41848073510984
31.77,38.57663955364454,-122.42083876588616
31.75,38.57871026245312,-122.41754262865454
31.75,38.577289363161114,-122.41828428716755
31.75,38.57502190610297,-122.41476460424687
31.75,38.574907437783075,-122.41451514431417
31.75,38.57385665627484,-122.42105333410764
31.74,38.57466848355637,-122.41849969255648
31.74,38.57474240319263,-122.41380313376534
31.74,38.57437183263811,-122.41655062732588
31.74,38.574085077770434,-122.41943055891753
31.73,38.580922993169786,-122.42010649076362
31.73,38.58018381434211,-122.41935113306718
31.73,38.57750485794125,-122.42159213683877
31.73,38.57573958332121,-122.41734176910501
31.72,38.58245265815756,-122.41255994982598
31.72,38.579743496179255,-122.41797602690163
31.7,38.57601658032379,-122.41971373947047
31.7,38.57485191213671,-122.41939659580228
31.69,38.57947620176708,-122.42276154356358
31.69,38.575840493864646,-122.4120622595288
31.68,38.58191884176434,-122.42018156245263
31.68,38.57985786688333,-122.41415385577852
31.68,38.57400439564516,-122.42116768647462
31.67,38.58184643057867,-122.42057754417623
31.67,38.58024595746966,-122.41781890651184
31.66,38.58217056523775,-122.41825067539277
31.66,38.57796788197247,-122.42092743137206
31.66,38.57758721408047,-122.4174924267136
31.65,38.58208202948448,-122.4197694831931
31.64,38.577524283703035,-122.4219491413284
31.64,38.574581035307574,-122.41786233252958
31.63,38.58177837417028,-122.4204921252588
31.63,38.5753412573851,-122.41680714078666
31.62,38.580846281336264,-122.42078888214171
31.62,38.57873066857798,-122.42214332769143
31.62,38.57693226816103,-122.41957630997187
31.59,38.57553716056121,-122.42053776265027
31.58,38.57841979331544,-122.42224604710466
31.58,38.578134826816914,-122.42217868259381
31.58,38.57803815108537,-122.42251546612903
31.57,38.582214585355494,-122.41943538168088
31.57,38.578898618567386,-122.41775179718316
31.57,38.57854771154377,-122.41755332039365
31.57,38.57780016542965,-122.41406774044565
31.57,38.577433056036234,-122.4177101935634
31.57,38.57712103770887,-122.42210224055984
31.56,38.58249100768925,-122.41988060162103
31.56,38.578956551273265,-122.4221259527736
31.55,38.57480970759072,-122.41933607240972
31.54,38.578463831396896,-122.41742083964739
31.54,38.57531473212612,-122.41737857753222
31.54,38.574756608078154,-122.41854073796145
31.54,38.57390091920691,-122.41932493409705
31.53,38.57479769883805,-122.41668591941311
31.52,38.57758571790469,-122.41713677321398
31.52,38.577319588383496,-122.41549959356207
31.52,38.57489536918756,-122.41419311384409
31.51,38.574639495132764,-122.41834841694306
31.5,38.57942977613516,-122.42085413269558
31.5,38.57766974675054,-122.41435611746128
31.5,38.576711537799774,-122.42006430670523
31.5,38.57510566940209,-122.41974830898752
31.5,38.57400167949027,-122.41948161683162
31.49,38.581365414292414,-122.41949754139635
31.49,38.57840169623796,-122.41895302927647
31.49,38.57409810965631,-122.41798651106807
31.48,38.57535221035971,-122.41734699465398
31.48,38.5752007057599,-122.41750761209867
31.47,38.58204046102793,-122.41930755913869
31.47,38.57802885055455,-122.41786977253427
31.47,38.57686787475089,-122.42154411270101
31.47,38.575523671746474,-122.41966512365357
31.47,38.57569248664698,-122.41564084534028
31.47,38.57465097199883,-122.41887683631586
31.47,38.57421656873093,-122.41911934921134
31.46,38.58002824263472,-122.41455664627418
31.46,38.57550243041769,-122.41352775467992
31.46,38.57458822012576,-122.41867714237677
31.45,38.575507381226515,-122.41730133996204
31.45,38.57496126799903,-122.4145191971033
31.45,38.57483190960471,-122.41478470496212
31.44,38.578669600514196,-122.41764278822555
31.44,38.578381107171474,-122.41687555559295
31.44,38.57734782601933,-122.41430894105001
31.43,38.57707374507531,-122.42137613041162
31.43,38.57465420550929,-122.41861330261105
31.41,38.5778469496933,-122.42120504186298
31.41,38.57757708448165,-122.41790454954015
31.4,38.57767361463091,-122.42202921513676
31.4,38.57491559110244,-122.41802515974203
31.39,38.57762344650839,-122.4221401228572
31.39,38.5749043994697,-122.41846012425093
31.38,38.58115396540062,-122.41881636526183
31.38,38.57931678058274,-122.42289862176905
31.38,38.57792654519232,-122.41755239850842
31.38,38.57551848801201,-122.41492814947762
31.38,38.57475822590062,-122.41385019933557
31.37,38.577925570322094,-122.42125684545168
31.37,38.57758842011477,-122.4209561706492
31.37,38.57611711353132,-122.41871206049221
31.37,38.575382197444455,-122.41980355491886
31.36,38.57587585079451,-122.41207638917365
31.36,38.574696760747834,-122.41498096424992
31.34,38.57994077300675,-122.41838085244201
31.33,38.578816330498334,-122.41758502770125
31.33,38.57674517413665,-122.41643119475874
31.32,38.57833544364213,-122.4219300193857
31.32,38.57671010269003,-122.42145193571751
31.3,38.58204258421411,-122.41926184010966
31.3,38.57775756473106,-122.41576195913333
31.3,38.57602003501588,-122.42060856575081
31.29,38.57927942509475,-122.4186636271749
31.28,38.5787671787286,-122.41786805566649
31.28,38.578379372479795,-122.41749476094107
31.28,38.578064553241596,-122.42059064547354
31.28,38.57431578740882,-122.4191153569128
31.27,38.5801463355034,-122.4193827166641
31.27,38.57819184250945,-122.42211416701508
31.27,38.57766953243419,-122.42153573808889
31.27,38.57662505832997,-122.41979400417601
31.26,38.57865228411659,-122.4172400605756
31.26,38.577632162250495,-122.42117738011657
31.25,38.57890291183405,-122.41746538895597
31.25,38.5773157158632,-122.42043097680921
31.24,38.581940180805624,-122.41933440982224
31.24,38.578762982619594,-122.41776451630619
31.23,38.57496922470569,-122.418809067355
31.22,38.58177858712162,-122.41971220035519
31.22,38.57661352118571,-122.41519410558362
31.22,38.57474146391341,-122.41789735553543
31.21,38.57982939855369,-122.41845274563133
31.21,38.57831550974875,-122.41751288792064
31.2,38.582324279501286,-122.41319259626901
31.2,38.5778490190314,-122.42135429595173
31.2,38.57484220435035,-122.4201871980772
31.19,38.57540024299936,-122.41941497921408
31.18,38.57806179134749,-122.42103773293242
31.18,38.57471226540355,-122.41406464308211
31.17,38.5809536652606,-122.4217718925657
31.17,38.5790117471501,-122.42287561708991
31.16,38.58151442719052,-122.4207474985093
31.16,38.5779364457145,-122.4219916874885
31.15,38.57729002145618,-122.41555471200807
31.15,38.57529763360703,-122.42026739771198
31.14,38.57567187361808,-122.41336847826143
31.14,38.57518633239062,-122.41801115081546
31.13,38.57736103974004,-122.41421818366452
31.12,38.5783649017334,-122.42226484628397
31.11,38.57869120943111,-122.4177591086257
31.11,38.57768269688027,-122.4216399521055
31.11,38.57739871272468,-122.41786817250366
31.11,38.57601235143454,-122.41767197458282
31.1,38.57767526310318,-122.4217999583807
31.1,38.575552127508196,-122.41982783022276
31.1,38.575473297588125,-122.42055588644482
31.09,38.581254781713355,-122.4207164534637
31.09,38.57476539577472,-122.41485997732397
31.08,38.577805753892555,-122.42131662688598
31.08,38.574164761003345,-122.41945950044091
31.07,38.57907418896487,-122.41843024450124
31.07,38.574347675677515,-122.4182346828223
31.06,38.58165280492266,-122.4222260521273
31.06,38.57890078949424,-122.41751110613092
31.06,38.5779661807346,-122.42135165991965
31.06,38.574900154363775,-122.4185515533762
31.06,38.57483415787683,-122.41415409975045
31.05,38.58236083730618,-122.41919406976479
31.05,38.58096678948915,-122.42013273143372
31.05,38.57858779446555,-122.41765956322496
31.05,38.57565507693684,-122.4176106531622
31.04,38.57889310636104,-122.42252259230817
31.04,38.57782153823164,-122.41748714194506
31.04,38.57626247798337,-122.41984695975712
31.03,38.57734560198307,-122.42114430782178
31.03,38.57722567660399,-122.42159402626766
31.03,38.57412005331392,-122.41887123835451
31.02,38.57726055576633,-122.42142462111994
31.02,38.57605071847939,-122.42033562742563
31.02,38.574564964638334,-122.41432880014838
31.02,38.57399642843136,-122.4172678052592
31.01,38.581293641342256,-122.41949213148797
31.01,38.57864803961835,-122.4173314946371
31.01,38.57750063286789,-122.41761206341558
31.01,38.574159703881435,-122.418598981893
31.0,38.57734835155392,-122.41662572408327
31.0,38.57481622571194,-122.41861404145119
30.99,38.57741209854361,-122.41234110430773
30.99,38.5767957750065,-122.41669879149636
30.99,38.57453931234526,-122.41798534358387
30.98,38.57624090888135,-122.41526926690216
30.97,38.58214260106035,-122.42020990075831
30.97,38.57763622042848,-122.41779431438717
30.97,38.575517752834266,-122.41804758827293
30.96,38.57860039876609,-122.4218467746592
30.95,38.577619585549705,-122.41446703140387
30.95,38.577247606001905,-122.4205405327626
30.95,38.577180450725606,-122.42101716774991
30.94,38.579777248716155,-122.41356284487742
30.94,38.57559550623589,-122.41734238454607
30.94,38.574938644774555,-122.41869207694545
30.92,38.574871063091834,-122.41432890759805
30.91,38.58100606805343,-122.42122530374888
30.89,38.57990930589889,-122.41964011784663
30.88,38.58227995114921,-122.41317778896955
30.87,38.57771535832961,-122.41570143500358
30.87,38.57583868864024,-122.41986089563092
30.85,38.57791394400281,-122.42131331440316
30.85,38.577500302078164,-122.41451539526813
30.85,38.57499755598706,-122.41509536176805
30.84,38.58208281985321,-122.41878314234991
30.84,38.576280635884096,-122.42100668055387
30.84,38.57549667442023,-122.41791984433277
30.84,38.57416669937624,-122.41806048928784
30.83,38.58208797311417,-122.41925379148235
30.81,38.57912718259407,-122.41961557551473
30.81,38.57692616753586,-122.42067686840997
30.81,38.57479755163119,-122.41940396799625
30.79,38.578526390206356,-122.4222770235392
30.78,38.58115704711311,-122.42107611279005
30.78,38.578120786249805,-122.41744087192161
30.78,38.57792442286352,-122.41759811505786
30.78,38.577751064969746,-122.4141557964647
30.77,38.578662193289766,-122.4216793958459
30.76,38.58196730874724,-122.42049489944569
30.76,38.57544484285182,-122.42039317988927
30.75,38.57850989355009,-122.41681644194206
30.74,38.57851134252376,-122.41736707304061
30.73,38.579227965217044,-122.41763897995565
30.73,38.57868729851663,-122.41648572883366
30.73,38.57796575811072,-122.41690161299064
30.73,38.57768981120436,-122.41431175183848
30.73,38.57687245182658,-122.41368823281456
30.71,38.578566746667306,-122.42140840777338
30.7,38.58156687873316,-122.42000592350124
30.7,38.57585457559644,-122.41757980707578
30.7,38.574931297848394,-122.41400085173825
30.7,38.57490858259742,-122.41410235947627
30.7,38.57460460488504,-122.4140565382653
30.69,38.578807985617004,-122.41718297510353
30.69,38.576551183353104,-122.41304472625328
30.67,38.578604004336945,-122.42215671496467
30.65,38.58197978286551,-122.41925710652946
30.65,38.577119333462086,-122.41864995218394
30.65,38.57479305238426,-122.41387575827143
30.64,38.5815140576441,-122.42017398685125
30.64,38.58029272915707,-122.42243316205075
30.63,38.573305247082196,-122.42071359395527
30.62,38.58058258806825,-122.42200771028645
30.62,38.57774518933749,-122.41447648876168
30.62,38.575343605366534,-122.42005295758064
30.62,38.574131678264514,-122.41881477178163
30.62,38.57392363879043,-122.41922342993763
30.6,38.576792229991575,-122.42026536015614
30.6,38.57646850866003,-122.4210323118573
30.59,38.57884128727868,-122.42286276168554
30.59,38.5780410058565,-122.41780187358827
30.58,38.581378791326635,-122.4207602118093
30.58,38.58047053594829,-122.42073761515651
30.58,38.57606181340606,-122.42029058848162
30.56,38.58259771080376,-122.4195216100269
30.56,38.57919154801507,-122.4176477054673
30.56,38.57815011011679,-122.41836061278248
30.55,38.575123137425024,-122.42150432851558
30.53,38.57383864848255,-122.41930877338251
30.52,38.579625223424884,-122.41819650274704
30.52,38.57927503750415,-122.41255014032402
30.52,38.57794972070712,-122.42170596101192
30.5,38.57841655058848,-122.42250959349057
30.5,38.577720352242146,-122.41462371682292
30.5,38.57508335075198,-122.4182901087053
30.48,38.579628206740644,-122.41890782915011
30.48,38.5746888379789,-122.41728555565524
30.46,38.57817920956622,-122.42199852311725
30.46,38.574630280433546,-122.41718939606915
30.45,38.578684311420666,-122.41790768891805
30.44,38.57493467777258,-122.41974689139089
30.43,38.57840276410504,-122.41679690268958
30.43,38.57406250616989,-122.41681404283759
30.42,38.57651442848174,-122.42101283572609
30.41,38.57666227478893,-122.4207372585889
30.4,38.58192489155073,-122.41927590866521
30.4,38.57854522537632,-122.42284043413633
30.4,38.57718277677835,-122.42212983366248
30.4,38.57467360062813,-122.41470397403532
30.39,38.581302980894066,-122.42374807083638
30.39,38.577989433389206,-122.42123872193187
30.39,38.576315246136666,-122.4198738743996
30.38,38.57855500981944,-122.42185482149326
30.38,38.574530626247395,-122.41448677509338
30.37,38.57477792908617,-122.41769366777288
30.37,38.57475341250192,-122.41414802100714
30.36,38.57799723358137,-122.42165219782208
30.36,38.577524364317355,-122.41768266558826
30.36,38.57704794639989,-122.42115627531271
30.35,38.58140809673754,-122.41974162151867
30.35,38.57998426367664,-122.4195769510861
30.35,38.57951560262533,-122.41299261570049
30.34,38.582011422964506,-122.41935124945006
30.34,38.577182097091914,-122.42078791231046
30.34,38.57502322912374,-122.42016643561122
30.33,38.574282782212485,-122.41594755687036
30.32,38.578105495782296,-122.41738237426729
30.31,38.58226183278911,-122.42035652693185
30.31,38.582004574545856,-122.41930485421136
30.31,38.580044717824855,-122.41846897146159
30.31,38.57807787753449,-122.42010994667945
30.31,38.57776545455062,-122.42199026369575
30.31,38.57487285520334,-122.41797606566037
30.31,38.57345245605982,-122.42083937301591
30.3,38.578378505899984,-122.42080928787863
30.3,38.57421391526583,-122.41917649180947
30.27,38.58176998718351,-122.42028503804691
30.27,38.5814256136508,-122.41936444296445
30.27,38.57789354788121,-122.41651769279525
30.27,38.57533904176431,-122.41724278440856
30.26,38.58191267446075,-122.42147717797069
30.26,38.57600617876615,-122.42110067923062
30.25,38.57479620910747,-122.41846344144267
30.23,38.58048645300114,-122.41632305042141
30.23,38.58000092102835,-122.41844273216697
30.23,38.5764890219413,-122.41496682160313
30.22,38.57763507320272,-122.42208365431016
30.21,38.577460585635016,-122.42138235660474
30.21,38.57638110760861,-122.41108221375183
30.21,38.57480675429165,-122.4139685387374
30.2,38.579188412938926,-122.41752130680484
30.19,38.57853295174119,-122.4174833931279
30.18,38.578467724690576,-122.42257079840124
30.18,38.578652862318414,-122.417033657999
30.17,38.57505566215943,-122.41714115769736
30.16,38.579077038966695,-122.41759320077495
30.16,38.578728431503706,-122.42257898936681
30.16,38.57501436087003,-122.41977583371039
30.15,38.58145751011376,-122.41848368228065
30.15,38.58108952061194,-122.41904090064794
30.15,38.57831607297066,-122.42137803928969
30.15,38.575546449528645,-122.42130686667305
30.15,38.575372806318654,-122.41729120262094
30.14,38.57724777011875,-122.41568915821767
30.14,38.57447231432336,-122.41787707925204
30.14,38.5744243206153,-122.41774730967356
30.12,38.5807457409274,-122.42353399307562
30.12,38.576148716286674,-122.42093939206299
30.12,38.57457870833949,-122.41422661755844
30.1,38.578250982255845,-122.42200393491768
30.1,38.57679249420269,-122.42122876897997
30.1,38.5744074860539,-122.41752813913097
30.08,38.577478073073834,-122.41480044781237
30.08,38.57429447295194,-122.41782927620996
30.07,38.57874371924142,-122.42263748834472
30.07,38.5776261719152,-122.41568324909979
30.07,38.57479774083134,-122.41416282679035
30.06,38.58164454372845,-122.4196906265559
30.04,38.578803741149,-122.41727440937107
30.04,38.57764504493608,-122.41837990149222
30.04,38.57692250460622,-122.4205619029284
30.04,38.57411681936272,-122.41913477001944
30.03,38.57466496360675,-122.41779984370004
30.02,38.57502276860734,-122.41784973595162
30.01,38.57405739930239,-122.41828162482986
30.0,38.57863173575524,-122.41710088181927
30.0,38.57734798244292,-122.42206200738326
29.99,38.57623458886531,-122.41521144674495
29.99,38.57541075588542,-122.41957633322768
29.99,38.57480826115235,-122.41432417952608
29.98,38.58164648872685,-122.42216822734545
29.98,38.57782045661671,-122.42158152413516
29.97,38.57917095168445,-122.41770350021899
29.96,38.58175108868339,-122.41991658243792
29.96,38.5757726182008,-122.41100202275439
29.96,38.57513460414258,-122.4200945491449
29.95,38.57783775825856,-122.42198424636828
29.94,38.578660189225715,-122.41260708306535
29.94,38.57389305916169,-122.41910644115822
29.92,38.576257305191255,-122.41510993764511
29.91,38.57913930992088,-122.41760936174434
29.91,38.57316966363819,-122.42053134997272
29.9,38.58163355624835,-122.41507897570688
29.9,38.57787014790819,-122.42128707438022
29.9,38.57511966186864,-122.41420999952815
29.9,38.57480055140703,-122.4179820871559
29.89,38.57765041693971,-122.42194718267343
29.88,38.57682907245751,-122.42063514264217
29.88,38.5761935743123,-122.42094277353182
29.85,38.57835013461336,-122.41618507139076
29.85,38.577427595614125,-122.41394793762058
29.85,38.57505420880502,-122.41426241524739
29.84,38.579296072754424,-122.41752941812197
29.84,38.57808886691957,-122.42045484878426
29.84,38.57524921539144,-122.41975912694042
29.84,38.57427199061081,-122.41908911974852
29.83,38.5748012825658,-122.41486267934002
29.82,38.57761161853294,-122.4210382028011
29.81,38.578464707243164,-122.42205445784944
29.81,38.578438618215245,-122.41466633214155
29.8,38.57942529266719,-122.41784882637445
29.78,38.5747233192156,-122.41654269407078
29.77,38.58048325660086,-122.42240165247463
29.75,38.58108979076509,-122.42000436838656
29.75,38.57806445847204,-122.4145808124728
29.75,38.575301775271335,-122.4205658954788
29.75,38.57508608232097,-122.41997620576599
29.74,38.57546633458848,-122.41449987963077
29.74,38.574175956034026,-122.41902454099915
29.73,38.577526095836916,-122.42113497681827
29.73,38.57488706244201,-122.42019057892033
29.72,38.58099363863286,-122.4183913766268
29.72,38.580216139289476,-122.41884891259818
29.72,38.57889615819891,-122.41702904793371
29.72,38.57813317749271,-122.42240794072084
29.72,38.576470948412755,-122.41981679605897
29.72,38.57560176255715,-122.41972835238568
29.71,38.57489231268608,-122.4136767950003
29.71,38.574074908716426,-122.41790448380142
29.71,38.574032938832104,-122.41686915832405
29.7,38.57989856865197,-122.41385871496392
29.7,38.577198183106425,-122.4155936717563
29.7,38.57469771474003,-122.4176761564557
29.69,38.576800880550394,-122.42143584166476
29.68,38.576169066004816,-122.4177870002382
29.67,38.581608657266784,-122.41968792147624
29.67,38.578959346315486,-122.41760727208411
29.67,38.5777621092166,-122.4166339522732
29.67,38.57481453425429,-122.41903825241725
29.66,38.57874367966607,-122.41895586282722
29.66,38.57421961174991,-122.4175025182866
29.64,38.57834372272539,-122.41651719475949
29.62,38.579673745784866,-122.41385325697283
29.62,38.57514359649956,-122.41796205653716
29.62,38.57460891468438,-122.4182314272296
29.61,38.578677200588935,-122.42271275650356
29.6,38.581316997622494,-122.42092759763433
29.59,38.58212894113654,-122.41798373354999
29.58,38.58218326544135,-122.42010973828492
29.57,38.58218187759184,-122.42130249101899
29.57,38.5763864363299,-122.42008567916643
29.55,38.58035825948999,-122.42024743203739
29.55,38.57510485766218,-122.4143350403856
29.53,38.578505212739664,-122.41652935913572
29.53,38.57709948834464,-122.42179095381232
29.52,38.578433593159346,-122.4108925827534
29.51,38.58252480431412,-122.4177956375069
29.51,38.57743825189476,-122.41585260118536
29.51,38.57427976068272,-122.4175643918295
29.51,38.57417480066693,-122.41730417810281
29.49,38.575705723486394,-122.41768328107665
29.49,38.57534949555001,-122.41973227826433
29.48,38.57792020608482,-122.42156610657871
29.47,38.576740523620046,-122.42021558721763
29.47,38.57541023715037,-122.41745458413175
29.45,38.582198449447795,-122.4164864277193
29.44,38.58019002786244,-122.41979891058442
29.44,38.579532519243735,-122.41747841643326
29.44,38.57674179596025,-122.42135110493874
29.43,38.57500810410319,-122.41738988552494
29.42,38.58075608843495,-122.42059856947456
29.41,38.58119235150811,-122.41934686122534
29.41,38.57606956450014,-122.42089901909878
29.41,38.57494679885152,-122.41774079508248
29.41,38.574903190616716,-122.41693470609444
29.4,38.581312541365534,-122.41986058477913
29.39,38.5764914416666,-122.42015093780897
29.39,38.57483108341571,-122.418294039834
29.38,38.577592720872275,-122.42066976876555
29.37,38.58205956906419,-122.41889608770403
29.36,38.57914519247509,-122.41263212120845
29.36,38.57783919125685,-122.4141968389234
29.35,38.58138980196249,-122.42284851829551
29.34,38.58104410211359,-122.42292567132088
29.34,38.576863681727346,-122.42144057626587
29.33,38.580198130664975,-122.41477589014909
29.33,38.579070720287504,-122.41753537823331
29.33,38.5786892794941,-122.41702493220346
29.33,38.57589054902641,-122.41932577167903
29.33,38.57534679011289,-122.4199843854878
29.33,38.574631965077664,-122.4167651853547
29.31,38.58108675723782,-122.42142637087751
29.31,38.57771093615425,-122.41424452785712
29.3,38.57798873824147,-122.41330203678189
29.29,38.57494534965915,-122.41719019155504
29.29,38.574748068103574,-122.41445727124218
29.29,38.57411224159574,-122.4184577840003
29.27,38.5750473157777,-122.41441098890947
29.26,38.58130091551722,-122.41991705663878
29.24,38.574631031374466,-122.41387503013586
29.24,38.57436696597143,-122.41704340810682
29.23,38.58096710530394,-122.42090121762003
29.23,38.576563162134875,-122.42035131446356
29.23,38.575354237261706,-122.41769120827547
29.22,38.576239547475225,-122.42072833136932
29.21,38.58066265601608,-122.42067181246377
29.21,38.577257424555626,-122.4212982261886
29.19,38.5818879291683,-122.41270095318693
29.19,38.58137549947335,-122.4192803780669
29.19,38.578471973265074,-122.42247936536363
29.18,38.57861892830472,-122.42164172611157
29.18,38.576025440765875,-122.4135097812416
29.17,38.5754950340886,-122.41814909512172
29.17,38.57478505760632,-122.41424215230089
29.16,38.57740732791195,-122.41244396669256
29.16,38.57458682350975,-122.41793158001697
29.15,38.577093335324534,-122.42114822808757
29.15,38.57650243148554,-122.42049583224899
29.12,38.577058878221465,-122.42169614034133
29.12,38.5759906457943,-122.41794559055599
29.12,38.5749326568071,-122.41940268044239
29.11,38.58122636106269,-122.42229711906084
29.11,38.578066261258236,-122.41357166316895
29.11,38.57632899480693,-122.41977169099205
29.1,38.576742911966456,-122.42113327986789
29.09,38.57411459557611,-122.41957040511141
29.08,38.581663198114875,-122.42277738110964
29.08,38.578802727809965,-122.41710229422364
29.08,38.57398205670812,-122.41777133572162
29.07,38.58225790311479,-122.41927806963943
29.07,38.57644377095023,-122.42078960100365
29.06,38.575461269926784,-122.41810067645827
29.04,38.58337334796839,-122.41600144234194
29.04,38.57749866798118,-122.4147446533228
29.04,38.57697587079323,-122.41378777021774
29.03,38.57744797613657,-122.41486699581282
29.02,38.57702282548943,-122.42227833848312
29.02,38.57612001128148,-122.41768008520401
29.02,38.57523721745482,-122.41710895876221
29.02,38.57486595748929,-122.41812463803355
29.02,38.5738564056086,-122.41795683403586
29.01,38.5762486772018,-122.42014410925468
29.0,38.582158270999656,-122.41677014574535
29.0,38.5800593756983,-122.41892885401835
28.99,38.58138919163049,-122.42131153928659
28.99,38.580322796930155,-122.42062325174643
28.98,38.58102040395016,-122.42091670561855
28.98,38.579621994069946,-122.41399846268084
28.98,38.57747380478618,-122.42129160103218
28.98,38.575075621210104,-122.41961988941262
28.98,38.5740760651977,-122.41749170522256
28.97,38.581127269775706,-122.41997278477699
28.97,38.57472549721447,-122.41843517660607
28.97,38.573927551358985,-122.41836359001384
28.95,38.58242288406095,-122.41358999516224
28.94,38.579344547850475,-122.41784274249683
28.93,38.57513326752048,-122.41915401881622
28.92,38.57881556720552,-122.42050962842264
28.92,38.57864709929205,-122.42277930170393
28.91,38.58107803607221,-122.42238915966738
28.91,38.57689849388514,-122.41526144068115
28.91,38.57601079329328,-122.41964449057046
28.91,38.57502517277664,-122.414306103902
28.9,38.578068382020874,-122.41352594622427
28.89,38.58133142783676,-122.41615730929492
28.89,38.578937252476976,-122.41265087682581
28.89,38.57583462460605,-122.41238294415308
28.89,38.57469183041978,-122.417996833701
28.88,38.5813086415622,-122.42246389908296
28.88,38.57768789630585,-122.42191560144384
28.88,38.57792324405393,-122.41354942722852
28.88,38.57648008094689,-122.4211708105854
28.88,38.574596759369136,-122.41829932289323
28.88,38.57466422562523,-122.41412983819072
28.86,38.57528558112248,-122.4199453663904
28.85,38.58182144149559,-122.42305311965825
28.84,38.58020302640674,-122.41641639525271
28.84,38.57866574334002,-122.42218430883366
28.84,38.57668292541235,-122.42048649946715
28.83,38.5809193301414,-122.41999151881417
28.83,38.57851476337049,-122.42233349272851
28.83,38.57657993769164,-122.42076545867073
28.83,38.57634589605778,-122.41028821116058
28.8,38.58186920574407,-122.42028104817679
28.8,38.576142633241595,-122.41796851003268
28.79,38.577022039252455,-122.42132635650913
28.79,38.576894952142965,-122.42096123869177
28.78,38.57512907373973,-122.41691731418956
28.77,38.581148127187014,-122.41894209112377
28.77,38.57980832136139,-122.41386338945713
28.77,38.57601708418279,-122.41038963103149
28.76,38.57716351535523,-122.42118792567737
28.76,38.57691538750412,-122.42149035012157
28.75,38.58156273752676,-122.4197073994807
28.75,38.57531350572431,-122.42011950114876
28.74,38.578182560946765,-122.42134503511139
28.74,38.576045250588024,-122.42103481183428
28.74,38.575177869843245,-122.42013221592754
28.74,38.57387955814289,-122.41823382120218
28.73,38.58223363839922,-122.42115728669015
28.72,38.58194441023243,-122.41264785629838
28.72,38.58154755265501,-122.41925893713083
28.72,38.581415154241924,-122.42094646786057
28.72,38.58124623210317,-122.42109430671314
28.72,38.57808264616735,-122.42194536560814
28.72,38.57552882456572,-122.42013572933566
28.71,38.57936158082461,-122.42309697892074
28.71,38.57914254176198,-122.41734581117768
28.7,38.58172247468642,-122.42033880475036
28.7,38.58131848499698,-122.41934489864897
28.69,38.57675021787286,-122.41515852347608
28.67,38.577568244792246,-122.42139047318437
28.66,38.58133566985212,-122.42207596972258
28.66,38.57918970875069,-122.418656866334
28.66,38.57618147083299,-122.42081570416683
28.66,38.576098886383015,-122.41309096313002
28.65,38.581146327401456,-122.41975629860254
28.65,38.57753713691149,-122.42128490661628
28.65,38.57601270869515,-122.42037863769258
28.65,38.57518896465459,-122.42008717747488
28.64,38.57895254530452,-122.41736590487231
28.63,38.581983916155686,-122.42149401968084
28.63,38.57841330726656,-122.42277313978232
28.62,38.581981994166554,-122.41455466912157
28.61,38.58192122781584,-122.41916093504932
28.61,38.57943952154664,-122.41793018395185
28.61,38.575529458799025,-122.41973437207893
28.6,38.578708042596475,-122.4179782923787
28.6,38.57475916076383,-122.41441223191524
28.59,38.58143777003582,-122.41929654122663
28.59,38.58030071371704,-122.42032338042948
28.59,38.57677275639457,-122.41583688780733
28.58,38.58178612268955,-122.41916222163279
28.58,38.57710000808546,-122.41324660398658
28.57,38.57903854779025,-122.41745266926982
28.57,38.57783441895008,-122.41429970160084
28.56,38.57621741043696,-122.42062344329621
28.54,38.578168532755875,-122.42242207590198
28.53,38.58207926892422,-122.42021659608125
28.53,38.58147432151374,-122.42257962113395
28.53,38.57825097851764,-122.41094765673716
28.52,38.58270245409401,-122.4164899880221
28.51,38.580019992638775,-122.42016458542713
28.5,38.578672459967386,-122.41195425926975
28.5,38.57782938320338,-122.41557239327743
28.5,38.57597324177473,-122.41327647555791
28.49,38.576527647263966,-122.42092208122801
28.47,38.57825820333081,-122.41661397549491
28.47,38.57657717579849,-122.42121253679694
28.47,38.57606772491246,-122.41783670953494
28.46,38.57773700224451,-122.42182755150105
28.45,38.57725868410499,-122.41855723158777
28.44,38.57716871599882,-122.42146357310956
28.43,38.579937538612874,-122.41864440561477
28.42,38.58112429169076,-122.42119980884725
28.42,38.5776978134624,-122.41840681573409
28.42,38.57642654235861,-122.41805871308263
28.41,38.5778634550927,-122.41425601136623
28.41,38.57682466408885,-122.42131147661226
28.41,38.576718505677086,-122.41293116271792
28.39,38.57373340719156,-122.41808518937792
28.38,38.58114314238775,-122.41982487623568
28.38,38.57877417335576,-122.41732952805489
28.38,38.57665685835275,-122.4212414815794
28.37,38.581783468767455,-122.41921937022454
28.37,38.579537456803486,-122.41193907684831
28.37,38.57848581644775,-122.41597737616928
28.37,38.57390232501852,-122.41793735638741
28.37,38.573575457137345,-122.42071102319991
28.35,38.579118279652185,-122.41728663676847
28.34,38.58155842257477,-122.42193219244808
28.32,38.583348602865215,-122.41343029937075
28.32,38.58088367615691,-122.42289063250719
28.32,38.574731757583024,-122.41422667104942
28.31,38.58221485114577,-122.42039886415094
28.31,38.58034936418476,-122.41578512641394
28.31,38.57855076172517,-122.42194625473098
28.31,38.57810515450932,-122.41661391602152
28.31,38.577376552681955,-122.41058366456727
28.31,38.57405238043276,-122.41722614585188
28.3,38.57743738745459,-122.42130032454862
28.29,38.57533685987375,-122.41961663914844
28.29,38.574819940219456,-122.418534041069
28.28,38.57860117922412,-122.42279877708746
28.28,38.57620015626283,-122.410713063559
28.27,38.57813998019117,-122.41663947761167
28.27,38.575411868279105,-122.41935851177718
28.26,38.576266672494405,-122.41995049539432
28.25,38.57818345766707,-122.42190709035849
28.24,38.57702729425566,-122.4214070353352
28.23,38.576079349482605,-122.41778024123934
28.23,38.57410259029566,-122.41692027839719
28.22,38.58010303396437,-122.42322171725972
28.22,38.57993765556265,-122.42019278704848
28.22,38.574714160329336,-122.42139321737848
28.21,38.58129900113523,-122.4191828550399
28.2,38.578899776522356,-122.41733899078831
28.19,38.58196156654071,-122.41615889845491
28.19,38.581340449356105,-122.42197310337869
28.19,38.57411947280187,-122.41907762749429
28.18,38.58190967954602,-122.42270421354226
28.18,38.57606048535632,-122.42128827378612
28.18,38.57499907142359,-122.41971733830796
28.17,38.580999170309575,-122.41943552705328
28.17,38.57861233208049,-122.42255876496937
28.17,38.57861649246801,-122.4168474105322
28.16,38.583584302576256,-122.41436564960142
28.16,38.57416419019436,-122.41753274900644
28.15,38.57801087346869,-122.42193995389856
28.14,38.57940421454386,-122.4177210753725
28.14,38.57758953556908,-122.42073834291564
28.14,38.5767008357888,-122.41156502925337
28.13,38.581951408184985,-122.42258119368574
28.11,38.57864524107833,-122.41797356048036
28.1,38.58024777990504,-122.41894305297087
28.1,38.57748048776799,-122.42192290110471
28.1,38.57507484521087,-122.41401165818567
28.1,38.573947037600156,-122.41852561664665
28.09,38.581983019188904,-122.41899354605381
28.08,38.57680188849965,-122.41966970429613
28.07,38.57486005436165,-122.41398401982386
28.06,38.580899626170755,-122.41867103159254
28.06,38.57535428503007,-122.41749624401503
28.05,38.57889664107261,-122.41721259261554
28.04,38.57888501661323,-122.41726906319971
28.04,38.578508138389104,-122.42150721172794
28.03,38.57809518418793,-122.42051267061045
28.03,38.577979551174586,-122.4166044548196
28.03,38.57765878531313,-122.41614446828423
28.03,38.573788002884285,-122.41923614648562
28.02,38.58081379418924,-122.41993768515204
28.02,38.5802023910193,-122.4189511017281
28.02,38.575535089824555,-122.42038851327985
28.01,38.57770320424902,-122.4157693341481
28.0,38.57484733128742,-122.41658644007038
27.99,38.58114590102094,-122.41937776898695
27.98,38.57555811851376,-122.41911722093678
27.97,38.5803049903864,-122.4159652961612
27.96,38.577604496987654,-122.42196665841078
27.96,38.57737290740521,-122.41764831687587
27.96,38.57647822347855,-122.42024169247503
27.95,38.58156438233228,-122.41947812971121
27.94,38.57426712269864,-122.41744875458828
27.93,38.57822188745956,-122.42224259304335
27.93,38.5752046068851,-122.414319612778
27.93,38.573872562003864,-122.41877231154385
27.92,38.581205412845456,-122.4198410397831
27.91,38.579770886095694,-122.4136999989384
27.91,38.577360140092544,-122.4219941100669
27.9,38.58155392203516,-122.41912178095572
27.9,38.57613105705946,-122.41783001203017
27.89,38.576752574877574,-122.4205376250571
27.89,38.57503702959483,-122.41986929117314
27.88,38.58171599346175,-122.41892754158259
27.88,38.577792699210036,-122.41442272052709
27.88,38.57666875069879,-122.42021017748895
27.87,38.57867513312091,-122.42256350085485
27.87,38.57875385985664,-122.41621548066185
27.87,38.57716170315008,-122.4220020860281
27.87,38.57577317238976,-122.41351372886167
27.85,38.57825931067244,-122.42240598298324
27.85,38.57775048509472,-122.41669042211267
27.83,38.57761081352403,-122.42202447988605
27.83,38.57469057322998,-122.4187995401159
27.82,38.57494055325262,-122.41263677926776
27.79,38.57736385711556,-122.42191410731202
27.78,38.58179617824013,-122.42282181992354
27.78,38.57608119051983,-122.42084255147316
27.78,38.57487318999823,-122.41874448822455
27.77,38.58219681038291,-122.41671570027688
27.77,38.58105555471222,-122.42345413628101
27.77,38.57967384558279,-122.41792490119231
27.76,38.57382312370429,-122.4180919481893
27.75,38.57882563868975,-122.4222307736159
27.75,38.5765499437868,-122.42044206916346
27.74,38.57949074731299,-122.41779641139378
27.73,38.58185831392153,-122.4214845486671
27.73,38.578138599728504,-122.42190370804937
27.73,38.57519602569435,-122.4172205427173
27.72,38.5808685161039,-122.41856546083957
27.72,38.57997725800892,-122.42011548632492
27.72,38.57843496805817,-122.42269448909532
27.71,38.57884825804168,-122.41650932259277
27.71,38.57650166215999,-122.41508246232542
27.7,38.582151216692026,-122.4153702990729
27.7,38.57359552370788,-122.42066666203722
27.69,38.57630834579759,-122.42002244927588
27.68,38.57692648290314,-122.4214453108817
27.67,38.58285691569691,-122.41257891324697
27.67,38.577822265661844,-122.41436760118947
27.67,38.57752867757405,-122.41506804663618
27.67,38.57548035452619,-122.41982242110974
27.67,38.57482196269468,-122.41441696005559
27.65,38.58011620714559,-122.41751092396056
27.65,38.577008068485796,-122.42220841210332
27.65,38.57530836565112,-122.41751572223926
27.65,38.57508077442621,-122.42009049216983
27.63,38.580359267904115,-122.42041955041655
27.63,38.57392123276292,-122.41830577165372
27.62,38.57745315224594,-122.42154236245567
27.62,38.577147137429726,-122.41494756378422
27.62,38.57674438414622,-122.41528424242426
27.62,38.57639541532489,-122.41077363021843
27.61,38.5808491497935,-122.41995181983492
27.61,38.5805395976169,-122.41905680207662
27.61,38.578025470484484,-122.41658497547016
27.61,38.57429210252839,-122.41671665040451
27.58,38.57663015744528,-122.42045958422082
27.58,38.574819651781354,-122.4175706561198
27.58,38.57468844759601,-122.41438397097505
27.56,38.581858426455405,-122.41915620157754
27.53,38.58041256665302,-122.42043503788018
27.53,38.58039915202676,-122.41723403513795
27.52,38.576919050373334,-122.4196670653448
27.51,38.57950948969003,-122.42262642187659
27.51,38.57445137766432,-122.41716445173714
27.5,38.57643108316427,-122.42086892659613
27.5,38.5761182447058,-122.42043246754346
27.47,38.57406352024027,-122.41911928541224
27.46,38.57793009500058,-122.41359581950185
27.45,38.57816628553846,-122.41471464062013
27.45,38.57735966447489,-122.42181057017469
27.45,38.5774894762317,-122.41067244444244
27.44,38.5804157519737,-122.42036646101127
27.43,38.58217089254199,-122.41901917593465
27.42,38.5757087560936,-122.41102015524802
27.37,38.581248356036234,-122.41911022004766
27.36,38.575361496551686,-122.42024927368125
27.36,38.574454144195364,-122.42078872100736
27.35,38.58172812362871,-122.4227363991361
27.34,38.581395992609224,-122.41961454285966
27.34,38.57841400797612,-122.42217679583499
27.34,38.57488901062278,-122.41879155473845
27.33,38.5762998528151,-122.42020531059222
27.33,38.57511767046032,-122.42026530263665
27.32,38.57626823633141,-122.41797797298875
27.32,38.573904203307364,-122.41886644323519
27.31,38.58177605250852,-122.42306116584004
27.31,38.57849581429984,-122.42216002608163
27.3,38.574289310207575,-122.41735867770288
27.29,38.57878374006026,-122.42293870631528
27.29,38.57821509151475,-122.41094495633597
27.26,38.5736335606505,-122.41849053050603
27.25,38.581577224184606,-122.41881385556293
27.25,38.58133117215063,-122.4192655673609
27.25,38.57952084596752,-122.41772986302551
27.24,38.582020029908236,-122.41664503304622
27.24,38.58093546640551,-122.42080707558853
27.24,38.57404302317759,-122.41878515499883
27.24,38.57378824985255,-122.41826134760844
27.23,38.581857051125496,-122.41394883257806
27.23,38.57774470193435,-122.41429294653761
27.23,38.573570610931,-122.41907067655602
27.22,38.5772627523978,-122.41478423442271
27.21,38.576931261395465,-122.42134245071885
27.2,38.582197445447534,-122.41398593400747
27.2,38.57510157624227,-122.41925484861282
27.18,38.581786380784095,-122.4137255859703
27.18,38.575048277162665,-122.41923936361947
27.17,38.581794999636614,-122.4232346406026
27.16,38.57759046259907,-122.41490066322685
27.16,38.57353479310381,-122.42081117382723
27.15,38.580547650885094,-122.4223721001557
27.15,38.577725876022306,-122.41586279432705
27.14,38.58242470024019,-122.41917594371503
27.14,38.581581980383135,-122.42258774066553
27.14,38.58045768830265,-122.41946353122643
27.14,38.580064017371164,-122.41727760265302
27.13,38.58065107918909,-122.41646161663662
27.12,38.5763220425763,-122.42011523233246
27.11,38.57817730630525,-122.41253632855752
27.1,38.5767112188778,-122.42123411076669
27.1,38.57463682196837,-122.4139442776296
27.09,38.582479487311524,-122.41954710797587
27.09,38.581564738894556,-122.42199001715107
27.08,38.57436817422801,-122.41856881469387
27.07,38.57801459050719,-122.42185995041464
27.05,38.576446635682196,-122.41995259005391
27.04,38.57838290092618,-122.42207122772193
27.04,38.57451953082678,-122.41685993404371
27.03,38.57899214591342,-122.41728860336431
27.03,38.57621857745181,-122.42021065357324
27.0,38.582512648712715,-122.41786354060976
26.99,38.57738839944397,-122.41459872184979
26.97,38.579894771192805,-122.41432867617377
26.97,38.573532120792386,-122.41893015560379
26.96,38.57536026491122,-122.41445748757724
26.93,38.58190227456083,-122.41898746033823
26.91,38.57687946657822,-122.41295474741764
26.91,38.575989431875314,-122.41642014851257
26.9,38.5821501281688,-122.42159831114802
26.9,38.5778868642584,-122.42189619630672
26.9,38.57760513837642,-122.42156529030258
26.88,38.57375062411211,-122.41887780850573
26.87,38.574852289382676,-122.41997005463725
26.85,38.58222666683259,-122.4176240641657
26.85,38.58183825798669,-122.4129954276154
26.84,38.57691966320613,-122.41499924874901
26.84,38.57578450453101,-122.41229889055234
26.84,38.57425307911876,-122.41658755749593
26.83,38.5764732867419,-122.42092945227704
26.82,38.57831160328433,-122.42224935811085
26.82,38.57385727196834,-122.41871381725558
26.81,38.582491236241125,-122.41231051697176
26.8,38.574873267608105,-122.41389326544221
26.79,38.577790131635965,-122.41641815030182
26.79,38.576765933910174,-122.41326733204929
26.79,38.574030287123236,-122.41905943889351
26.77,38.58225683627481,-122.42123932438065
26.77,38.57847404087191,-122.4226286205992
26.77,38.57803465768332,-122.42181558702609
26.76,38.58145353803925,-122.41953859278802
26.76,38.58014888552709,-122.41971552320759
26.75,38.57634543113134,-122.41515098016563
26.74,38.576834220727235,-122.4211057565069
26.7,38.57765845642248,-122.41285281727693
26.69,38.57641354667031,-122.41251826611956
26.69,38.57446570081577,-122.41685587957174
26.68,38.581308375157775,-122.41762368896838
26.66,38.574993916658,-122.41924673593643
26.66,38.57464411930255,-122.41436916508903
26.65,38.5819173712765,-122.41323077916044
26.65,38.578380607517026,-122.42270185881344
26.65,38.57724786749115,-122.42150394743531
26.64,38.581660571425864,-122.41895777363476
26.64,38.576193307149765,-122.41997937247423
26.63,38.58110210068655,-122.42128989252858
26.63,38.57584237245069,-122.41784266960583
26.62,38.58059065925291,-122.41291297369679
26.62,38.57776949598997,-122.41434068975168
26.62,38.577751964167994,-122.41238962259335
26.61,38.58103632353863,-122.41863545507282
26.61,38.576841282136094,-122.42037227773451
26.6,38.57557061810319,-122.41768457171338
26.59,38.58139039067796,-122.42264210906116
26.59,38.57378593021136,-122.41908690060114
26.57,38.58197381359329,-122.41570103027712
26.55,38.58226796298666,-122.41246575698183
26.55,38.57908393663672,-122.41744461959595
26.54,38.58264505567313,-122.41365260335566
26.54,38.58092006889716,-122.42113853250085
26.53,38.5809293628252,-122.42365106990287
26.53,38.57502555745243,-122.41934086932153
26.51,38.579857909615505,-122.41395887857675
26.51,38.573999707337535,-122.4189424499853
26.5,38.57863286271107,-122.41203156381613
26.5,38.57801252184359,-122.42171069604265
26.49,38.57409521130252,-122.41901845694689
26.48,38.57638244722584,-122.41920227672682
26.47,38.576971926195725,-122.4212422959316
26.46,38.57930822794767,-122.41746151792059
26.45,38.58075435623256,-122.42296116582513
26.43,38.580878650277135,-122.42203003604304
26.43,38.579874619453115,-122.41476299737457
26.43,38.576698798009886,-122.42033860016515
26.42,38.58034392056118,-122.41648435625508
26.42,38.57813456802912,-122.41248723501218
26.41,38.577340205162145,-122.41292061420769
26.4,38.58198545346961,-122.42165471206113
26.39,38.577598821608674,-122.42150746884546
26.39,38.57750495678107,-122.41247425297956
26.38,38.58211117238846,-122.41933582854303
26.37,38.576576221517,-122.42084546070866
26.37,38.574248108530284,-122.41960340328181
26.35,38.58117971613513,-122.41923121259055
26.35,38.57839012583621,-122.4166812587614
26.35,38.574299920369036,-122.41713010633677
26.34,38.581532211495094,-122.41939541703137
26.33,38.58181764844584,-122.42158470978937
26.32,38.580933010818576,-122.42202266577729
26.31,38.57840604229386,-122.42234823271309
26.31,38.5771362169036,-122.41421272567828
26.3,38.582252116263554,-122.41920881465855
26.3,38.57515588608509,-122.41944243967515
26.3,38.57402773315905,-122.41872666056533
26.29,38.581685364052845,-122.42094390129445
26.29,38.58057872828805,-122.41666261813182
26.29,38.57857269519026,-122.4168211728099
26.29,38.57658694451137,-122.42022694931774
26.29,38.57383735287921,-122.41817329931024
26.27,38.57687801690258,-122.42113199597043
26.26,38.580160869061494,-122.41383258642387
26.26,38.57642388928402,-122.41811585753217
26.26,38.573686761312146,-122.41889593354463
26.25,38.57645337942238,-122.42038891513187
26.24,38.58143489050678,-122.41606187588228
26.24,38.58018859133182,-122.41924826790091
26.24,38.57398649030136,-122.41903320188683
26.23,38.58103501425365,-122.42331495187571
26.22,38.58182208834434,-122.42265172840686
26.22,38.580508599845686,-122.42049962502526
26.22,38.57933046393269,-122.41717645976217
26.22,38.576825139431406,-122.41955676735947
26.22,38.575949425705815,-122.41359580953107
26.2,38.57782225842199,-122.41669582854783
26.2,38.57685849579833,-122.41476526380562
26.2,38.576356709252,-122.42072569406233
26.19,38.58141482526044,-122.41610624313014
26.19,38.57551320983842,-122.41930880505221
26.17,38.5780386860107,-122.41649421787028
26.16,38.58089214685216,-122.42096438365635
26.14,38.581163896004576,-122.41918414170902
26.11,38.582292267953505,-122.41232994863111
26.11,38.5813337900134,-122.42308515611158
26.11,38.58091911082135,-122.41883307423139
26.11,38.5768600432458,-122.41492594563995
26.09,38.580523357648595,-122.42056955467223
26.07,38.582080954714435,-122.4217307321416
26.07,38.57421271473476,-122.417651089431
26.06,38.582464302237284,-122.41909863983162
26.06,38.58082403615179,-122.4210739441066
26.06,38.5788508470621,-122.42265703635796
26.06,38.578786954048205,-122.41686025161563
26.04,38.57568846564015,-122.41223431884964
26.03,38.577763873960606,-122.41349155302346
26.02,38.581195690003725,-122.41869334390347
26.02,38.5769233754125,-122.41491924555395
26.01,38.58101095006862,-122.41879411729894
26.01,38.5746235247229,-122.41442495758385
26.0,38.57833591888992,-122.42211356175414
26.0,38.57526263666844,-122.41442719990101
26.0,38.574474388446085,-122.4180263267147
25.99,38.581758197786876,-122.41898807106658
25.99,38.57985455474255,-122.41480736413033
25.99,38.57755965736939,-122.41575852318704
25.99,38.57634180617215,-122.41484104778769
25.98,38.58245722250148,-122.41343200270624
25.98,38.58141403989249,-122.4192259346304
25.98,38.57809557258589,-122.41468637765254
25.96,38.582149490947266,-122.41366116844544
25.95,38.57493849472772,-122.41927696551112
25.94,38.57782567047756,-122.41565239739079
25.94,38.57508097939793,-122.4193106397694
25.94,38.574792013112756,-122.41835990786902
25.93,38.58122725145152,-122.42285919763542
25.92,38.57712243016438,-122.41450988155361
25.91,38.58112497840886,-122.41866507558142
25.91,38.57833373793118,-122.41401616003276
25.9,38.576325653479856,-122.42042516323622
25.89,38.58217178848244,-122.42151965604772
25.89,38.57953802437449,-122.41425593614615
25.88,38.57471217963647,-122.4167826956447
25.88,38.57462661377868,-122.41707443405318
25.87,38.58192886278884,-122.41608761630732
25.87,38.58071483866328,-122.42090513743806
25.87,38.57743905295963,-122.41214815908621
25.86,38.58211957325958,-122.41527615733867
25.86,38.58110841735651,-122.42134771683993
25.85,38.57930414335964,-122.41463975277492
25.85,38.57698201365182,-122.42102514646032
25.85,38.57390786827016,-122.41898140397215
25.83,38.5739260565281,-122.41800795496275
25.81,38.575963409167116,-122.4123238237277
25.78,38.581479401414576,-122.4232452445399
25.77,38.57689475941355,-122.41301324335946
25.76,38.58168031743209,-122.42376506570318
25.76,38.581407079457875,-122.42150787217618
25.76,38.57799887366329,-122.41521814559943
25.75,38.58202307582821,-122.41250467106833
25.75,38.58135738658064,-122.42180233594412
25.75,38.57945654964148,-122.41736946850418
25.75,38.574161924054756,-122.41816334606871
25.74,38.581289550189496,-122.41899862838504
25.74,38.580403100115184,-122.42218915677704
25.73,38.579659025857865,-122.41358835234725
25.73,38.57503316784416,-122.41393970868015
25.71,38.57379234788469,-122.41875479937998
25.7,38.58071064547361,-122.42080159539343
25.7,38.57942442494855,-122.4170917837325
25.68,38.58229331061671,-122.41909722156979
25.68,38.58230809091007,-122.41237701909684
25.67,38.582119707454105,-122.41469120783785
25.67,38.57581246603469,-122.42120076414733
25.66,38.58257699378036,-122.41356718937094
25.66,38.579802315591635,-122.41476902195456
25.66,38.5763633916554,-122.41941874894097
25.66,38.575950042950716,-122.41047633787635
25.65,38.5821301166183,-122.42144769512126
25.65,38.57786213243,-122.415448699451
25.64,38.57521431593752,-122.41333403632359
25.63,38.57461079241946,-122.41702736801513
25.62,38.57381549851967,-122.41903178633027
25.61,38.582020277753514,-122.42168027757346
25.6,38.581191494887804,-122.41858980105879
25.6,38.577564294584775,-122.41624057292968
25.59,38.57876772814887,-122.41320011029057
25.59,38.57457172279703,-122.41709323663638
25.58,38.57913313511423,-122.41696661535856
25.58,38.575463444109026,-122.41320369542743
25.57,38.5822901259099,-122.41916580036872
25.57,38.58179752522764,-122.42182405642386
25.55,38.58138361419412,-122.41852399203559
25.55,38.577843961655525,-122.4164222049289
25.55,38.576139798043876,-122.4207437500182
25.54,38.57824830941563,-122.41605124098132
25.54,38.57381757125891,-122.4191810322831
25.53,38.5823789945511,-122.42035388995475
25.52,38.58295451516046,-122.4151325864235
25.52,38.58081038979143,-122.41884781963888
25.52,38.57401012766401,-122.4173605850063
25.5,38.58246451038085,-122.41618531601604
25.5,38.58213558812173,-122.41881005892753
25.5,38.57776397218818,-122.42163461083827
25.5,38.57739312882184,-122.4146908302553
25.49,38.58195909851849,-122.4154361172164
25.49,38.57830634897503,-122.42216867783621
25.49,38.574625845330964,-122.418060674103
25.48,38.58256845101539,-122.41840682883134
25.48,38.581873389531886,-122.41844620545417
25.48,38.58024711016413,-122.4232211146609
25.46,38.5805717368348,-122.41254452337841
25.45,38.57969305542402,-122.42293846911038
25.44,38.58079292833165,-122.42096837268336
25.43,38.58081458812809,-122.42088971878273
25.42,38.57473002974365,-122.41717397249941
25.41,38.58081771932724,-122.42101612003555
25.41,38.580760224201114,-122.41895873453377
25.41,38.58018448215762,-122.42263144893793
25.41,38.575154566218714,-122.42044011325457
25.41,38.57513163250977,-122.41725009817651
25.41,38.573995561109435,-122.41864395724834
25.39,38.58108658981022,-122.42201130795162
25.39,38.573988132022755,-122.41880395614015
25.38,38.58039594854501,-122.41943593875219
25.38,38.57667021066487,-122.41164300719741
25.38,38.57511421231039,-122.4193704873232
25.36,38.58219303041708,-122.4191240726062
25.36,38.575302807548354,-122.4141435067102
25.34,38.5816035570926,-122.41902229472409
25.34,38.57702162037339,-122.41454816709575
25.33,38.578352169065795,-122.41420105482958
25.33,38.57348509006367,-122.4191674482281
25.32,38.577419334842304,-122.42168891001211
25.31,38.57459086132817,-122.4141587209417
25.29,38.57685566652612,-122.41986872911657
25.28,38.576780670907105,-122.41081408606291
25.26,38.58137959325873,-122.4234556394122
25.26,38.576188425077135,-122.42047216380966
25.25,38.5822391541146,-122.41832466308126
25.25,38.57614628916136,-122.41090398118675
25.24,38.57833755354885,-122.41082801003962
25.24,38.57439175584667,-122.41922429804897
25.24,38.573588073277406,-122.41888849779006
25.23,38.57435538842694,-122.4169049135859
25.22,38.58212315743823,-122.42179126343669
25.22,38.58192307423919,-122.41815173628382
25.22,38.57530893450964,-122.41944250443939
25.21,38.57578752730468,-122.410292079167
25.2,38.581497285927256,-122.42344157777677
25.2,38.57476485538118,-122.41719953295126
25.19,38.58148938008119,-122.41314120785476
25.19,38.57941009963309,-122.41740037699272
25.19,38.57550408473086,-122.41989302178848
25.18,38.58136004173937,-122.42174518793513
25.18,38.58001519951916,-122.41832911371542
25.18,38.57710432196662,-122.42149312523688
25.17,38.573988563012904,-122.4191824481958
25.15,38.58225024856148,-122.41827961996115
25.15,38.57362926639174,-122.4187769173734
25.14,38.58193146857904,-122.41622544973234
25.14,38.578657779781146,-122.41401761903245
25.13,38.58092473761512,-122.42142562395247
25.12,38.58205717008777,-122.42185510591119
25.12,38.58207856141739,-122.41460782058613
25.12,38.58182920591363,-122.41571307738492
25.12,38.580485105996424,-122.41751577958476
25.12,38.57386093708791,-122.41882877792702
25.08,38.57930794075786,-122.41164653790015
25.08,38.578571415403715,-122.42169548972635
25.07,38.57718580512426,-122.41430821123089
25.06,38.5782730617289,-122.42230379759758
25.06,38.57386392849183,-122.41740691479438
25.05,38.57915624044143,-122.41743859770453
25.03,38.58015556161082,-122.41840850759732
25.03,38.5737976049493,-122.41883547456753
25.01,38.574742280394425,-122.41884931050856
25.0,38.58246642536139,-122.419052920518
25.0,38.58069014886192,-122.41639574243644
24.98,38.579069176805916,-122.41737469180909
24.97,38.58213921865016,-122.41698663639056
24.97,38.58176742421024,-122.42189060479788
24.97,38.575197079878336,-122.41933085730668
24.96,38.582119389761225,-122.41605608946455
24.96,38.57677717675446,-122.41496558161425
24.95,38.58161576441413,-122.41875941170964
24.93,38.5819022204307,-122.42112082790845
24.93,38.58205794288937,-122.41233524888605
24.92,38.580419752513706,-122.4229932769167
24.9,38.58178195304749,-122.42274045905033
24.9,38.579627338774074,-122.41368919129724
24.89,38.58023679720708,-122.42053648209061
24.88,38.5808569897302,-122.42210868957638
24.88,38.575152221725034,-122.41932747696077
24.86,38.57654121733105,-122.41520012983963
24.86,38.57368685989943,-122.4185060145255
24.85,38.58113930067398,-122.42223320544133
24.85,38.57724498615204,-122.41846444744972
24.84,38.58067906033753,-122.42051247561
24.84,38.573498837834514,-122.41906526857949
24.83,38.58038432294911,-122.41949241000074
24.82,38.581286675969174,-122.42177406456327
24.8,38.580587220685196,-122.4205514301441
24.79,38.579945796345086,-122.41264650874788
24.79,38.57740695349334,-122.4116755121127
24.77,38.577248343613206,-122.42168748709635
24.76,38.582410773272976,-122.4134629149324
24.75,38.57732082495698,-122.41469685499459
24.75,38.57543348582911,-122.41734164836173
24.74,38.57991523522748,-122.41485781149525
24.73,38.582252602390525,-122.4151255994823
24.73,38.57568186474313,-122.41354126185006
24.73,38.57392752589029,-122.42049672175752
24.72,38.57351318668559,-122.42069486141155
24.71,38.580141604590665,-122.41502396191753
24.69,38.57907766587647,-122.41719182261211
24.68,38.582996180727136,-122.41287614619182
24.68,38.580464839047785,-122.42221675154788
24.68,38.574978971119265,-122.41316722889604
24.67,38.58167345998003,-122.42197527653354
24.67,38.57536842558544,-122.413311230445
24.66,38.582256621146506,-122.41368070475582
24.66,38.57927079778433,-122.41729812728877
24.65,38.58289944489716,-122.41360293869047
24.65,38.58229356846453,-122.4136605471015
24.65,38.57518964965887,-122.41949085868129
24.64,38.5747240028898,-122.41807953762145
24.63,38.582527206369214,-122.4187134063601
24.62,38.573826592856925,-122.41898674848775
24.61,38.574269915501596,-122.41680672755044
24.6,38.58242947730829,-122.41907307532234
24.6,38.575151109446615,-122.41954529763066
24.59,38.582073743881736,-122.41490567231733
24.59,38.58160312850006,-122.41864376241804
24.57,38.57985330063729,-122.41987675418868
24.57,38.57731340072981,-122.41485686231073
24.55,38.581277924750516,-122.41905510041603
24.55,38.58079340463926,-122.42115192151502
24.54,38.5808638370665,-122.42215508419577
24.54,38.578707775900746,-122.42282975443624
24.52,38.58213623032367,-122.42034705780533
24.52,38.578871990087144,-122.41657992585843
24.52,38.57776658142514,-122.41556766362265
24.52,38.57697888297065,-122.41449907332367
24.52,38.575736386766714,-122.4127540204404
24.52,38.57371792149736,-122.41880653391519
24.51,38.58185878921684,-122.42166810013373
24.51,38.58061025764237,-122.41928004870724
24.5,38.581080273472864,-122.4219534836385
24.48,38.5810269750218,-122.42193799486758
24.48,38.574299660836076,-122.42023805665481
24.47,38.57736285039038,-122.42174199636524
24.46,38.578744193297396,-122.42282103163136
24.46,38.57694258074921,-122.4113997174624
24.44,38.5824557982186,-122.41268635467559
24.42,38.578221878935786,-122.41623275690556
24.42,38.57452262047156,-122.41718128661222
24.41,38.58232527179251,-122.41995986633168
24.4,38.58357872812434,-122.41332145654921
24.4,38.58187804225631,-122.42261006960098
24.4,38.57773955148405,-122.41110414852069
24.37,38.57889687613596,-122.41623772231071
24.35,38.57906570585381,-122.41415155646969
24.34,38.58082982198333,-122.42114319771461
24.34,38.575972140631364,-122.41349430014662
24.33,38.57675552114419,-122.41504423349163
24.31,38.58089707437242,-122.41620487756687
24.31,38.57984407947899,-122.4144510228969
24.31,38.57704592700998,-122.41441236946085
24.31,38.57575440905686,-122.41236543828322
24.29,38.58099647210115,-122.42336939262564
24.29,38.578883798296076,-122.41574355856275
24.28,38.58173515918558,-122.41385936607551
24.27,38.58082701253736,-122.41984692501023
24.27,38.57362661312766,-122.41883405953878
24.26,38.5773577723296,-122.41467669897222
24.26,38.5750244082404,-122.41762048659439
24.23,38.580926882620574,-122.42312328262902
24.21,38.574711268300675,-122.41835382442682
24.2,38.58217477255658,-122.41389246825095
24.19,38.580437927825514,-122.41620469988523
24.19,38.573760706476335,-122.41866066787983
24.15,38.57722907286402,-122.41434587596679
24.12,38.58131831401999,-122.4218682074084
24.12,38.57346992112133,-122.4206571953035
24.09,38.58033114064174,-122.41695364309422
24.08,38.58208606198435,-122.41638620269154
24.08,38.578826601261575,-122.41658797607855
24.08,38.576596539573835,-122.41051350864063
24.08,38.5756829372818,-122.4108003058126
24.08,38.574845069836016,-122.41721704376917
24.08,38.57416958931518,-122.4170285413416
24.07,38.57616555771307,-122.41223581794668
24.06,38.57937388239785,-122.41430092356018
24.06,38.578830220782905,-122.41689791874825
24.06,38.5755522806862,-122.41924293698136
24.05,38.57402604264885,-122.41701772924013
24.04,38.57974933317713,-122.41785030328687
24.04,38.5750588962208,-122.41454948472636
24.03,38.57560060178469,-122.41082851733117
24.02,38.58114891600283,-122.42183249419111
24.02,38.58061615914661,-122.41682601159705
24.02,38.58043262299701,-122.41631899548534
24.01,38.5803414059168,-122.41362825883819
24.0,38.58067172594613,-122.41388252039073
23.99,38.582223873203816,-122.41380440695349
23.98,38.57707964972434,-122.4146557572771
23.98,38.575440117830745,-122.42030107415643
23.97,38.57377276302955,-122.41898269252908
23.96,38.582639967110566,-122.41938715693911
23.96,38.57819009670037,-122.41672353683012
23.96,38.57754436599638,-122.41570002626348
23.95,38.58010426909238,-122.42261393015352
23.95,38.577414740905944,-122.4148071479982
23.92,38.58224853719081,-122.41443710423694
23.91,38.581998447707626,-122.42234387676496
23.91,38.58197159715485,-122.41827009047329
23.88,38.58208084887649,-122.41824391436694
23.88,38.57926194621226,-122.42272244674474
23.88,38.578433403316204,-122.4118674520486
23.87,38.58110678675135,-122.4233203655388
23.87,38.577146848691314,-122.41126599158656
23.85,38.58116761141369,-122.41910413436119
23.85,38.57847698033139,-122.4153917810599
23.85,38.57652654302925,-122.41474026895102
23.85,38.57634540399501,-122.4128227971037
23.84,38.581743060671904,-122.41834462585689
23.84,38.57831309431271,-122.41659517190188
23.82,38.58300710534421,-122.41361104523344
23.8,38.58252556284534,-122.41894267940008
23.8,38.58064778992973,-122.4209918386928
23.8,38.57525509388088,-122.41264898373343
23.79,38.57600818342868,-122.40999902105158
23.78,38.57677019662595,-122.41977053607086
23.78,38.57370326017781,-122.41834669213408
23.77,38.58189255143863,-122.42171652497542
23.77,38.58103265906506,-122.41852048284491
23.76,38.57998926073122,-122.41423256606261
23.76,38.57476466965714,-122.41332312791161
23.75,38.58217048711893,-122.41417889077015
23.75,38.57379611151396,-122.41847984032103
23.74,38.582374586006786,-122.41909187767983
23.73,38.58125126458531,-122.42195490834126
23.72,38.58164618196443,-122.41286626981099
23.72,38.57662975530882,-122.41794786571
23.71,38.58225381153568,-122.4187845598
23.7,38.580515310684575,-122.42287431954817
23.69,38.582630921488374,-122.41764305582547
23.66,38.57498484344722,-122.41963598566336
23.64,38.57494822241695,-122.41383009612392
23.61,38.58267360758454,-122.41788713969801
23.61,38.57921433862169,-122.41502294753344
23.61,38.57734309130462,-122.41169364423624
23.6,38.58190126429668,-122.41881533802398
23.59,38.583911253672305,-122.41314003262386
23.59,38.58054488102963,-122.42281920220633
23.59,38.58041864694128,-122.41273945101113
23.57,38.58168686801782,-122.4230429692952
23.56,38.579734188444334,-122.41720687564876
23.55,38.582314309839504,-122.41748156059957
23.54,38.580208860740015,-122.41842399353617
23.54,38.58017698295659,-122.41717141885697
23.54,38.57642467791655,-122.412278257187
23.51,38.579939536815964,-122.42286530331998
23.5,38.580693178864486,-122.42098379122693
23.49,38.58230445677586,-122.41885719568823
23.49,38.58024368589921,-122.41844955682848
23.49,38.57765396695566,-122.41411407863735
23.49,38.575374257018666,-122.41318551348378
23.47,38.58208804156781,-122.4169254316764
23.47,38.581647117662975,-122.41342835692178
23.47,38.576669903281484,-122.41048462148903
23.46,38.583153705031386,-122.4141382323875
23.46,38.57604668097619,-122.42158542174037
23.45,38.583089268519714,-122.41436277908937
23.45,38.57816385126562,-122.41612516379791
23.45,38.577228276517154,-122.42173185006611
23.43,38.57666980331409,-122.4221255621419
23.43,38.574987071863745,-122.41706717927084
23.41,38.57717639696736,-122.41839046535239
23.4,38.580576710012146,-122.42039006441243
23.4,38.57840339059794,-122.41406728104006
23.38,38.5831687746894,-122.41517166418073
23.38,38.58146406494362,-122.41543324070446
23.38,38.57541691869064,-122.42021904474778
23.37,38.57560696046458,-122.41069137054758
23.36,38.58186345635278,-122.42195519523075
23.36,38.581363217152756,-122.41779986621508
23.36,38.57358334688456,-122.41879639441437
23.33,38.57687732529812,-122.41979007897366
23.32,38.58098573008456,-122.41623449506605
23.31,38.582669842885075,-122.41816213293131
23.31,38.58236630658676,-122.42043322210009
23.29,38.58346780095504,-122.41377190507146
23.29,38.577770824464295,-122.4154762304111
23.28,38.58183466232254,-122.42296235912379
23.26,38.58177518167659,-122.41862231993717
23.26,38.57800344184319,-122.41104372187253
23.24,38.58262392331313,-122.41818161215097
23.23,38.57435679179465,-122.41765047429476
23.22,38.581393227672336,-122.42374340895216
23.21,38.581746954733084,-122.42329983484261
23.21,38.57820813646119,-122.42234477837532
23.2,38.582338146352704,-122.41250544988496
23.2,38.57968088907771,-122.41719139073935
23.19,38.58185293824155,-122.4157836834947
23.19,38.58140332073726,-122.42352624707013
23.18,38.57730871472927,-122.41456978386111
23.17,38.58243493794309,-122.41837382719503
23.16,38.58265710590556,-122.41843644992011
23.16,38.58082079543367,-122.42133749968012
23.16,38.57654180124277,-122.41247057460546
23.13,38.58125338876923,-122.42190919001352
23.13,38.580895652994755,-122.41972593368727
23.11,38.581011875952704,-122.42303793659019
23.1,38.577274381460946,-122.4122045798047
23.1,38.5757556227508,-122.41156271462988
23.08,38.58205001370658,-122.42104021342922
23.08,38.58074623964583,-122.41576914138027
23.08,38.57959956962807,-122.41273514050464
23.08,38.57788156660053,-122.413477474906
23.06,38.58043188672643,-122.41924366587337
23.02,38.58096110843033,-122.4196735196029
23.02,38.580662308571284,-122.41350331558904
23.01,38.57863771539185,-122.41406198531755
23.01,38.5758985257941,-122.41216984608558
22.98,38.58006169230659,-122.41364160760573
22.95,38.58115166107465,-122.4175086540857
22.95,38.58101300753071,-122.41467668202638
22.93,38.57775973127022,-122.41552127136116
22.93,38.57517494143664,-122.41922597107859
22.91,38.58264108074409,-122.41916931350167
22.91,38.58015491191496,-122.42268656610823
22.9,38.58012542164732,-122.4206083720182
22.89,38.57692850107391,-122.41985128066979
22.88,38.5736614877654,-122.41866466086869
22.87,38.58093046766174,-122.42168985628756
22.86,38.58175984122209,-122.41875880048927
22.85,38.58213283306233,-122.41499041110333
22.85,38.58002658707036,-122.41711421031856
22.85,38.579620113377324,-122.41753089352038
22.85,38.57758313075043,-122.4121475336291
22.83,38.58023877130777,-122.41700403170421
22.83,38.576393957938805,-122.41526932303654
22.82,38.58233880216396,-122.41869920685065
22.82,38.58229866967504,-122.41878794066638
22.82,38.576637555070725,-122.41389992781413
22.8,38.5818574676506,-122.41878909771421
22.8,38.58027808017096,-122.41809659462882
22.8,38.57515979043648,-122.41412127114789
22.79,38.58271417037202,-122.41817694334581
22.79,38.57607245183645,-122.41792881614597
22.78,38.58222472173545,-122.42096162797372
22.78,38.5819122774866,-122.42284204624706
22.78,38.58000179433623,-122.41706646468542
22.77,38.58123124635879,-122.41792755772227
22.76,38.582962861571446,-122.4132062659462
22.76,38.582157113700355,-122.41718297113616
22.76,38.58018460269808,-122.41390319033826
22.75,38.58218199687716,-122.41218400989305
22.75,38.580596054810634,-122.422880409314
22.75,38.57691183887806,-122.41458577702414
22.74,38.58269367352765,-122.41784277229115
22.72,38.57684303116534,-122.4197530875332
22.71,38.57789536728074,-122.41550854792173
22.7,38.58241568385244,-122.41510347275558
22.7,38.581036895778865,-122.42230576993092
22.7,38.576750016579446,-122.42214307909705
22.7,38.57551702583033,-122.41437754005068
22.69,38.578963781846134,-122.41673594101556
22.68,38.58156392187204,-122.42297634763045
22.68,38.581030048511906,-122.42225937519034
22.67,38.58216907303047,-122.4178949994108
22.67,38.574788404012395,-122.41339372617232
22.66,38.58248424050537,-122.41750583474078
22.66,38.576109872232806,-122.4109127099865
22.65,38.57979067120208,-122.4171537839454
22.63,38.58140851464503,-122.4238019103498
22.63,38.58026981548173,-122.41517125143118
22.63,38.575076741502514,-122.41726890070876
22.62,38.58234448556747,-122.41489165335577
22.62,38.5737755150961,-122.41853563077277
22.6,38.5785727282115,-122.42263606277037
22.6,38.576455958035496,-122.41412710314707
22.59,38.58151862034395,-122.42085104172241
22.59,38.576051802392286,-122.4110000914528
22.58,38.58321743554024,-122.41470506041982
22.58,38.58142725774959,-122.41913517354544
22.58,38.5796196311401,-122.41734734704359
22.55,38.58091796436744,-122.41711254925467
22.54,38.58232185773614,-122.41460320342878
22.54,38.57550316133898,-122.41254149800892
22.53,38.577874059460065,-122.41635565733792
22.52,38.58271151687757,-122.41823409276648
22.52,38.57521284934858,-122.41957288764635
22.51,38.581781741118995,-122.41557186529322
22.5,38.58245229983704,-122.41858159266522
22.49,38.57569576877562,-122.41265921311141
22.48,38.58210661072186,-122.41652538816373
22.48,38.57986369979006,-122.41402813116724
22.48,38.5736240092724,-122.41869624237613
22.47,38.580885211719895,-122.4230513222221
22.47,38.5808479615724,-122.42230299130357
22.46,38.581139257241254,-122.41855145544537
22.44,38.58310053106438,-122.41586619114946
22.44,38.57994921387763,-122.41625964258256
22.43,38.58175405402368,-122.41868954599957
22.42,38.57960540657767,-122.42308096038994
22.41,38.579661718558775,-122.41333622811358
22.4,38.58140443460106,-122.41303158538882
22.4,38.5750987694036,-122.41989688140322
22.39,38.58077301238161,-122.41848944620581
22.38,38.581917329357765,-122.4134257621049
22.34,38.5827784716097,-122.41640395579473
22.34,38.58141631641436,-122.41859527454714
22.34,38.57920445612952,-122.42260341819025
22.34,38.5759062796228,-122.41025513784909
22.34,38.574669927273725,-122.41691713631137
22.33,38.58261108435809,-122.41884589651056
22.33,38.5804301462388,-122.41326791516988
22.33,38.577687957802326,-122.41551586610694
22.32,38.581604454402736,-122.42152275504804
22.31,38.58172002301979,-122.42155440886786
22.3,38.580111322812215,-122.4135421189783
22.29,38.57636089322154,-122.41190645245176
22.28,38.57543994569359,-122.41196330357735
22.27,38.58281025502734,-122.4180465456319
22.27,38.58203302215966,-122.4214059644844
22.27,38.58146680686551,-122.41498612930094
22.27,38.58017373408002,-122.41530164915848
22.27,38.580028816367204,-122.41435023915727
22.26,38.575451898592576,-122.41015214206155
22.26,38.57520153165066,-122.41128017758362
22.25,38.58270547448032,-122.41487296142927
22.25,38.58207728346659,-122.41773897549743
22.23,38.58102479443313,-122.4221786918343
22.2,38.57578999479248,-122.41120976850111
22.15,38.58240551967663,-122.41784399801904
22.15,38.57719734236433,-122.41464168108851
22.14,38.58237643229456,-122.4180826724637
22.14,38.58086165606915,-122.42239578055603
22.14,38.58014252123053,-122.41325773074597
22.14,38.57939960618455,-122.41491073659776
22.13,38.57600692593287,-122.41371482624206
22.11,38.58175521649602,-122.41827672358188
22.1,38.58207394974299,-122.41839250152357
22.1,38.581035893470585,-122.41825692561507
22.1,38.57735092574771,-122.4121071193463
22.09,38.58240112369685,-122.41852038661824
22.09,38.581723699705535,-122.42341277769958
22.06,38.573655169305056,-122.41860684271687
22.05,38.58167776442395,-122.42168885872285
22.05,38.58096078450517,-122.41890503253106
22.05,38.57415818609009,-122.42037648463244
22.04,38.581983802884366,-122.41800720578897
22.04,38.57896302628081,-122.41306571161277
22.04,38.57562544113371,-122.41999391770561
22.03,38.58183128500231,-122.41799571265466
22.02,38.577334208980865,-122.41382621650973
22.01,38.58274740341909,-122.41823679722928
22.01,38.579748377949876,-122.41282662821807
22.01,38.5771870803009,-122.42184343380647
22.01,38.57490150523869,-122.41735891833527
22.0,38.58165396848159,-122.41347475163981
22.0,38.57988390785961,-122.41786044325727
22.0,38.57954659340299,-122.41368311203288
21.99,38.58191405244158,-122.41834604215995
21.99,38.58155973062295,-122.42287280445026
21.99,38.575917756006184,-122.4109785367272
21.98,38.58283536543136,-122.41459599630659
21.98,38.5819889180631,-122.41653946124916
21.98,38.57987010510211,-122.41369599971745
21.97,38.58092428487593,-122.42298545185129
21.96,38.581004449089015,-122.41738286607303
21.95,38.582737326929404,-122.4163205668944
21.95,38.58231013009569,-122.4127212677145
21.94,38.58164062668747,-122.41415046083229
21.93,38.580971623504546,-122.42351662282238
21.93,38.574841839431095,-122.41748057860957
21.92,38.580722379266916,-122.42035516764945
21.91,38.58121544920081,-122.42350060601098
21.91,38.58139852359001,-122.41800898064183
21.91,38.57472424109649,-122.41710472488046
21.89,38.58214891056221,-122.41619595080223
21.89,38.5817965191426,-122.42165193481571
21.88,38.582582729763516,-122.41829320636114
21.88,38.581003246513916,-122.4218673880067
21.87,38.581463246712886,-122.41874791713562
21.87,38.57693398141672,-122.41469066491545
21.86,38.57671583611287,-122.41977790800445
21.85,38.581963248343875,-122.41340627988505
21.84,38.582073907217456,-122.41645410572352
21.84,38.58123524080347,-122.41881102098479
21.84,38.58007993420465,-122.41693471806035
21.8,38.5813537252843,-122.42168736340656
21.79,38.58100384321285,-122.41972261920633
21.79,38.58041728539088,-122.41645547432724
21.78,38.57984961316893,-122.41782345094717
21.78,38.579530681847274,-122.41635427955794
21.78,38.57495721708437,-122.41829207426004
21.77,38.58176806702899,-122.42148921336566
21.77,38.57740320421539,-122.414473677155
21.77,38.57705216915605,-122.41233695258563
21.76,38.58112715176412,-122.41842437731582
21.76,38.5810255759657,-122.41731564021343
21.76,38.57467137791158,-122.41746773787085
21.75,38.57704883670072,-122.41046725544007
21.73,38.575913023535094,-122.41088643012662
21.72,38.58286860043244,-122.41465584885523
21.7,38.57691528307586,-122.4199420359621
21.69,38.58206801160105,-122.42084658448019
21.69,38.58083386292126,-122.42357504881463
21.69,38.575263922372486,-122.42002401478547
21.68,38.581609025093414,-122.41386133823542
21.66,38.57763961138562,-122.41209443906278
21.65,38.58200097203798,-122.41220479261803
21.61,38.58194844900247,-122.42186984672297
21.6,38.58238738487745,-122.41648919151123
21.6,38.58155030512388,-122.41202176267416
21.59,38.58213972965185,-122.42104697792655
21.58,38.578878309258805,-122.41663774820954
21.57,38.582842963405746,-122.4136560353941
21.57,38.58147236779935,-122.42204039969704
21.57,38.58159907778428,-122.4134935582552
21.55,38.58203685894274,-122.41220749401164
21.54,38.57475844180842,-122.41753163932636
21.54,38.574837993183706,-122.41348920792159
21.52,38.58145862532451,-122.42388597806313
21.52,38.576953292751654,-122.41989902495997
21.51,38.57717868034131,-122.41038527240669
21.5,38.58038652192414,-122.42293342318722
21.5,38.57583413354621,-122.41219940644477
21.49,38.58244906432,-122.41884515499149
21.49,38.580552436382426,-122.41839253703958
21.49,38.576234681366536,-122.41229836449382
21.48,38.581399058269916,-122.42187429622251
21.48,38.58000733183694,-122.4136489842746
21.47,38.575856961794265,-122.41151299631849
21.47,38.5739061812928,-122.41727247593738
21.46,38.58319617473175,-122.41535724743835
21.46,38.582596267654665,-122.41470415837735
21.46,38.58202036793085,-122.41741353321645
21.46,38.58090616659281,-122.42356903320182
21.44,38.57948930732829,-122.42306073477555
21.43,38.582442164368075,-122.41899374275857
21.43,38.5809591088516,-122.42301101753633
21.4,38.581317678907624,-122.4183928568569
21.39,38.58176344737535,-122.41480201492607
21.38,38.57575294134151,-122.41433795788409
21.36,38.58120505919123,-122.42294928077746
21.36,38.58073085654325,-122.42211064736964
21.35,38.5820111985529,-122.41819278647769
21.35,38.57998802519213,-122.41503533487453
21.35,38.57877107037961,-122.41235163613356
21.34,38.576984629837646,-122.41476329238407
21.33,38.58251773172472,-122.41426238894495
21.33,38.581469991003644,-122.42112264732725
21.32,38.583337023535364,-122.41562019633186
21.32,38.574935077657436,-122.41818718860165
21.31,38.582265917692936,-122.42085003613066
21.31,38.58220278706579,-122.41813840567576
21.31,38.581587473771314,-122.42363189554784
21.3,38.58105235269885,-122.42177933422411
21.3,38.57717822416773,-122.41272491736368
21.3,38.576400490230704,-122.4118291501274
21.29,38.58201964044067,-122.41607151498486
21.29,38.581516694641714,-122.42205521211592
21.29,38.58000711787371,-122.42276717539072
21.29,38.57991413025851,-122.41507564767542
21.28,38.583287298005814,-122.41610965983882
21.27,38.581617423596846,-122.4140684255748
21.27,38.57886241738521,-122.41212912601733
21.27,38.57457683875307,-122.41775879924015
21.26,38.58195939083809,-122.41853297499841
21.26,38.5821076417056,-122.41436914487026
21.26,38.58155519487981,-122.41385728497421
21.26,38.57904351273159,-122.41656990776035
21.25,38.58032766174623,-122.41605875987072
21.24,38.58248707385383,-122.4188021403873
21.23,38.58149510211815,-122.42368227590785
21.22,38.581067356603704,-122.42281272929449
21.2,38.583036183839454,-122.41337236582686
21.2,38.57458127155436,-122.41688752151626
21.19,38.58358363875952,-122.41496204132507
21.19,38.58103377132765,-122.4161692962586
21.18,38.58149810682498,-122.42245524868389
21.16,38.58155054973124,-122.41337520737005
21.15,38.57899696860753,-122.41699076528425
21.15,38.576116497615374,-122.41212890611396
21.14,38.58178030177124,-122.42296972868233
21.14,38.5812660219144,-122.41814810144847
21.14,38.58071132171188,-122.41613353741123
21.13,38.57899436331554,-122.41685293759008
21.13,38.57846729529867,-122.41385417747411
21.13,38.578313213420174,-122.41115878537022
21.13,38.57738962986201,-122.4137959817653
21.13,38.57717197484251,-122.41480033703652
21.13,38.57552567538937,-122.41341481704697
21.12,38.58176713621432,-122.41705036091352
21.12,38.581095757391665,-122.41735533683699
21.12,38.575022720312376,-122.41804469924108
21.1,38.575494493825865,-122.41098109641518
21.09,38.582220474000586,-122.4210530659999
21.09,38.58223477145496,-122.41686766771336
21.07,38.582876938790626,-122.41272952970036
21.07,38.581516494644575,-122.41895838447792
21.07,38.5811360572508,-122.42249676180985
21.06,38.58056565352277,-122.41830177679607
21.05,38.58152020942814,-122.41208831560489
21.05,38.58028473282887,-122.42086124117735
21.04,38.580581474053666,-122.41834884711682
21.04,38.57934528961697,-122.41472313662919
21.03,38.58234400726716,-122.41897487473177
21.02,38.5815958456711,-122.42209559008379
21.02,38.576245508371535,-122.41089997769886
21.0,38.58150348308995,-122.42388936200672
20.99,38.576836471909424,-122.4115522982342
20.98,38.5806015400734,-122.41830448108513
20.97,38.58193735037531,-122.41590473946817
20.97,38.575705994255316,-122.41166219913949
20.96,38.57769356543869,-122.4140367763948
20.96,38.576043094670645,-122.4123527585685
20.95,38.58009859765464,-122.41827805094513
20.95,38.57516965621728,-122.41235583621275
20.94,38.5792091051625,-122.41707556237378
20.94,38.57544800839309,-122.41120697363313
20.93,38.58025474278575,-122.4141378614811
20.93,38.5758488967965,-122.41226933030062
20.92,38.58238186267365,-122.41292165538732
20.91,38.58199737338414,-122.41422320370692
20.91,38.57627468574167,-122.41958409657047
20.9,38.58042268303886,-122.41595122213042
20.89,38.58091621671404,-122.4155984307835
20.88,38.58337565374144,-122.41517577635166
20.88,38.583060447791695,-122.4134315425349
20.88,38.57940344035041,-122.41657408199781
20.87,38.5807620197131,-122.42202124100886
20.87,38.58071266028413,-122.42114583364155
20.87,38.58048638619592,-122.42252805301422
20.86,38.57697194603825,-122.41484262011308
20.85,38.58323152450086,-122.4130429744564
20.85,38.58200632113495,-122.41868561875346
20.84,38.583841430652356,-122.41386886049764
20.84,38.58196740561556,-122.41370480711436
20.84,38.57812551612549,-122.41287650525214
20.83,38.583289297392746,-122.41432049305647
20.83,38.582183946148604,-122.42145175413187
20.83,38.5818860256128,-122.41856185517554
20.83,38.581278506718114,-122.41884869067965
20.83,38.581117791395734,-122.4157168400896
20.83,38.58109661936845,-122.41597904682028
20.82,38.58316988055483,-122.4149538181434
20.82,38.57757892940442,-122.41204399572179
20.82,38.576234073647875,-122.41948928528225
20.82,38.57504438338948,-122.41330977645174
20.81,38.58152048220203,-122.4235236151459
20.81,38.57578726993011,-122.4116568463964
20.8,38.58210976296581,-122.41432342542403
20.79,38.57551860960852,-122.41182012964184
20.77,38.58216043105437,-122.4186628240565
20.77,38.58012363545294,-122.4173509111305
20.76,38.5825531748028,-122.41388655229797
20.76,38.5819864595176,-122.42182683412258
20.76,38.57694499902169,-122.41251239019694
20.76,38.57653642249907,-122.41025666943635
20.73,38.57909425289191,-122.41625258942399
20.71,38.58251675772596,-122.41389527995385
20.71,38.57649255140573,-122.41062037401817
20.7,38.582004152646086,-122.41213621330222
20.7,38.581081279236656,-122.4221256034782
20.69,38.57515457180644,-122.41384562993716
20.68,38.581739390941955,-122.42210641521908
20.68,38.58036536992181,-122.41931893902553
20.68,38.579289850083875,-122.417081645363
20.68,38.57607057887355,-122.4121483880293
20.67,38.578895997533095,-122.41548068403223
20.66,38.58196725017388,-122.41875149267798
20.66,38.57857681833623,-122.41498640777186
20.65,38.58253609486041,-122.41231389383948
20.65,38.58233206389226,-122.41380108369437
20.64,38.579892731468924,-122.41631273514075
20.64,38.579612332248544,-122.41226585568315
20.64,38.57617528724291,-122.41105525817999
20.62,38.58298341509934,-122.41567384999841
20.62,38.580894886922984,-122.42245563449148
20.61,38.580332873678586,-122.41633442054943
20.6,38.58152620731417,-122.42378784928749
20.6,38.575769894143576,-122.41144910064325
20.59,38.58265965779066,-122.41876926841056
20.59,38.57997011181644,-122.42298230342224
20.59,38.579719911064615,-122.41732049401419
20.59,38.57652467576633,-122.4136161761509
20.59,38.576098889761354,-122.41037284787366
20.57,38.58123510279395,-122.4230777125913
20.57,38.57706241886587,-122.41832453243937
20.56,38.58071539452023,-122.4144936958284
20.56,38.574844844301545,-122.41353559816199
20.55,38.58231549961577,-122.42094553287781
20.55,38.58173254362763,-122.42206002002578
20.54,38.579834873328664,-122.41309693646595
20.54,38.57720252874332,-122.41258911857034
20.53,38.582777452159824,-122.41836523051992
20.52,38.58019764418964,-122.41459234169957
20.52,38.5758083553125,-122.41178458983292
20.5,38.58104959273201,-122.41621636652991
20.5,38.579731539668124,-122.42307900410239
20.5,38.576599630539654,-122.41355300527427
20.5,38.57535832777885,-122.41100525743745
20.49,38.576052182322904,-122.4117685320357
20.49,38.57560927117686,-122.41238892145684
20.48,38.58205500163535,-122.41375728192476
20.47,38.58163180033745,-122.42364670895864
20.47,38.58103960823554,-122.41817691828614
20.47,38.58012763526745,-122.41823436122579
20.47,38.575735597025876,-122.41141211351191
20.46,38.581565369096175,-122.41771187152226
20.41,38.58278015688939,-122.41597969655348
20.41,38.57662743375835,-122.41178888416569
20.4,38.58313531017488,-122.41608674019137
20.4,38.580160166461305,-122.41462392794053
20.38,38.580327888557996,-122.41508386897394
20.38,38.57643408738065,-122.41518059385174
20.37,38.58223587170149,-122.42072160306337
20.37,38.58194767178324,-122.41218931065987
20.37,38.58061335079887,-122.42328314699436
20.37,38.57710910083912,-122.41266236950273
20.35,38.57993114492065,-122.41451492623364
20.35,38.57656370228342,-122.41374527206465
20.34,38.5833315480054,-122.41418603494795
20.34,38.57540424637151,-122.41098577490764
20.33,38.58043854605085,-122.41347499914394
20.33,38.575422906363734,-122.41271895752001
20.32,38.58256271393619,-122.41814258982994
20.32,38.58262706950265,-122.41384623706016
20.32,38.580733509854305,-122.41371512874323
20.32,38.57936047341135,-122.41284330537252
20.32,38.57817905315788,-122.41172214864787
20.31,38.580994218728044,-122.42206169020581
20.31,38.58062503510554,-122.41721664488749
20.3,38.58336155724246,-122.41450945479916
20.3,38.58248239910764,-122.41851504207777
20.3,38.58243968132376,-122.41400417461894
20.29,38.58306314520051,-122.41550780660455
20.29,38.57613424695211,-122.41038697677584
20.28,38.57481376927641,-122.41323507467366
20.27,38.57968912224561,-122.41352180178201
20.26,38.581604463219584,-122.41298929602634
20.26,38.5807983806826,-122.42220749582297
20.26,38.57523421515971,-122.41406953064285
20.26,38.5747554628631,-122.42089171312614
20.25,38.58190394429316,-122.41429645655133
20.25,38.57580801197686,-122.41082118506046
20.22,38.58222540609074,-122.41842685520277
20.22,38.580602986268865,-122.4207934787812
20.21,38.577192045707434,-122.41223279008224
20.2,38.581961443013824,-122.4144154841826
20.2,38.5796118375744,-122.42274883398719
20.19,38.582532914111454,-122.41238247364097
20.18,38.58243779038575,-122.41753674421058
20.18,38.57999566666736,-122.41390043411965
20.17,38.582938117750714,-122.41529193036942
20.17,38.582415071377625,-122.41763826080921
20.17,38.58240629405382,-122.41685765078394
20.14,38.581848876658476,-122.41509519250982
20.14,38.580229595420626,-122.41564994098556
20.13,38.58183610160887,-122.41556449007201
20.13,38.579851416658165,-122.41468096405698
20.11,38.58365603193721,-122.41456604229612
20.11,38.57589363711107,-122.41285760650561
20.11,38.575382738863645,-122.41300265238434
20.1,38.581516418339824,-122.41255828836582
20.09,38.58217210700383,-122.41841136864981
20.09,38.58113202763915,-122.4179315509263
20.07,38.58005002414245,-122.41622135843414
20.07,38.578478660078176,-122.41496754679278
20.07,38.57616498853476,-122.41244221440873
20.06,38.575679830379194,-122.41047894624164
20.04,38.58227726338821,-122.41789168232918
20.04,38.5822656811735,-122.41561978671061
20.04,38.58008345552076,-122.4176346203533
20.03,38.582186289575624,-122.42062610656194
20.03,38.58056936828047,-122.41822176999482
20.03,38.57878444189071,-122.4163324767231
20.02,38.574808508384145,-122.41315439828792
20.01,38.57716077070283,-122.41290710778094
20.0,38.581937709831145,-122.41434487831681
20.0,38.58098886231276,-122.41849424308768
20.0,38.57998351346115,-122.41396833580623
20.0,38.57544631267834,-122.41434927875713
19.98,38.582311508090406,-122.41812365914467
19.97,38.58047323738434,-122.41641381111278
19.95,38.58096246775229,-122.42235750493451
19.93,38.57847109016599,-122.41338422535779
19.93,38.576541304665405,-122.41481019384179
19.92,38.581162649772125,-122.41572021891045
19.92,38.58066617606182,-122.423115088496
19.92,38.57627166727864,-122.4120832396017
19.91,38.576524062220024,-122.41401754151366
19.9,38.57992891198689,-122.4172788931656
19.9,38.579229527004394,-122.41314312033906
19.9,38.57668060936848,-122.41491243445617
19.9,38.575697520391465,-122.41436819165224
19.89,38.58198423340136,-122.41838574034465
19.89,38.57725977166584,-122.41135477214779
19.88,38.58091601661357,-122.42238841057048
19.88,38.57504903198444,-122.41379181030837
19.87,38.58328337496348,-122.41483619637671
19.87,38.58046233822336,-122.41781227162201
19.86,38.58028593992093,-122.41618178166036
19.83,38.5825767387333,-122.41900388583892
19.82,38.57975836916847,-122.41299942171267
19.82,38.57780348767478,-122.41069607131655
19.81,38.57970363978677,-122.41223832011595
19.8,38.581285456940364,-122.41850512509194
19.8,38.58046974440044,-122.41319060958237
19.8,38.58010260478564,-122.41702818168295
19.79,38.5826555642531,-122.41827575557865
19.79,38.58098071201213,-122.42312734271577
19.78,38.580165840769176,-122.417411438329
19.78,38.578718503088524,-122.41387309068712
19.78,38.57703626683731,-122.41267982539831
19.77,38.57646838314181,-122.41521758304334
19.76,38.58196661450714,-122.42109127396665
19.76,38.57629619610718,-122.41077763386552
19.76,38.575527127010254,-122.41144230183464
19.73,38.580195162277356,-122.41619788271068
19.71,38.58287111801437,-122.4151836546563
19.71,38.582063576104765,-122.41551280522292
19.71,38.57997148690994,-122.41345130474875
19.69,38.58320077099318,-122.4137059176763
19.69,38.58213990326418,-122.41406188967865
19.69,38.58031112270653,-122.41680303153522
19.69,38.57825629919538,-122.41335658635118
19.69,38.575300220903635,-122.41128760335722
19.69,38.5742255412509,-122.41698688165292
19.68,38.57705512262719,-122.41072004638362
19.68,38.57654956985227,-122.41986859702735
19.66,38.58269680740388,-122.41350739148342
19.65,38.57592581329542,-122.41294031000018
19.64,38.5828344236747,-122.4163622913832
19.64,38.5825389859762,-122.41361020702576
19.64,38.58225550956145,-122.41622692069797
19.63,38.5777089265757,-122.41118212777482
19.62,38.581634515300166,-122.42339458074494
19.61,38.58300414714313,-122.41503309520067
19.6,38.581999952203375,-122.41882277588832
19.6,38.58206967725567,-122.41421717864952
19.6,38.5764243129985,-122.41403296961373
19.59,38.57663857498561,-122.41640022790965
19.58,38.581826551829806,-122.41344186681162
19.58,38.577320181465815,-122.41277000953853
19.57,38.577678148531774,-122.41203999396869
19.56,38.5823297244001,-122.41482172265556
19.56,38.57824100662041,-122.41329808921195
19.55,38.582114031472216,-122.41849875018946
19.55,38.58050232137532,-122.41830847383382
19.54,38.58271599251069,-122.4150343320797
19.54,38.5763445012267,-122.41206578318453
19.53,38.58173745861911,-122.4153620746766
19.53,38.57634046428968,-122.42030012230839
19.52,38.5823108301164,-122.42065843573984
19.52,38.580637783469825,-122.42275739174514
19.52,38.57870031694109,-122.41251834949813
19.52,38.57830645946289,-122.41324567057532
19.51,38.58004866089935,-122.4152807600253
19.51,38.575187790431386,-122.41138236191561
19.5,38.57960205615365,-122.41345789983686
19.49,38.583041228074464,-122.41442798093264
19.49,38.58174629295058,-122.41594769646872
19.49,38.57604862286075,-122.41106866523783
19.48,38.581622234021324,-122.41823229302544
19.48,38.57996798204443,-122.41721302008202
19.48,38.575009516122876,-122.41347918182919
19.47,38.57732548247045,-122.41265571819821
19.46,38.579385954931105,-122.42276620684777
19.45,38.581641822054166,-122.42188113316669
19.45,38.57835579510029,-122.41451099607436
19.44,38.57905711751717,-122.41705264302304
19.43,38.575897877860754,-122.41276617525743
19.43,38.57529276403658,-122.41164257238532
19.41,38.58076816551645,-122.42266399915303
19.39,38.582275365507726,-122.42103426520735
19.39,38.58183436912736,-122.41831709769939
19.39,38.58110777529373,-122.42174910463976
19.38,38.58254835896645,-122.41418440626228
19.38,38.581686260716005,-122.42150598422063
19.37,38.575032841589895,-122.41297631640833
19.36,38.57495568581453,-122.41347512980924
19.35,38.58113622714713,-122.42191182462106
19.34,38.583050330252284,-122.41384369898806
19.34,38.57526433390289,-122.41128490307172
19.33,38.583270144920675,-122.41259855257687
19.33,38.578685936113075,-122.41554514854512
19.33,38.57584461717529,-122.41255572817136
19.33,38.57556816161143,-122.4121105774326
19.32,38.58083911604042,-122.42365573194239
19.32,38.57536495311862,-122.41222144070977
19.31,38.58167636100615,-122.42288160111248
19.31,38.576480400308995,-122.41068827323933
19.3,38.580946892154856,-122.42327389630115
19.27,38.575211076275124,-122.41825385708805
19.26,38.58062532081173,-122.4181801081584
19.25,38.58059245179555,-122.42257046057915
19.25,38.578445282148266,-122.42169744865858
19.25,38.57742557735495,-122.41088554872607
19.24,38.58247654178077,-122.41437398569064
19.24,38.582026537982344,-122.42193308420295
19.24,38.581163197883875,-122.4217188750128
19.23,38.57996910930684,-122.41466688790173
19.22,38.58174795838835,-122.42347195606752
19.22,38.58212925355381,-122.41448547036737
19.22,38.574032027409764,-122.41844027209244
19.21,38.583117459435634,-122.41336701546169
19.2,38.58210450343269,-122.41424274077754
19.2,38.5813218741863,-122.41849639989374
19.2,38.58036142657319,-122.41610718122794
19.2,38.57706583247589,-122.4126247057897
19.19,38.581996439394004,-122.41812285566472
19.19,38.581645595239536,-122.42160614509976
19.19,38.58118161221775,-122.41802704433566
19.19,38.58077087813291,-122.42241187368337
19.18,38.583685642848245,-122.41431593126657
19.18,38.575495479625076,-122.41134817049722
19.17,38.581592254668905,-122.4235290291106
19.17,38.57640991096752,-122.41473148707281
19.17,38.57603897059784,-122.41185928846963
19.16,38.577783728054165,-122.4118988415724
19.14,38.580768050204426,-122.42305395501819
19.14,38.57731206568722,-122.41372132819377
19.13,38.583254156656814,-122.41565983417433
19.13,38.58289872193215,-122.41672270270003
19.13,38.582318000310146,-122.41293978711481
19.13,38.58190009962813,-122.4149614132519
19.13,38.57486184870522,-122.41297491496591
19.12,38.58210001578311,-122.42151424397078
19.1,38.58306716988353,-122.41406289613302
19.1,38.57738370995752,-122.41178845339812
19.1,38.57685134820358,-122.41103731429875
19.09,38.58158933123752,-122.42087931233806
19.09,38.58019954326306,-122.41552151316806
19.09,38.57879417153212,-122.41534685341759
19.08,38.582830566590665,-122.41702725520454
19.08,38.58268864440469,-122.4189205614277
19.08,38.58234489012999,-122.41759856303779
19.08,38.576402304028385,-122.4218760160111
19.07,38.58278796529974,-122.4185266012754
19.07,38.58207877523205,-122.41596127171927
19.07,38.581700011345184,-122.4214037937641
19.07,38.58068440754508,-122.41826484750948
19.06,38.5780132044831,-122.41238634699978
19.06,38.575462543142834,-122.4124466911037
19.05,38.582217547631515,-122.41607495345687
19.05,38.57998037447953,-122.41384193543438
19.05,38.575864680901056,-122.41251136303289
19.04,38.58166457275374,-122.41324615545966
19.04,38.57818382323511,-122.41161928503931
19.03,38.57618342835911,-122.41941665564661
19.03,38.57563316034494,-122.41167965589449
19.03,38.57555279052235,-122.4124420144609
19.03,38.57534085699223,-122.41390552831483
19.02,38.58242925061834,-122.41791460527155
19.02,38.57702528925312,-122.41466313312925
19.01,38.582423772260626,-122.41434707209874
19.0,38.58180325413343,-122.42208829190801
19.0,38.57727813069008,-122.41445279082387
18.99,38.58053034311212,-122.41595933146145
18.99,38.57643444512389,-122.4109027247158
18.98,38.582778761943,-122.41736744878551
18.98,38.5802826632262,-122.42071198195136
18.97,38.58027130632705,-122.41319860930334
18.96,38.58296122878486,-122.41343554178111
18.95,38.58195529638364,-122.42191624204914
18.95,38.5817912886967,-122.41536612908749
18.95,38.581455006748314,-122.41795588853566
18.92,38.58291502554833,-122.416953329355
18.92,38.57901881245108,-122.41613221404072
18.9,38.58229501064146,-122.42061136383973
18.9,38.57872065177772,-122.41110916077022
18.89,38.57718523205971,-122.41451461017843
18.88,38.582365721582995,-122.42063963462218
18.87,38.580864495984926,-122.42349707259062
18.87,38.580342782236656,-122.41456886262779
18.87,38.57852492045016,-122.4133882778191
18.86,38.583948116351465,-122.41350985125213
18.86,38.58206698203558,-122.41446931107976
18.86,38.58043695918169,-122.41583760223816
18.84,38.58157159631706,-122.4237798035809
18.83,38.5826795302845,-122.41523804381083
18.83,38.58256286279725,-122.41755763841697
18.83,38.58194516259953,-122.41845161443365
18.83,38.58173950346338,-122.42171645369677
18.83,38.57679793501564,-122.4116067430315
18.83,38.57671949479435,-122.41058010416558
18.82,38.582986122040616,-122.41755512221643
18.82,38.58016723650582,-122.4181570590752
18.81,38.58335868003245,-122.4155415376906
18.81,38.58243442159474,-122.41392348959579
18.81,38.57700545777329,-122.4110145033265
18.81,38.57632647083482,-122.4149775194691
18.8,38.58212136464981,-122.42066709074642
18.8,38.58036046630906,-122.41787341266026
18.79,38.58202959143977,-122.414110931985
18.79,38.57548379020863,-122.41431769414959
18.78,38.57891110620886,-122.41631907908939
18.77,38.58214162314103,-122.41577101939436
18.76,38.576969223971744,-122.41276653102176
18.75,38.58311432303659,-122.41556901130899
18.75,38.5805198633659,-122.41327466960634
18.75,38.577974369254804,-122.41128238627765
18.74,38.57869742356868,-122.4160735988545
18.74,38.57872345880041,-122.41531858952449
18.73,38.579935558173716,-122.41364358044947
18.72,38.58240532448907,-122.42056233172131
18.72,38.58185332922414,-122.41635720038835
18.72,38.576943148241945,-122.4111933185379
18.71,38.578348149558735,-122.41564587013653
18.7,38.5777105906584,-122.41075789614403
18.69,38.57565825184628,-122.41288576475625
18.68,38.581487558745934,-122.41861211326899
18.67,38.582508884113665,-122.41813853323468
18.67,38.582021900265495,-122.41544084746543
18.66,38.582087793102815,-122.41576696463045
18.66,38.580793470151264,-122.4168852478652
18.66,38.580229988143174,-122.41835676877221
18.64,38.58211413143911,-122.41597540482151
18.64,38.58148933839688,-122.41333618965338
18.64,38.57662200639696,-122.41501124195139
18.63,38.58033690462948,-122.41488956631996
18.62,38.579853305657174,-122.41328183511355
18.62,38.577611259663335,-122.41134681473811
18.62,38.57548768207401,-122.42005234752793
18.6,38.58082453534461,-122.42300086756471
18.6,38.580576344592814,-122.4132215740864
18.6,38.579044580220994,-122.4116955334018
18.6,38.57563035576364,-122.41251666469086
18.58,38.58391174174892,-122.41332359084063
18.58,38.58384155879355,-122.41328389611746
18.57,38.57896290212201,-122.41365063633424
18.57,38.57678827850506,-122.41239737400764
18.56,38.58206388735044,-122.41414792390597
18.55,38.58238101010465,-122.42069813635982
18.55,38.58043951991084,-122.41830374134445
18.55,38.576305395135314,-122.41232662422635
18.54,38.57689476316412,-122.41029509773176
18.53,38.57836090140558,-122.41284834695543
18.52,38.577446512133434,-122.41179317969738
18.51,38.583456307552396,-122.41557183156631
18.51,38.58174262510417,-122.41350436626867
18.5,38.58199334478159,-122.41333972720682
18.49,38.583487646878545,-122.41470247105639
18.48,38.57870078667417,-122.4152251281291
18.48,38.57476687066593,-122.41967690227254
18.48,38.57398369594555,-122.41754208966739
18.47,38.58102798252212,-122.4161000425044
18.46,38.58337860616889,-122.41608212841233
18.46,38.58098905098025,-122.41558097742288
18.45,38.57783877067253,-122.41110014548093
18.45,38.577550018146326,-122.4140259688858
18.45,38.57559499889864,-122.41250253489788
18.44,38.58259696335872,-122.41624117347783
18.44,38.58032532534029,-122.41475106020418
18.44,38.576141744412205,-122.41255515345009
18.43,38.5806615688632,-122.4226330207944
18.43,38.58020418439631,-122.41813690427867
18.43,38.57577602371153,-122.41248175288369
18.42,38.58265536023374,-122.41905569115764
18.42,38.58215300354934,-122.42076123434788
18.42,38.58190131523998,-122.41862035618995
18.42,38.57712104723882,-122.42016398589107
18.38,38.583214027273385,-122.41342016641242
18.38,38.58235775746912,-122.42081108133232
18.38,38.582165637267444,-122.42087688466273
18.38,38.58203174510332,-122.4183319720652
18.38,38.58167712522131,-122.41821349012312
18.37,38.582725214496804,-122.41832688407727
18.37,38.57987245396563,-122.41500369244373
18.36,38.57497488926139,-122.41247880226199
18.34,38.58043995633503,-122.41654893829585
18.34,38.57530603053213,-122.41387996913879
18.33,38.58159107364334,-122.42394184830881
18.33,38.58206361121369,-122.41298945400567
18.33,38.58149185532382,-122.4239458331295
18.33,38.57612137700547,-122.42055886053468
18.33,38.576300471492004,-122.4104912335741
18.33,38.57554522734189,-122.41997640353847
18.32,38.5815689401527,-122.42383695156443
18.31,38.58085717652312,-122.4232671293218
18.31,38.57962700982908,-122.42319728333858
18.31,38.57529008097648,-122.4188791183155
18.3,38.58203661267431,-122.4133773942615
18.3,38.58155465632613,-122.41833042770891
18.3,38.58126968672994,-122.41826307407618
18.3,38.579041575553596,-122.41583572687938
18.29,38.581388323529985,-122.42249284774823
18.29,38.58156531974092,-122.41790685262293
18.29,38.58091519039459,-122.41309797954553
18.28,38.57657434692967,-122.4133217237185
18.28,38.575320585563425,-122.4124016011544
18.27,38.58284654615055,-122.41416098154157
18.27,38.581627942929806,-122.4142297937716
18.27,38.574854386862796,-122.41332988104902
18.27,38.57390135941164,-122.41757029281719
18.26,38.58330556131222,-122.41474610744976
18.26,38.58008621107357,-122.42300252913869
18.26,38.57533735013468,-122.41301070476554
18.25,38.58290257472851,-122.4181911416812
18.25,38.58146508908841,-122.41773872438077
18.24,38.58319555247442,-122.41575864940788
18.24,38.582686196319045,-122.4160643775796
18.24,38.5818204151989,-122.41493247246025
18.24,38.57677025570434,-122.41278596171423
18.24,38.57622381843635,-122.41117359847603
18.24,38.57533754650011,-122.41203587867543
18.24,38.57525956442185,-122.41138776257367
18.23,38.58213260601432,-122.41809870757699
18.23,38.5783211436876,-122.4160337884186
18.23,38.576085872175575,-122.41220688316697
18.22,38.579725580925775,-122.4133180971395
18.21,38.58278358597809,-122.4170695950392
18.21,38.58272172745291,-122.41297018252959
18.21,38.58067051964426,-122.41681863735161
18.2,38.582028487402,-122.41432877475938
18.19,38.58221132747134,-122.41776054591706
18.19,38.574907687051166,-122.41334536168542
18.18,38.58039842611422,-122.41802537652595
18.18,38.57851436823594,-122.41575014238883
18.18,38.5783731733001,-122.41219552607826
18.17,38.57853721919486,-122.41506371031036
18.15,38.578680146766786,-122.41547589708681
18.14,38.58043537399075,-122.41800522160797
18.14,38.57693527354369,-122.41097481538756
18.13,38.582651370623175,-122.41603881437347
18.13,38.582079503913015,-122.41730329120611
18.13,38.58166178356225,-122.42397012192032
18.13,38.58198693663676,-122.41600023280996
18.13,38.580206483314036,-122.41517795125758
18.13,38.57908417729824,-122.41161822822663
18.13,38.57410042175705,-122.4171609535288
18.12,38.58021478904961,-122.41577499014754
18.12,38.57841823702722,-122.41374726109342
18.12,38.57810458756064,-122.41449208088466
18.11,38.580679094810264,-122.4222558479555
18.1,38.582392450436195,-122.41734981053085
18.1,38.58039099684049,-122.41818538978661
18.1,38.57709644542408,-122.41506990553543
18.09,38.580516066841646,-122.41607295146123
18.09,38.57976995064244,-122.41313792668535
18.09,38.57959079615063,-122.41175958098282
18.09,38.57879615106612,-122.41355779730308
18.08,38.582064792537054,-122.41703837785319
18.08,38.58191455022774,-122.41406785989022
18.08,38.58117731691188,-122.41831346144993
18.08,38.58022588244833,-122.4157299477513
18.08,38.57685498314427,-122.41134724988117
18.08,38.57659986412058,-122.41490635446267
18.07,38.58115418296806,-122.42365655911202
18.07,38.57510925321364,-122.41812003040363
18.07,38.57517351916887,-122.41149597501487
18.06,38.583282708917686,-122.41543258530992
18.06,38.58260766274349,-122.41329422146649
18.06,38.58051028150268,-122.4181370308226
18.06,38.57697010069651,-122.41100037390184
18.06,38.5761621859708,-122.41056111159556
18.06,38.5756380049624,-122.41118686338869
18.05,38.58050275798238,-122.41655366925713
18.04,38.58036142855904,-122.41824050918676
18.03,38.5820978659062,-122.41322142892743
18.03,38.581874421117796,-122.41415659621639
18.03,38.57587297015553,-122.41058522745293
18.03,38.575263844915774,-122.41828077011637
18.02,38.57533739006081,-122.41281573962482
18.01,38.57548961244112,-122.41166885387247
18.0,38.58316912154673,-122.41594017780015
18.0,38.58143309620597,-122.41900944723714
18.0,38.58047545216693,-122.41597813593464
18.0,38.57846436145133,-122.41275291189817
17.99,38.583305418994485,-122.41300265801591
17.99,38.582724735426844,-122.4160099313256
17.99,38.58140677378155,-122.41666765073822
17.99,38.576286545620384,-122.41156826009392
17.98,38.58233408260214,-122.4205454907725
17.98,38.582153292872846,-122.41551956284671
17.98,38.57563736222106,-122.41178319099673
17.97,38.58297854784959,-122.41616669037496
17.97,38.58144057768385,-122.41865445130831
17.97,38.58050681187132,-122.41724214637728
17.97,38.578390795326825,-122.41608491127039
17.96,38.577700862310074,-122.4119384815499
17.95,38.57693174676134,-122.41279811705198
17.93,38.5820251918554,-122.41711568263084
17.93,38.581787525670826,-122.41331276121343
17.93,38.57849010523675,-122.4156909689671
17.92,38.58322834842555,-122.41543996065174
17.92,38.57627276584913,-122.41186541377152
17.92,38.57627333402756,-122.41165901687454
17.91,38.58375856420714,-122.41390850064421
17.91,38.582493066956594,-122.41362968922402
17.91,38.57657148733064,-122.41435371026748
17.9,38.57947029500251,-122.41261071545347
17.89,38.57617787706051,-122.41391119703792
17.88,38.57918258873531,-122.41299048547869
17.87,38.57949356577293,-122.41482605733486
17.87,38.578689834228975,-122.41216201352842
17.87,38.57761405751202,-122.41050978180061
17.86,38.582043547049054,-122.41303382261923
17.86,38.58003443018095,-122.41519940205022
17.86,38.58009399274513,-122.41313938251169
17.86,38.57816584161948,-122.41433612483317
17.86,38.57725348717421,-122.4111019805875
17.85,38.578454123862144,-122.41374996290861
17.85,38.5757380945942,-122.41213483481627
17.84,38.5760344533824,-122.41331548967128
17.84,38.57567986613263,-122.41028397966969
17.83,38.58267687822706,-122.41529519348272
17.83,38.576417992371304,-122.41397514934339
17.82,38.58323374311244,-122.4149356881203
17.82,38.582039604802006,-122.41855048998858
17.81,38.58255136470756,-122.41489576439287
17.81,38.58154037765907,-122.41844404856275
17.81,38.581358441314215,-122.41790273330413
17.81,38.57986350557472,-122.41713633233095
17.81,38.57986408384563,-122.41692992624743
17.8,38.58299716082194,-122.4155716560015
17.8,38.58165470508892,-122.41248841033456
17.8,38.58043532436714,-122.41820019957858
17.8,38.579204028241094,-122.4113634532534
17.79,38.58210101449872,-122.41780958238672
17.79,38.58105861082482,-122.41602206229642
17.79,38.57488607317437,-122.41322904836508
17.77,38.58034831080952,-122.41794131373868
17.77,38.57869664613047,-122.41240338063011
17.76,38.58245245083881,-122.41799664241363
17.75,38.58203171259553,-122.41406521256867
17.75,38.58165197266917,-122.4129355241335
17.75,38.58074278670131,-122.42282265872443
17.75,38.580663934498745,-122.42355076146193
17.75,38.57763647006298,-122.41196804267601
17.74,38.57599479234684,-122.4110646148664
17.73,38.58177608713651,-122.41491766425214
17.73,38.57880575032165,-122.41548535656018
17.73,38.57558886932604,-122.41146988528513
17.72,38.578456244712285,-122.4137042457316
17.71,38.582355502615556,-122.41736996623106
17.7,38.579908894417045,-122.41712828242326
17.69,38.57701654924057,-122.4109694619341
17.69,38.57557693794616,-122.41036798639254
17.68,38.57607974049124,-122.41117422619945
17.68,38.57491457819646,-122.41785305405043
17.67,38.58254716633998,-122.4147922194059
17.67,38.58074083371356,-122.42228344291607
17.66,38.58320722244661,-122.41550718917989
17.66,38.582552105032065,-122.4162377941597
17.66,38.57583962293207,-122.41111028352333
17.65,38.581863414325674,-122.41381167460595
17.65,38.58003257134205,-122.41407525477355
17.64,38.583624158959324,-122.41311841644887
17.64,38.57650618219448,-122.41110309383174
17.64,38.575711631407664,-122.41251131291605
17.63,38.58203902745016,-122.42069529231848
17.62,38.583949749512975,-122.41328057228363
17.62,38.582782708758174,-122.41844591589502
17.62,38.58274130270244,-122.41274225820574
17.62,38.58193169836861,-122.41525053720031
17.62,38.58083618134005,-122.41480100091917
17.62,38.57548537258619,-122.41176028476944
17.61,38.576644613513295,-122.41025334006785
17.61,38.57567294206085,-122.41062752212429
17.6,38.5805451037089,-122.41602926051722
17.6,38.57607648565427,-122.41163273487383
17.59,38.58120854352355,-122.42364919008757
17.59,38.57391665003681,-122.4176287869665
17.57,38.58343465057617,-122.41332207828182
17.57,38.575426456341226,-122.41341881712333
17.56,38.58252832608416,-122.41636217124112
17.56,38.57755284486184,-122.41047076895303
17.55,38.582969498337036,-122.4142275901384
17.54,38.58227610538323,-122.41617112314357
17.54,38.58029948448752,-122.41220288304014
17.54,38.57601001144047,-122.41151304434199
17.53,38.58353073035309,-122.41319167222659
17.53,38.58024263232144,-122.41401078511392
17.53,38.57805529221792,-122.41303178734111
17.53,38.57759638161001,-122.41186180388537
17.52,38.5815425963994,-122.41354665420867
17.52,38.575399947575356,-122.41399025775559
17.51,38.58262680606601,-122.41501614499289
17.51,38.57797662656068,-122.41317496450809
17.51,38.577545776260415,-122.41411740203733
17.49,38.5817280658251,-122.42293137968345
17.49,38.58181286062298,-122.41781080851841
17.49,38.578876372386055,-122.41590356906869
17.48,38.583192992153975,-122.41542582752155
17.48,38.58221680497523,-122.4147329297316
17.48,38.57975733405746,-122.4232988678043
17.48,38.5777705160725,-122.41198960012368
17.48,38.576611211794415,-122.41369150409945
17.47,38.58286973242971,-122.41657140978157
17.47,38.57797009550162,-122.41642023660137
17.45,38.58298133924219,-122.41552458451285
17.45,38.58176228147167,-122.42141995883908
17.44,38.582858247247614,-122.41817633120554
17.44,38.58046435866385,-122.41602317843336
17.44,38.579756737531426,-122.41322868736485
17.44,38.57787454401631,-122.41168776293357
17.43,38.58340539906814,-122.41434070649697
17.43,38.58097215087853,-122.41982345664074
17.43,38.580405756076765,-122.41825531900372
17.43,38.577223429465846,-122.41097355956043
17.42,38.58200859327766,-122.41592157574647
17.42,38.58077814185318,-122.42283679477006
17.42,38.57619056017433,-122.4138318699311
17.42,38.57587168749873,-122.41177788694105
17.41,38.583635081576766,-122.41385332179382
17.41,38.58165339441266,-122.41814288356288
17.41,38.578058256978004,-122.41141485969631
17.41,38.57550130896592,-122.41122245290543
17.4,38.582602751968636,-122.41631042876357
17.4,38.58126609133751,-122.42357324374443
17.39,38.58145173377609,-122.41395272191966
17.39,38.577841438263334,-122.41356620689164
17.39,38.57574838904505,-122.41074788635906
17.38,38.57653843351581,-122.4107958598547
17.38,38.575130960280006,-122.41319013778367
17.36,38.57637895057342,-122.41132289811748
17.36,38.575325471156276,-122.41171384587572
17.35,38.581609381814886,-122.4146298361522
17.35,38.577261473006374,-122.41073557246888
17.35,38.575921958478965,-122.41108207227447
17.34,38.5827372690446,-122.41864894920626
17.34,38.582657452251674,-122.4170715613583
17.34,38.58209203358318,-122.413347157602
17.34,38.578370866466074,-122.41554435830666
17.34,38.575453002007855,-122.41265241025239
17.33,38.58185645708511,-122.41861697547583
17.33,38.57828857495752,-122.41537759228315
17.33,38.5776033602481,-122.4138464797505
17.32,38.578318582512054,-122.41570098925453
17.32,38.575420373623004,-122.41219120532736
17.31,38.58111359361129,-122.41561329722019
17.31,38.58018933236787,-122.4139953023753
17.31,38.57873132491389,-122.41553709766191
17.31,38.57852806011232,-122.41351467565667
17.31,38.577238975621704,-122.41490860320336
17.3,38.580763916585944,-122.42275543507382
17.29,38.58229193493897,-122.41388982068283
17.29,38.57918490326807,-122.41449314188286
17.28,38.5820710019943,-122.41535278754138
17.28,38.57751543896221,-122.41283058297574
17.28,38.576881097009526,-122.41272549088455
17.28,38.57685206143711,-122.4127691812548
17.28,38.57513918442868,-122.41165395307429
17.27,38.57970343742161,-122.41321320534257
17.27,38.57581896684009,-122.41407914673667
17.26,38.58281522783738,-122.41716373830005
17.26,38.58200288847944,-122.41313398963578
17.26,38.58052161983302,-122.41711709720177
17.26,38.57665888374791,-122.41013972428313
17.25,38.583390637638054,-122.41427077481096
17.25,38.58270138252756,-122.41864624453932
17.25,38.58081833444996,-122.42255308725446
17.25,38.57963622353152,-122.4115565505649
17.25,38.575488358851814,-122.41266654008088
17.24,38.577237640998426,-122.41377307032322
17.24,38.57652923742388,-122.41448815605094
17.23,38.58033123534536,-122.416563687187
17.23,38.57609722777222,-122.41079707015119
17.22,38.58060644548793,-122.42343172988409
17.21,38.58239235228559,-122.41773977733394
17.21,38.58231531348202,-122.41552029677342
17.21,38.57664355118734,-122.41299433437413
17.2,38.58264897569879,-122.41259766872362
17.2,38.57733801617571,-122.41063811031408
17.2,38.575827084104496,-122.41312784824774
17.19,38.58164018134405,-122.42385379545745
17.19,38.58087771706529,-122.42340631336901
17.19,38.57653245458518,-122.41170145416561
17.19,38.575821222885565,-122.41073042862728
17.19,38.57536891497822,-122.41349476676262
17.17,38.57823629123172,-122.41553422320636
17.17,38.57766826994568,-122.41128229026434
17.17,38.575615329125924,-122.41109340704371
17.17,38.57539936502185,-122.41167353149686
17.16,38.58172097197176,-122.41804474855992
17.16,38.575292817256695,-122.4139707240622
17.15,38.57712202733474,-122.4139364014292
17.14,38.57705339293048,-122.41405739306111
17.14,38.575313924861476,-122.411380384239
17.12,38.5809145346817,-122.41369434985286
17.12,38.57914967431182,-122.41622235604683
17.12,38.578767929482,-122.41222523776874
17.11,38.581349166985675,-122.41907193953813
17.11,38.57658013771878,-122.41339097310079
17.1,38.58198706582612,-122.4130869192473
17.1,38.580298914505,-122.4124092914011
17.09,38.58203983571892,-122.41311383174461
17.08,38.579868237745835,-122.42304343645979
17.08,38.578361308877376,-122.41342183761071
17.07,38.58338882335747,-122.41527999828664
17.07,38.58139063072886,-122.42360557734037
17.07,38.57746303577045,-122.41357212707446
17.05,38.57841040887004,-122.4133337803239
17.05,38.5756703641469,-122.41301283286539
17.03,38.57832494727665,-122.41556383841058
17.02,38.582966846756314,-122.41428474013587
17.02,38.57868642136635,-122.41572869295442
17.01,38.57763890105166,-122.41540894999393
17.01,38.57764087944954,-122.41361992280471
17.01,38.5754005369761,-122.41106577693944
17.01,38.575099433411815,-122.41251111283526
17.0,38.580807006941356,-122.4233780406975
16.99,38.58366477576688,-122.413213235003
16.99,38.58076846477357,-122.42343248125144
16.99,38.57896754215176,-122.41646096149717
16.99,38.575107499405924,-122.4117547869572
16.98,38.58387899397201,-122.41344729601202
16.98,38.58277788120822,-122.41874376913019
16.98,38.57586276494185,-122.41410538165223
16.98,38.575049764690505,-122.41280556013643
16.97,38.57599732989134,-122.41159237184891
16.96,38.576449509743185,-122.41465418647918
16.95,38.58270083410433,-122.41439087651369
16.95,38.582531945045254,-122.41667212998966
16.95,38.582298672894666,-122.42072633796232
16.95,38.577038058402515,-122.41419386635417
16.94,38.583245756490136,-122.41312433588259
16.94,38.58004385461463,-122.41771192274838
16.93,38.58253512830764,-122.41660355067698
16.93,38.58044707068564,-122.41309714631794
16.93,38.578603114285286,-122.41538981103203
16.92,38.58311095363786,-122.41641753391325
16.92,38.58084608026442,-122.4233121705933
16.92,38.580482957546835,-122.41309984800557
16.91,38.583276827983724,-122.41575330176941
16.91,38.576974870014226,-122.41089751189443
16.91,38.57612838220364,-122.41070766339077
16.89,38.58102024630527,-122.41956328123355
16.89,38.57904727266779,-122.41629492788186
16.89,38.578656944389195,-122.41539386500939
16.89,38.57548594041401,-122.41155389011446
16.87,38.58288068237892,-122.41711132054475
16.87,38.57762734054018,-122.41274725336241
16.86,38.58257010050989,-122.41371577870268
16.86,38.58235865875132,-122.41283961954937
16.86,38.58107060072294,-122.42254917327674
16.86,38.58086632169731,-122.42268287148958
16.86,38.57817787607027,-122.41232992632749
16.85,38.58098683745697,-122.41601665590639
16.85,38.580807887732114,-122.4183200308406
16.85,38.5801274925642,-122.4166859726248
16.84,38.581464990000924,-122.41812868598747
16.84,38.577634918654184,-122.4118073586836
16.83,38.58260526218591,-122.41683823178143
16.83,38.581961329113994,-122.41713381049394
16.83,38.5766973121624,-122.41067018672823
16.83,38.57632382936782,-122.4125115136153
16.82,38.580222854216345,-122.41734691701265
16.81,38.57973848061446,-122.41692046390028
16.81,38.5763876114286,-122.41016519169766
16.81,38.57638022918072,-122.41013022963979
16.81,38.57552367595628,-122.41287563559895
16.8,38.58366089275508,-122.41407319636258
16.8,38.581221829601176,-122.41541499592871
16.8,38.58050082874395,-122.41795280614878
16.79,38.58314760333854,-122.4154338786444
16.79,38.58279410092699,-122.41723096583021
16.79,38.58237758478262,-122.41553645703777
16.79,38.58026100644923,-122.41671896960759
16.79,38.58032046331708,-122.41524388285902
16.79,38.577139196561276,-122.41259582072651
16.78,38.58175778904963,-122.41414781360332
16.77,38.582130680777695,-122.41736449615847
16.77,38.577680532620626,-122.41062947437557
16.77,38.576893209328524,-122.41285256117767
16.76,38.58148428259796,-122.41228059631408
16.76,38.58116794741915,-122.41327758350792
16.75,38.58046705683704,-122.41577105208478
16.75,38.576085754034025,-122.41279178493701
16.74,38.583048056734015,-122.41680277336901
16.74,38.58204218825356,-122.41442156479175
16.74,38.57979192318186,-122.41149945189517
16.73,38.58371578354237,-122.41405438984697
16.73,38.58216815920176,-122.41733291069065
16.73,38.58117336414532,-122.42305011672885
16.73,38.581184044520484,-122.42262654661472
16.73,38.578460007752234,-122.41575751742288
16.72,38.58034083189283,-122.41829630460524
16.71,38.58309392804433,-122.41697827859645
16.71,38.57599937359677,-122.4119365904089
16.7,38.580327828647484,-122.41295053520176
16.69,38.58036580714595,-122.41543081005096
16.68,38.58062059029277,-122.41595465967536
16.68,38.57789323032617,-122.41322603225541
16.67,38.58186063310297,-122.41445377164327
16.66,38.58015828280292,-122.42009472371772
16.66,38.57884194032504,-122.4115999978167
16.65,38.58150224099224,-122.4227537717627
16.65,38.58156739058752,-122.41359439988351
16.65,38.57974478782901,-122.4123217032865
16.64,38.580355209111815,-122.41779273002635
16.64,38.57613534359789,-122.41288726816074
16.63,38.58213958494601,-122.41309840206338
16.63,38.57647288304801,-122.41395634399736
16.62,38.58184936203398,-122.41527874509661
16.62,38.58020625731821,-122.41828616365586
16.62,38.57763712621297,-122.41389489818452
16.62,38.57698554050754,-122.41027898936403
16.61,38.582819616223155,-122.41648734478647
16.61,38.5821069979025,-122.41709890665973
16.61,38.57983470019212,-122.41135356849776
16.59,38.58348056957305,-122.4133025956957
16.59,38.581710407645524,-122.41361663789789
16.59,38.57751718732763,-122.4120164108263
16.58,38.582540433656135,-122.41648925179841
16.58,38.57967198303034,-122.42281071678511
16.58,38.578249505971826,-122.41544346505421
16.58,38.5760617220285,-122.41156281087665
16.57,38.582452190287846,-122.41470477755509
16.56,38.57933807439046,-122.41138501040027
16.55,38.58312307777315,-122.41421621572132
16.55,38.576141704763906,-122.4127501208284
16.54,38.5826021454838,-122.41438344452838
16.54,38.58193036060799,-122.41644329171027
16.54,38.578236063660626,-122.41165762403926
16.53,38.57529378606512,-122.41181467997824
16.52,38.58102539388201,-122.42371566169071
16.52,38.58095219384123,-122.41521117394238
16.52,38.58104764537444,-122.41315382993635
16.52,38.58094463120775,-122.41362779823626
16.51,38.58262221015947,-122.4143390760258
16.51,38.58247227901746,-122.41679380311534
16.51,38.58084826527509,-122.41725640264775
16.5,38.581898463633635,-122.4151906852451
16.5,38.5766802506814,-122.41414398956785
16.48,38.5769284441604,-122.41345159971901
16.47,38.583438892382986,-122.41323063754304
16.47,38.580646050005036,-122.42335443052535
16.47,38.579026675192736,-122.41149920754768
16.47,38.57865332080321,-122.41508392269374
16.46,38.58364581384285,-122.41303975654839
16.46,38.58080654217184,-122.41737942444888
16.45,38.578808211556634,-122.4113566046077
16.44,38.58270259536882,-122.41803843252379
16.44,38.580435454638064,-122.42343030185661
16.43,38.580165130989165,-122.4201411177796
16.43,38.5791487403389,-122.41333201720919
16.42,38.5770478746508,-122.41514653092784
16.41,38.58254287858452,-122.41507864309526
16.41,38.5808330229007,-122.41700292347868
16.4,38.58021142063861,-122.4166234782769
16.39,38.58341515856199,-122.41316003047264
16.39,38.58032572229743,-122.41532456547479
16.39,38.57805749328501,-122.41259612524661
16.38,38.57606768951796,-122.41337533565815
16.38,38.57489402489185,-122.41305761725926
16.37,38.57540104952023,-122.4137724350202
16.36,38.58185588733059,-122.41669001577162
16.36,38.580733756107456,-122.41720189698793
16.36,38.57629086016278,-122.41108689204313
16.35,38.58308355529914,-122.41623195067397
16.35,38.5813657212751,-122.41832765936208
16.35,38.580880904159066,-122.42333773639615
16.35,38.57753884101743,-122.4119377569859
16.34,38.58327205374561,-122.41585617193758
16.34,38.58233237620635,-122.41476457321389
16.33,38.58271866204971,-122.41711058286857
16.33,38.581848411679985,-122.41704501466178
16.33,38.57699201731593,-122.41227508043372
16.32,38.58056329468052,-122.41718905420335
16.32,38.57926315855692,-122.41125320963582
16.32,38.576804178493035,-122.41457767079218
16.31,38.58246328338406,-122.4146597335801
16.31,38.5817623657578,-122.41249651485295
16.31,38.58089465101861,-122.41528712733522
16.31,38.57841144727554,-122.4107876933844
16.31,38.57570292694378,-122.41114587324354
16.31,38.57566378541351,-122.4116016790442
16.3,38.58364002334143,-122.4129705002804
16.3,38.58168247644612,-122.41577084354873
16.3,38.57821444845881,-122.41154130551386
16.29,38.582306696682856,-122.41395975121938
16.28,38.58374367166565,-122.41442353191734
16.28,38.58112565971209,-122.41806870656995
16.28,38.573970090711214,-122.41705938880591
16.28,38.57371629577315,-122.42097394368757
16.27,38.58387316118087,-122.4135730277451
16.27,38.58134014252592,-122.41499952925264
16.27,38.57603215691414,-122.41161793025927
16.26,38.577878997961854,-122.4131446770141
16.25,38.58295573520103,-122.4166581785884
16.25,38.58113250867385,-122.41811510117019
16.25,38.58108215486411,-122.41687258789777
16.25,38.57776289576473,-122.4131244680958
16.25,38.57611026114096,-122.41420429638218
16.25,38.57573260121715,-122.41050585397868
16.25,38.575213040383375,-122.41180860375393
16.24,38.5812903749768,-122.41568396082519
16.23,38.5823107412392,-122.41697661973329
16.23,38.576621901271956,-122.41035485173775
16.23,38.57522413206923,-122.41176356361329
16.23,38.57499683333822,-122.41355850774524
16.22,38.58015764489208,-122.41409614182196
16.22,38.576473620153465,-122.41025194462868
16.21,38.58161092867654,-122.41479052866121
16.21,38.57894487099254,-122.41636749952156
16.21,38.57713466851545,-122.41405204312406
16.2,38.58016757613698,-122.4167922175088
16.2,38.57863321158002,-122.41532326227149
16.2,38.575647961804904,-122.41155461324524
16.19,38.58232110978644,-122.41772293914545
16.18,38.582832973710445,-122.41348323444042
16.18,38.58091171067209,-122.42267482509948
16.18,38.58057368770781,-122.42355542365027
16.18,38.57712527012097,-122.41095470457013
16.16,38.58338860341456,-122.41392652149845
16.16,38.58163651303898,-122.41365695297753
16.15,38.58372532885332,-122.41384864760538
16.14,38.583875812466225,-122.41351587696185
16.14,38.58349374088002,-122.41340681763883
16.14,38.58313390341318,-122.41534108705854
16.14,38.58223142284422,-122.41305943708247
16.14,38.579499529106315,-122.41411540502517
16.14,38.576730087662206,-122.4130696617616
16.13,38.58301134483506,-122.4158480028896
16.13,38.58152359589123,-122.41802987514548
16.12,38.580437004848314,-122.41564262379534
16.12,38.57720081758337,-122.41320831653599
16.12,38.57594421435447,-122.41060205640572
16.12,38.575246239074936,-122.41206341348413
16.11,38.58374070665327,-122.41351717378897
16.11,38.5832906653126,-122.41526113487028
16.11,38.58316138285437,-122.41280829404131
16.11,38.57852116751433,-122.41366325665906
16.11,38.576939438580744,-122.4112733222491
16.1,38.58265373811189,-122.41715157062899
16.1,38.582064460783286,-122.41394151084383
16.1,38.581248323843106,-122.41717184796912
16.1,38.57848855911173,-122.4155302835849
16.1,38.57789174376144,-122.41519860893159
16.1,38.57752632633302,-122.41376039673224
16.1,38.576389569881734,-122.4136174742862
16.1,38.57650579822356,-122.41033464787165
16.09,38.58248847295808,-122.41528100282817
16.09,38.58043769109985,-122.41252296344764
16.09,38.58016829234726,-122.41367257251838
16.09,38.578621632571355,-122.41518475946883
16.08,38.583570688826825,-122.41388288296226
16.08,38.582964318008294,-122.41608532890481
16.08,38.582524359676796,-122.41528370579975
16.08,38.581915457839344,-122.41695830805166
16.08,38.577459488157466,-122.41287224769
16.07,38.580669894117854,-122.42303508222258
16.07,38.58082115458849,-122.41803429124576
16.07,38.57901509924672,-122.41621221939921
16.06,38.577584836508926,-122.41152833167483
16.06,38.57650828143355,-122.4137755065768
16.05,38.581294442413764,-122.41404410523525
16.05,38.57929998768443,-122.41434123687698
16.04,38.581665019440884,-122.41808641104339
16.04,38.57617543254895,-122.41027538672968
16.04,38.57398485110413,-122.41712931145591
16.03,38.57711973557161,-122.41476199652962
16.02,38.58281267140994,-122.41683091860338
16.02,38.5777319398374,-122.41223901711349
16.02,38.57698217748544,-122.41132241422964
16.01,38.58384832430739,-122.41372026858384
16.01,38.583458956678605,-122.41318626817608
16.01,38.58212999919885,-122.41349912354467
16.01,38.581498322455126,-122.41779857697709
16.01,38.57715956734341,-122.41099169229466
16.0,38.583518449485005,-122.41384453911857
16.0,38.57862636136724,-122.41527686945159
15.99,38.58312363897575,-122.41633819992684
15.99,38.58172419348987,-122.41331946267756
15.99,38.58012737369687,-122.41494260386466
15.98,38.58158586670287,-122.41804603728842
15.97,38.58160742474052,-122.41835734372177
15.96,38.58091417930975,-122.41952087765924
15.95,38.582336730095214,-122.41854994307843
15.95,38.5818027289452,-122.41608958450908
15.95,38.58178951338809,-122.41618034690208
15.94,38.583521544535515,-122.41416593290379
15.94,38.58343717390703,-122.41384988891637
15.94,38.579727414078555,-122.41211394593688
15.94,38.57856313036745,-122.41237039259923
15.94,38.57633692225375,-122.41300566069827
15.93,38.582328874389,-122.41619803795976
15.93,38.582356454879275,-122.41327530764067
15.93,38.57969258728981,-122.4120883857706
15.93,38.578543539149145,-122.41512153234324
15.93,38.57852732208073,-122.41197774354542
15.93,38.57498210677652,-122.41794989041489
15.92,38.57837409343386,-122.41528080991581
15.91,38.58365726721817,-122.41376323204422
15.91,38.57905716494672,-122.41685766857164
15.91,38.57788574920762,-122.41105780401833
15.9,38.582513931393144,-122.41473236708809
15.9,38.582440168310505,-122.41418772891345
15.9,38.581663624382074,-122.41734077467036
15.9,38.581632843996765,-122.41587033246098
15.9,38.581390513391156,-122.41837540633381
15.9,38.57847331234336,-122.41527681273836
15.9,38.57664326095056,-122.4143591141495
15.89,38.579657029483705,-122.4130491399047
15.89,38.57876115610868,-122.41178889575026
15.89,38.57729334577468,-122.41237804257646
15.89,38.577079990972415,-122.41037784736913
15.89,38.576833897409884,-122.41121950461664
15.88,38.57792609793541,-122.41251742036643
15.88,38.576984334666285,-122.41108172784195
15.88,38.576153124252535,-122.41366848788662
15.87,38.58186119268532,-122.41657571798606
15.87,38.57861416265938,-122.41553974308819
15.86,38.58309592995259,-122.41286071612711
15.86,38.581738483535595,-122.41766756730696
15.86,38.577502462612514,-122.41175151410233
15.86,38.576452413047996,-122.41342723395985
15.86,38.57556127123865,-122.41225915268343
15.85,38.58278096055907,-122.41479835730362
15.85,38.57963023585266,-122.41246218319672
15.85,38.57677580024798,-122.41402502495966
15.84,38.578960739153935,-122.41389132865149
15.84,38.5779638222246,-122.41616744338218
15.84,38.57748856383591,-122.41263358600155
15.84,38.577081085422904,-122.41287817174354
15.83,38.58150569518346,-122.41570017923564
15.83,38.57814816555519,-122.41549317887537
15.82,38.582722036161506,-122.41626206553123
15.82,38.58047930851223,-122.42326156720634
15.82,38.57830703051221,-122.41303926812745
15.81,38.58252825063888,-122.41442375917981
15.81,38.5812987702892,-122.41589104707168
15.8,38.58242726242298,-122.41524198295559
15.8,38.58134469374485,-122.41800492431508
15.79,38.58216505184792,-122.41487813960833
15.79,38.57820626162415,-122.41288258330464
15.79,38.57698789741594,-122.4143047795037
15.79,38.57680906448563,-122.4113667324572
15.78,38.57698606700736,-122.41298570940047
15.78,38.57634514584182,-122.41146944987165
15.77,38.58128705330412,-122.41633748113956
15.77,38.580304551353926,-122.41558676955717
15.77,38.579994563471224,-122.41411827076965
15.77,38.57607649523569,-122.41415587893292
15.76,38.581782539457016,-122.41439054199616
15.76,38.58113723398041,-122.41607386320993
15.75,38.58177499838786,-122.41726887817023
15.75,38.58177091617181,-122.41444701541614
15.75,38.58159748776468,-122.41585619953183
15.75,38.58138135274187,-122.41236460582017
15.75,38.57835442387322,-122.41589866480201
15.75,38.57846838292424,-122.41111311587531
15.74,38.5837121148395,-122.41393941300858
15.74,38.58075852893572,-122.41938298048223
15.74,38.57944391207338,-122.4172538228212
15.74,38.57851817077275,-122.4152801909661
15.74,38.575791164565985,-122.4106020103424
15.73,38.579329847268696,-122.41292128542773
15.73,38.57857465270302,-122.41522709842934
15.73,38.578519701020426,-122.41311262349704
15.72,38.58200873064982,-122.41533662753395
15.72,38.577191680112776,-122.41398752136104
15.72,38.57597389236734,-122.41268014607199
15.72,38.57573499139787,-122.4118134753738
15.71,38.58332266292044,-122.41379538605352
15.71,38.582794003016005,-122.41762093486436
15.71,38.58186481128645,-122.41688567379114
15.71,38.58014606462421,-122.41395763607274
15.7,38.580851565220364,-122.42261294121472
15.7,38.579177073414996,-122.41640792892818
15.7,38.57639787845107,-122.41169132690149
15.69,38.583579086879325,-122.41408997599125
15.69,38.583398901155576,-122.41506282734377
15.69,38.582441052608736,-122.41494480558208
15.69,38.580725797311274,-122.41737334079644
15.69,38.57826842002832,-122.41581190305557
15.69,38.57652483710684,-122.41011817083063
15.69,38.575752061840554,-122.41086285059166
15.68,38.58208461036152,-122.41583554361291
15.68,38.58189182135526,-122.41649773715473
15.68,38.58175271235074,-122.41774892754144
15.68,38.581718633114384,-122.41460365447126
15.68,38.581542119379435,-122.41782481655102
15.68,38.58069155071037,-122.41714136938126
15.68,38.57966954694978,-122.4160780048892
15.68,38.575348809779015,-122.4137340963204
15.68,38.574607515228664,-122.41748586432695
15.67,38.578953565157825,-122.41288149066054
15.67,38.57699850223503,-122.4140761984278
15.66,38.582807980587624,-122.41867721833569
15.66,38.58235579738879,-122.41387168982263
15.65,38.58339089448708,-122.41310085353336
15.65,38.581836399809724,-122.41652797121701
15.65,38.577797922303226,-122.4121751685523
15.65,38.577312554072286,-122.4139048694127
15.64,38.5838007712233,-122.41396902934737
15.64,38.58258793576219,-122.4185688752658
15.64,38.58210849256587,-122.41745458260365
15.64,38.577608132132625,-122.4137436173253
15.64,38.57626995939147,-122.41270242986353
15.63,38.58041119595058,-122.41542275903112
15.63,38.5782626308128,-122.4157426520015
15.62,38.5834693487001,-122.41393260187027
15.62,38.580492052018535,-122.41717221719598
15.61,38.58071894802937,-122.4173269464999
15.61,38.58074652036974,-122.41207595780698
15.61,38.58011220182734,-122.41662747339967
15.61,38.57720684794821,-122.41210774493749
15.6,38.580349951857784,-122.4177120473977
15.6,38.579795241948474,-122.41569751240972
15.6,38.577388734222936,-122.41303895755718
15.6,38.57733955251382,-122.41351695490361
15.6,38.576758413757865,-122.41129410732977
15.59,38.58158919815977,-122.41739251546197
15.59,38.581679915650746,-122.41543802869423
15.59,38.5794080254531,-122.41725111916688
15.59,38.577408798189396,-122.41299459167139
15.58,38.58379865002366,-122.41401474989262
15.58,38.57866014899388,-122.4128020572787
15.58,38.57665464338235,-122.41294929359871
15.58,38.57527966482335,-122.41114843208528
15.58,38.575168711656936,-122.41179379927432
15.57,38.583455690503385,-122.41364482296188
15.57,38.583218707652556,-122.41603567290348
15.57,38.58127724642726,-122.42333322306588
15.57,38.58078676193302,-122.41625391584606
15.57,38.58078941434977,-122.41619676776294
15.57,38.57900563981271,-122.41369973114007
15.57,38.57817180779097,-122.41595372572466
15.57,38.5750366012401,-122.41949079384399
15.56,38.583090105867754,-122.41531484823858
15.56,38.57894278771007,-122.4113667321198
15.55,38.58112336795195,-122.42257609205492
15.55,38.579791684920224,-122.4231408872716
15.55,38.57951405293807,-122.41283192763792
15.55,38.57649453792514,-122.41387769200486
15.54,38.5816806250013,-122.41464667107039
15.54,38.57671846528532,-122.41312613158951
15.53,38.58178974265991,-122.41520543625505
15.53,38.58043540659027,-122.41334859792634
15.53,38.57959719491315,-122.4114274498295
15.53,38.5777099488648,-122.41135424124256
15.53,38.57642982017896,-122.41294383989687
15.53,38.57610451276774,-122.41394008044605
15.52,38.5829305997997,-122.41584192047253
15.52,38.582136895067705,-122.41567890488315
15.52,38.58064510399362,-122.42298733437461
15.52,38.57955055870482,-122.41708981686784
15.52,38.576533280125524,-122.4128484072279
15.51,38.58353343105333,-122.41526795040859
15.51,38.58229507357224,-122.41401622513655
15.51,38.58172352875984,-122.4162441946409
15.51,38.58040164855935,-122.41562849128026
15.51,38.57994819931662,-122.41375922672157
15.51,38.578323173440644,-122.4163780167176
15.5,38.58303281393219,-122.41654928634985
15.5,38.5828583403657,-122.41332456552794
15.5,38.58095556356411,-122.42250608877198
15.49,38.584048480399446,-122.41309301435172
15.49,38.5830790124975,-122.41535989246468
15.49,38.581226777917564,-122.42267564799917
15.49,38.57921706326048,-122.41690412208612
15.49,38.57920179229453,-122.41199409873397
15.48,38.579615762816765,-122.41587897409086
15.48,38.579717537546344,-122.41135622059755
15.47,38.57861296351172,-122.4138192677279
15.47,38.577936539295955,-122.41306872464642
15.46,38.579865108632724,-122.42291703705631
15.45,38.58169573733079,-122.41548509927988
15.45,38.58010506427666,-122.4177509430951
15.45,38.57827039889028,-122.41149963933614
15.44,38.58300011051287,-122.41647800293009
15.44,38.57905416783618,-122.4138180778039
15.44,38.576313024535175,-122.41371493179862
15.43,38.58379082507278,-122.41360123811646
15.42,38.57883173801399,-122.41492531969149
15.42,38.57722630309254,-122.41246474879091
15.42,38.575208762077594,-122.41209499925144
15.41,38.58174117146176,-122.41528206618501
15.41,38.576383737855984,-122.41374319292706
15.4,38.58011857646326,-122.41416201697315
15.4,38.57920496783647,-122.41444877541727
15.39,38.58330011696289,-122.413116958768
15.39,38.57815174272396,-122.41599809109668
15.39,38.57623827338219,-122.4128032647071
15.38,38.583372909079635,-122.41329448947606
15.38,38.58215381698706,-122.41317976223174
15.38,38.578589229706466,-122.41374866544355
15.37,38.5829026745926,-122.41780117228254
15.37,38.58176853305574,-122.41779599857652
15.37,38.579829571604385,-122.4132112316994
15.36,38.581254581167336,-122.4232397564727
15.35,38.5828824178514,-122.41649207609655
15.35,38.57753162832847,-122.41364610525291
15.35,38.575968709579946,-122.41220953445277
15.35,38.57512879919517,-122.4134308173828
15.34,38.583075376898094,-122.41272152923568
15.33,38.582678073559045,-122.41468737955765
15.33,38.58225843664433,-122.41499987089858
15.33,38.575388726856886,-122.41209707387647
15.32,38.58292582494461,-122.41807819472248
15.32,38.5792504001711,-122.4117224928407
15.32,38.576330493425694,-122.41081462103786
15.32,38.576028210968374,-122.41014962257141
15.31,38.58279685035054,-122.41678384702277
15.31,38.58092606087284,-122.41848951035422
15.31,38.57610312858895,-122.41028141598872
15.3,38.58179964374587,-122.41790157044875
15.3,38.58117926445843,-122.4227294126239
15.3,38.577147923895204,-122.41376631605917
15.3,38.57598918539979,-122.41273864121034
15.29,38.578029276156165,-122.41611502768885
15.29,38.57716162566728,-122.41385909961333
15.29,38.575612895790826,-122.40998075339098
15.28,38.58315056664102,-122.41401182642625
15.28,38.58111677615527,-122.4155447191359
15.28,38.57948764308492,-122.41534173309388
15.28,38.577038466139214,-122.41224416932346
15.27,38.582977851755274,-122.41462966698079
15.27,38.5797067649997,-122.41488799002708
15.27,38.57960555940084,-122.41182950853245
15.27,38.576046398737645,-122.41422242601617
15.26,38.58183471293763,-122.41695222462963
15.25,38.58313768975337,-122.41254270096628
15.24,38.5790615026873,-122.4163762848413
15.24,38.574918859631566,-122.41291039410815
15.23,38.58276403324616,-122.41496913095264
15.23,38.58165546886163,-122.41615877962114
15.22,38.58296016715323,-122.41578679809989
15.22,38.581765447468875,-122.41747461368004
15.22,38.57831530649595,-122.41383126529693
15.22,38.57832815479515,-122.41297204312775
15.22,38.57792106874435,-122.41126690621182
15.22,38.575355184977916,-122.41087886499062
15.21,38.58400941225387,-122.41315889344062
15.21,38.58080779453867,-122.41657664842164
15.21,38.580209484666426,-122.41588928547549
15.19,38.58328182843704,-122.41467550012248
15.19,38.58252490270414,-122.41740567000569
15.19,38.575393005219816,-122.41181067766247
15.18,38.57638961103156,-122.41342250640571
15.17,38.58401369571796,-122.41287246323344
15.17,38.58382353028953,-122.41367252126015
15.17,38.582753038084654,-122.41889100520355
15.17,38.58212325212815,-122.41752451343837
15.17,38.57648829991402,-122.41342993542598
15.16,38.57918967588477,-122.41439027731225
15.16,38.57931165086492,-122.41156653161104
15.16,38.57811767112039,-122.41498623964499
15.14,38.58122306006228,-122.42275565493819
15.14,38.5800976723296,-122.41558265742168
15.14,38.57709409363212,-122.4137622635152
15.14,38.57517340513888,-122.41208086976776
15.14,38.5749927138592,-122.41306504538316
15.13,38.57808732985412,-122.41117619510173
15.12,38.582393974062924,-122.41304873554354
15.12,38.582218781266896,-122.41294378712284
15.11,38.58200506301913,-122.41522165352613
15.11,38.58149566921545,-122.41785572547008
15.11,38.5763247292529,-122.41326852698064
15.11,38.5756720961914,-122.41918315339207
15.1,38.58277547962552,-122.4178259970952
15.1,38.579860370027845,-122.4170099324378
15.1,38.579539654435955,-122.41150340524163
15.1,38.57820561827973,-122.415807173118
15.1,38.57824324901609,-122.41266745304755
15.09,38.580957687949684,-122.42246037067355
15.09,38.58030533066796,-122.42080544668215
15.09,38.57996897650711,-122.41525181987753
15.09,38.578520910775524,-122.41483309783818
15.08,38.58003942197516,-122.41412164846048
15.08,38.57663698284431,-122.41410632527318
15.07,38.58355238527727,-122.41311301245321
15.07,38.579757449790655,-122.42290891753142
15.07,38.57924536272695,-122.41551846518111
15.07,38.57621082529449,-122.41009454755229
15.06,38.58289630452141,-122.415804927309
15.06,38.580262502938815,-122.41707463652124
15.06,38.57974800787672,-122.41205814885063
15.06,38.57950304764079,-122.41714358437132
15.06,38.57901342480693,-122.4117849431297
15.06,38.57535628109433,-122.41066104165807
15.05,38.58145201384015,-122.42305966427101
15.05,38.57927368220894,-122.41141457254156
15.05,38.57842831897762,-122.41585835356994
15.05,38.57801845218981,-122.41499023726368
15.05,38.57514436986025,-122.4121245594687
15.04,38.57815686953789,-122.41181223253318
15.03,38.58351367689953,-122.41394740995712
15.03,38.5816682530335,-122.4178228513577
15.03,38.58148046230914,-122.41527390004902
15.02,38.57818344397533,-122.41085082150369
15.02,38.57637480750035,-122.41354754970811
15.01,38.583545576040436,-122.4128716290611
15.01,38.57964784401603,-122.4163516356069
15.01,38.576197888122586,-122.41153865084657
15.0,38.58346417455412,-122.41346194150962
15.0,38.58289427466605,-122.41546067686184
15.0,38.58224357568319,-122.41299153309605
14.99,38.58177181478816,-122.41733745668434
14.99,38.581731616325996,-122.41315944516707
14.98,38.5817132580173,-122.41724128688357
14.98,38.581346326769996,-122.41564229654936
14.98,38.57716431831766,-122.4136069842261
14.98,38.57673414827509,-122.41123493666721
14.97,38.58086087110126,-122.4129103765065
14.97,38.57954699753064,-122.41173334580586
14.97,38.57654086043489,-122.41443168666687
14.97,38.57621548664953,-122.41057659061464
14.96,38.582817832226624,-122.41730157332138
14.96,38.582287105013116,-122.41651604628497
14.96,38.582198186928046,-122.41299958574352
14.96,38.58050404000402,-122.42350429212485
14.96,38.57560881871549,-122.41201041828874
14.95,38.583037152333695,-122.41606787579379
14.95,38.58177712076546,-122.41722315915483
14.95,38.58138391141406,-122.41735410854756
14.95,38.58077822694879,-122.41663176887482
14.95,38.576523028493796,-122.41132227076088
14.95,38.57524747003528,-122.41378381111471
14.93,38.583449370096325,-122.41358699696143
14.93,38.58162259616743,-122.41453907355519
14.93,38.58120388038298,-122.42336209799969
14.93,38.58097557390507,-122.42265670242728
14.93,38.577847021367155,-122.41208711094734
14.93,38.5774240502369,-122.41324805882954
14.92,38.583497013918524,-122.41527667741147
14.92,38.581655036160264,-122.41791361310483
14.92,38.58026936039317,-122.42293605625399
14.92,38.57881029339783,-122.41150586190253
14.91,38.5791448173943,-122.41438689955693
14.91,38.5778499211574,-122.41338333965247
14.91,38.57757754727384,-122.41362662403915
14.9,38.58063193252932,-122.41706806042632
14.9,38.58006076998682,-122.41540783609612
14.9,38.576343518006304,-122.41169870501298
14.89,38.58036267817882,-122.42325277030602
14.89,38.58023549159866,-122.41746256397325
14.89,38.57664007715833,-122.4119045249256
14.88,38.58317350306993,-122.41526378003917
14.88,38.58102993445192,-122.42264933263988
14.88,38.57679194954415,-122.41251233980582
14.87,38.58356648966108,-122.41377933644974
14.87,38.58175637750524,-122.41786390097836
14.87,38.57926633841848,-122.41118463281533
14.87,38.575952546174435,-122.41119906199334
14.86,38.58211802715186,-122.41511546375715
14.86,38.58222094307011,-122.41270308362398
14.86,38.576938351421504,-122.41401432497781
14.86,38.575913455836485,-122.41398304110146
14.85,38.580146591135936,-122.41142291874463
14.85,38.57911993665469,-122.41472910556038
14.85,38.57646888715599,-122.41015983729035
14.85,38.57625087985939,-122.41039575154225
14.84,38.58116742367217,-122.4156173517282
14.84,38.57975617269953,-122.41576338627226
14.84,38.5797522483567,-122.41196671259492
14.84,38.57847273729316,-122.4154832151795
14.84,38.57822387104805,-122.4144437166914
14.84,38.57738914131951,-122.41361244032963
14.84,38.57720436335777,-122.41390819317378
14.84,38.57719814081233,-122.41074227627351
14.83,38.58305267324845,-122.41515144952375
14.83,38.57941245871483,-122.41637978231483
14.83,38.578964192016066,-122.41498117127834
14.83,38.57700807027126,-122.41115232779205
14.83,38.57528196943133,-122.41284597447823
14.82,38.58318874495905,-122.41318886326799
14.82,38.58299433571071,-122.41408035131941
14.82,38.58247104964106,-122.41293983981001
14.82,38.57945781018754,-122.4117151640306
14.82,38.57864624124022,-122.4136841422473
14.81,38.58140450770514,-122.41729831202913
14.81,38.58031353464696,-122.41772077294098
14.81,38.57938705323569,-122.41440513952502
14.8,38.58222183774009,-122.4157885314128
14.8,38.58218505619597,-122.41270038196595
14.8,38.58176614323784,-122.41454988365895
14.8,38.58091014923853,-122.41669905508287
14.8,38.58033572289894,-122.41763068879159
14.8,38.57552674451806,-122.41067386662488
14.79,38.58308805976153,-122.4126421943376
14.79,38.582769983088234,-122.41658683461557
14.79,38.57733278336007,-122.41308062203814
14.79,38.57709038220282,-122.41384226705311
14.78,38.58191229790713,-122.4146985273852
14.78,38.58117471349424,-122.41817562969294
14.78,38.57788644020855,-122.4153129006873
14.78,38.57682072340538,-122.41111529266576
14.78,38.57583001734214,-122.41422907291987
14.77,38.583262999633234,-122.41391706319071
14.77,38.583023983396096,-122.4159636543159
14.77,38.582697910052524,-122.4132895464866
14.77,38.57936177199936,-122.4141738487646
14.77,38.57864412038919,-122.41372985954628
14.77,38.57830450076447,-122.41251149486256
14.77,38.57827860580849,-122.4126815835948
14.76,38.58208903095416,-122.42116932271163
14.76,38.579456827016905,-122.41134806979578
14.76,38.57926402502468,-122.41220523094744
14.75,38.57571529393329,-122.40990817497617
14.73,38.58200148444926,-122.41471671379706
14.73,38.57909938530565,-122.41458992624665
14.73,38.575982292467266,-122.41016910577538
14.72,38.58262795587912,-122.41460331595938
14.72,38.58093817245588,-122.41648324382413
14.72,38.58059652813893,-122.42306395729887
14.72,38.579806114783025,-122.41429906158258
14.72,38.578818037265485,-122.41483253383582
14.72,38.57891011839588,-122.41110047978367
14.72,38.57766840723184,-122.41322057713651
14.71,38.58261273747877,-122.41648322905829
14.71,38.58123787395409,-122.422630606368
14.71,38.580350192537665,-122.4167371578342
14.71,38.57991390392372,-122.41605053295649
14.71,38.57945247077042,-122.41202443544914
14.7,38.58176183040692,-122.41716465845998
14.7,38.575157263916395,-122.4135935215911
14.7,38.57508319606602,-122.41189058226527
14.69,38.58043195107519,-122.41691535980753
14.69,38.5784620609488,-122.41105529402266
14.69,38.57559149284311,-122.41413083403972
14.68,38.57627032791427,-122.41347087146957
14.67,38.582765138643616,-122.41475128609629
14.67,38.5815864961929,-122.41764464527566
14.67,38.5814382719179,-122.41734673469593
14.67,38.58125656419137,-122.41583051964014
14.67,38.58067225217574,-122.41619941178982
14.67,38.57967176012216,-122.41564233443168
14.67,38.57606356819545,-122.41016375134872
14.66,38.57763252036061,-122.41321787566059
14.66,38.577201836963035,-122.41338042845985
14.66,38.57716588942777,-122.41104951308199
14.66,38.57714222720107,-122.41058897206321
14.65,38.5799326738413,-122.41700391013254
14.64,38.58356074231745,-122.41351509289503
14.64,38.581618613831466,-122.41578897258334
14.64,38.579706407395186,-122.41159624085526
14.64,38.577780586536974,-122.41177244491452
14.63,38.575494673350185,-122.41000626618393
14.63,38.57529285878188,-122.41377575923238
14.62,38.58130243733864,-122.41600601989933
14.62,38.5756323222442,-122.41053271588366
14.61,38.58302052724914,-122.41254535060739
14.61,38.58147294525322,-122.4158238790036
14.61,38.57930252270764,-122.41234576083835
14.61,38.57822230564399,-122.42262110614391
14.61,38.577231908195486,-122.41079069310227
14.61,38.57620503694415,-122.41274341879902
14.6,38.58254544011762,-122.41541146206629
14.6,38.58249461505677,-122.41379038385628
14.6,38.58174398306475,-122.41677334303695
14.6,38.5816952661234,-122.41743491649665
14.6,38.57669814767339,-122.41181714361082
14.6,38.57605861735646,-122.41124144982156
14.59,38.58179282771958,-122.41319846289602
14.59,38.57921239311051,-122.41176550976556
14.59,38.57534352693698,-122.41113029977168
14.58,38.57665415336799,-122.41276575389284
14.57,38.58319041870175,-122.41276460014579
14.57,38.58165253031408,-122.41738581762077
14.56,38.58322817340697,-122.41389150073326
14.56,38.58143249203076,-122.41262078868512
14.56,38.58060427849705,-122.41339572049918
14.55,38.57643776861641,-122.410054276068
14.54,38.58350899045487,-122.41366030643648
14.54,38.57948676752125,-122.41206142497617
14.54,38.57812869685958,-122.41280792969793
14.54,38.57761828796867,-122.41313652072205
14.54,38.575794172571875,-122.41403140497798
14.54,38.57564585330655,-122.41412345779972
14.54,38.57533379763903,-122.41231084576343
14.53,38.583309979267284,-122.41387472090979
14.53,38.578913106660885,-122.41200677895874
14.52,38.58362818778473,-122.4140019132354
14.52,38.57973557720206,-122.41581918209157
14.52,38.579797884818326,-122.41331207108536
14.52,38.57885869691642,-122.4147323721895
14.52,38.57530607190793,-122.41368500425511
14.51,38.58200657160276,-122.41771070763912
14.51,38.58028454606812,-122.41756948534845
14.51,38.578013614432884,-122.41295983514019
14.49,38.58310097876643,-122.41391633262307
14.49,38.582521222453344,-122.41515730104734
14.49,38.57563620966292,-122.41918044914229
14.49,38.57558492755751,-122.41271968326396
14.49,38.57551572514753,-122.41032897497284
14.48,38.58359609888288,-122.41352922520431
14.48,38.583285758408174,-122.41362055727478
14.48,38.576067437408646,-122.41202199441986
14.48,38.57608207685153,-122.40995870453544
14.47,38.58032318227875,-122.41712508601621
14.47,38.57794924201206,-122.4153176301405
14.47,38.57631228570506,-122.4121780474593
14.47,38.57612534623543,-122.40999636615551
14.46,38.583068494981546,-122.4151985209965
14.46,38.58179211908771,-122.41631818004913
14.46,38.575716566522495,-122.41415171897889
14.44,38.58148520390951,-122.41749937670869
14.44,38.58159634153159,-122.41394067121475
14.44,38.58078025407582,-122.41697600878318
14.44,38.57936706989182,-122.41638783268357
14.44,38.57546168913258,-122.41401784326621
14.43,38.58005996338342,-122.41658912980901
14.43,38.57964272342496,-122.41568602505906
14.43,38.57926039312731,-122.41189528516652
14.42,38.577853342859804,-122.41214493232846
14.41,38.58280380888057,-122.41411188358505
14.41,38.57955026284578,-122.4137980821851
14.4,38.5813822134742,-122.4156449995904
14.39,38.582653941506834,-122.41404324858787
14.39,38.58229874236421,-122.41413119968956
14.39,38.57932650040839,-122.4137697656763
14.39,38.577487341352025,-122.41343632815669
14.38,38.58270390697079,-122.4123838759745
14.38,38.58253217916814,-122.41569720973705
14.38,38.581507862506996,-122.41545947888174
14.38,38.57992013904583,-122.41164673484165
14.38,38.577433469690554,-122.41362724652569
14.37,38.58131739563758,-122.4174293844913
14.37,38.57892313318185,-122.41450783870103
14.37,38.5779600213148,-122.41178594881758
14.37,38.57713263146529,-122.41370781978856
14.36,38.5837978027229,-122.4130626700993
14.36,38.57597120134672,-122.41021414669736
14.35,38.57895474560124,-122.41227370675765
14.35,38.57624247419058,-122.41290680063503
14.35,38.57506395754188,-122.41308187644717
14.34,38.582544955080735,-122.41522790772117
14.34,38.57807890845652,-122.41601554367533
14.34,38.57693410960103,-122.41410575735573
14.34,38.57665400652088,-122.41082749353724
14.34,38.57589970064564,-122.4115620876132
14.34,38.57578063920743,-122.4104406553175
14.33,38.579385506260664,-122.41172119171605
14.33,38.57642006182368,-122.41160124511276
14.32,38.58263828937342,-122.41321623820076
14.32,38.57784792284633,-122.41284414070974
14.32,38.577207014422996,-122.413851047707
14.32,38.57647328569225,-122.4120066618583
14.31,38.58334984461051,-122.41495590251793
14.31,38.58207298637533,-122.41589201694825
14.3,38.581747118627796,-122.41689974627947
14.3,38.580841269856535,-122.41779494585587
14.3,38.580781457016286,-122.4163682119897
14.3,38.57954000760708,-122.42293839577991
14.3,38.57746335691178,-122.41201235953487
14.3,38.57531430285491,-122.41214881662368
14.3,38.57536260345155,-122.41071886096336
14.29,38.582288790490324,-122.41609178999992
14.29,38.581629811513125,-122.41748733320048
14.29,38.58155682692594,-122.41595636406912
14.29,38.580438317554815,-122.41677820522077
14.29,38.57671609507623,-122.41434166003732
14.29,38.57636787357902,-122.41389109403397
14.28,38.57968700577987,-122.41589580952741
14.28,38.575465400550655,-122.41393784155812
14.27,38.58227916452373,-122.41435912192186
14.27,38.576316694323566,-122.41382989674648
14.26,38.5826051047925,-122.41528978750345
14.26,38.57668404586882,-122.41367404930156
14.26,38.575483475357736,-122.4106362049787
14.25,38.584025276743816,-122.41301097650256
14.25,38.58138468968947,-122.41403943109356
14.25,38.58038268763008,-122.42340338279112
14.24,38.58245987532861,-122.41570323327723
14.24,38.58259571617034,-122.41238720132758
14.24,38.579477206615024,-122.42293365942156
14.24,38.57928989760792,-122.4168866702847
14.24,38.57419964056508,-122.41715695850127
14.22,38.580285703955646,-122.41715667090033
14.22,38.57705731460722,-122.41028438927111
14.22,38.575957460969896,-122.41031633242272
14.21,38.58107319896487,-122.42268700438139
14.21,38.580122510962255,-122.41543542505242
14.21,38.57980473577205,-122.41335846458077
14.21,38.57969682778831,-122.41199694958969
14.21,38.57755434345576,-122.4135445937095
14.21,38.576364716725045,-122.41124154485004
14.21,38.57623929352879,-122.4129753743846
14.21,38.574971748015926,-122.41235241061653
14.2,38.58393715024122,-122.41296993101678
14.2,38.58108996427247,-122.42310117432113
14.2,38.577937640076,-122.41285089399564
14.2,38.576656544789124,-122.41135525549063
14.2,38.576375770830175,-122.41139147217685
14.19,38.576406888121895,-122.41149703374218
14.18,38.58267374103568,-122.41516878846167
14.18,38.58256369423616,-122.41404792261942
14.18,38.57853624624557,-122.41469662198602
14.18,38.57864513021425,-122.41137873979038
14.17,38.58371533960094,-122.41367584451793
14.17,38.58321875704414,-122.41351228237704
14.17,38.58016854859915,-122.42297433078488
14.17,38.57664374870328,-122.41201949051745
14.16,38.58164939526831,-122.4172594145864
14.16,38.57776430930982,-122.41134686284876
14.16,38.57588860900541,-122.41160712820603
14.16,38.57525839087355,-122.41199551573386
14.15,38.58259631184865,-122.41450917383992
14.15,38.58141478643262,-122.41397287923195
14.15,38.579873072270935,-122.41460230875626
14.15,38.5797311478494,-122.41669052339563
14.15,38.579880179191626,-122.41347883880064
14.15,38.57511358711781,-122.41298239390068
14.14,38.582381873614786,-122.41525003416741
14.14,38.581113547860305,-122.41580827750813
14.13,38.582648486242654,-122.41241411361017
14.11,38.58186218016708,-122.41461446474068
14.11,38.57767158813597,-122.41315200205605
14.11,38.575268610235184,-122.41099850706985
14.1,38.58357020156913,-122.41369932571874
14.1,38.5825739007725,-122.41557418390603
14.1,38.57976269131139,-122.41251803116938
14.1,38.5784669029996,-122.41560893706256
14.1,38.57665484053205,-122.41197444954676
14.09,38.5826848343161,-122.41512374444449
14.09,38.581896941589065,-122.41250664556179
14.09,38.58164893683447,-122.41474751218203
14.09,38.58129515846978,-122.41771445032289
14.09,38.58120124601941,-122.41760414727126
14.09,38.57978583016654,-122.41531831271354
14.09,38.57893524326856,-122.41463491272422
14.08,38.57939349482509,-122.41135477303253
14.08,38.576906448926856,-122.41509000536999
14.08,38.57537992498534,-122.41383965708813
14.07,38.582398180294454,-122.41548065915524
14.07,38.579435536865354,-122.41471846318339
14.07,38.57673049498958,-122.41364313925018
14.06,38.581808880359866,-122.41459898107153
14.06,38.580413956611615,-122.41245235963241
14.06,38.577474781000376,-122.41293074410667
14.06,38.57560792909866,-122.41377654007798
14.05,38.58345927298376,-122.41414977343237
14.05,38.58100411007385,-122.41661437676562
14.05,38.57903462509122,-122.4113277661083
14.05,38.57893154091528,-122.41219167512594
14.04,38.580885646500235,-122.41761477626612
14.04,38.57804651970464,-122.41205624910154
14.03,38.581415402029286,-122.41589983236008
14.03,38.57965136914633,-122.41705153406524
14.03,38.57800957267623,-122.41207640667889
14.03,38.57679297002477,-122.41268445085922
14.03,38.576228201342474,-122.41302041490155
14.02,38.58201293923205,-122.41757355023854
14.02,38.57674788952476,-122.41113275012381
14.01,38.579544954459145,-122.41138911014404
14.01,38.57704095758701,-122.41296690318076
14.01,38.57584026234864,-122.41051395382243
14.0,38.58221537886394,-122.41631565602162
13.99,38.577529465717916,-122.4138867927737
13.98,38.58307582992626,-122.41542847243612
13.98,38.581459106455604,-122.41631603308106
13.98,38.581079502100536,-122.41692973614879
13.98,38.577802452838505,-122.41324213691419
13.98,38.57738654766924,-122.41075645238863
13.97,38.58345176013115,-122.414699768281
13.97,38.58298570066628,-122.4125197888809
13.97,38.580999301917245,-122.42272730946449
13.97,38.57729685572682,-122.41327289107886
13.96,38.58176919227141,-122.41506625160083
13.96,38.58147299110122,-122.41562889774171
13.96,38.58107110859872,-122.4167226506345
13.95,38.577699233237524,-122.4121677409012
13.94,38.580861093996894,-122.41659213322578
13.94,38.57914449884789,-122.4134234524928
13.94,38.57920398998505,-122.41155842919086
13.93,38.58164796404349,-122.41438040781304
13.93,38.57615189316343,-122.41194806833515
13.92,38.58252585973922,-122.41563938442998
13.92,38.57972535926503,-122.41662127090605
13.91,38.581695747836804,-122.4176184682714
13.91,38.57958325680652,-122.4125045245747
13.91,38.57954438607656,-122.41159551651062
13.91,38.579275195269204,-122.41177023635383
13.91,38.57837776142949,-122.41539577807747
13.91,38.57789691457266,-122.4106228170748
13.91,38.57710164355705,-122.41029919336768
13.9,38.576716167229456,-122.41142855566866
13.9,38.57640551530263,-122.41307963708928
13.89,38.580909040606706,-122.41691689384878
13.89,38.58082693875537,-122.4159702027177
13.89,38.57951813525395,-122.41584868204434
13.89,38.57660823454088,-122.41278523549344
13.89,38.5752172421884,-122.41191213824095
13.88,38.58389759363432,-122.41285225185258
13.88,38.58259242019671,-122.41536912119665
13.88,38.57697721492478,-122.4124001251535
13.87,38.582633816565874,-122.41661098568285
13.86,38.58140532266393,-122.41825035601643
13.86,38.58135737439702,-122.4157922343905
13.86,38.58102922624706,-122.41529726293753
13.86,38.58086017313156,-122.41603005403427
13.86,38.577519109487035,-122.41294554991558
13.86,38.57662076902715,-122.41076764805554
13.85,38.5830309656318,-122.41309669412371
13.85,38.58296665596035,-122.41273628405773
13.85,38.582387041037215,-122.41572068669358
13.85,38.581484614929224,-122.41557242480971
13.85,38.57584238181453,-122.41046823805698
13.84,38.58146933416436,-122.41764728680937
13.84,38.57968947260881,-122.41661856753927
13.84,38.57930843204484,-122.41183008459886
13.84,38.57905686087995,-122.4135659557609
13.84,38.57527931896758,-122.41290311851508
13.83,38.58287160306047,-122.41536720984442
13.83,38.58271859944094,-122.41517216712948
13.83,38.58163293558489,-122.41548036904746
13.83,38.578215458370806,-122.42257471324035
13.82,38.58323404920646,-122.41357078373431
13.82,38.582742810456374,-122.41309793877343
13.82,38.58040665475003,-122.41202743729644
13.82,38.57898332940289,-122.41185149394707
13.82,38.577440362080075,-122.41347866775523
13.82,38.57714444188391,-122.41519967871886
13.81,38.58231649191987,-122.41258410860145
13.81,38.581739083685456,-122.42133792168974
13.81,38.58137796997054,-122.4157364373551
13.8,38.57696225140425,-122.41330504803338
13.79,38.58307578226026,-122.41329505766547
13.79,38.58147767327329,-122.41591599265294
13.79,38.58102687498469,-122.41631788176927
13.79,38.5792504387111,-122.41152751680947
13.78,38.581557747750885,-122.41651844876246
13.78,38.575719789635016,-122.41388817989214
13.77,38.58270618081048,-122.41408159203226
13.77,38.580839577451655,-122.41608585058343
13.77,38.57952987581999,-122.41287899629506
13.77,38.57690597113986,-122.41238329408236
13.77,38.576551077925494,-122.41091150041036
13.76,38.5824378878741,-122.41714677707999
13.76,38.578530765559044,-122.41559080833045
13.75,38.58277269474423,-122.41400631142257
13.75,38.58278497602616,-122.4133534514391
13.75,38.582182280891466,-122.4133424826462
13.75,38.58006340756168,-122.41302238523218
13.75,38.578840437535035,-122.41376757837148
13.75,38.578741424620674,-122.41279670600689
13.74,38.58261887962051,-122.41266422233922
13.74,38.58198455738812,-122.41488748564502
13.74,38.58002749012651,-122.41554296312897
13.74,38.57900384483244,-122.41218564790192
13.73,38.58355906568179,-122.4139393578675
13.73,38.579634476637445,-122.41237074715156
13.73,38.578322384757584,-122.4152310390874
13.73,38.57518479061219,-122.41319418961632
13.72,38.57977853851761,-122.41489339504648
13.72,38.579364912636755,-122.4117769886483
13.71,38.58373960334926,-122.41373502189795
13.71,38.578506198337635,-122.4120449690853
13.7,38.57880879242996,-122.41367344170934
13.7,38.57726998131699,-122.41307589463702
13.7,38.576438751543755,-122.41313948331097
13.7,38.575577889159874,-122.41093002732146
13.69,38.583470495023235,-122.41351976751847
13.69,38.58231681432275,-122.41354759909228
13.69,38.576791007536464,-122.41447345862237
13.68,38.58376011171611,-122.41406919807606
13.68,38.582738038607445,-122.4132008086328
13.68,38.58114688551398,-122.41761152092266
13.68,38.58055098451673,-122.41570855635929
13.68,38.578955838179425,-122.41457911709355
13.67,38.582943435312345,-122.4173110373739
13.67,38.57569405818631,-122.41327839802945
13.67,38.57567032382504,-122.41320779887207
13.66,38.583137565753255,-122.41312766004503
13.66,38.581431223528185,-122.41594690284515
13.65,38.5824832767266,-122.41713872708195
13.65,38.579022963610896,-122.41643072832926
13.65,38.57871686997317,-122.41410235279578
13.65,38.5764611328283,-122.41459771719272
13.65,38.57622966954919,-122.4135710305172
13.64,38.575224388337375,-122.41311688929441
13.63,38.58348185736501,-122.41463321492488
13.63,38.581613885723456,-122.41569685874843
13.63,38.57704560662905,-122.4134489506143
13.61,38.58164847807418,-122.41669732958657
13.61,38.580555817975224,-122.41754404648005
13.61,38.576082327665794,-122.4140301609136
13.6,38.58312594299001,-122.413184134783
13.6,38.57998177649845,-122.41691585381457
13.59,38.57915081959157,-122.41348127497294
13.59,38.577858907930185,-122.41066583390287
13.58,38.58341954136959,-122.41481204182273
13.58,38.5830768845952,-122.41307721146808
13.58,38.57730056678358,-122.41319288723638
13.58,38.57551716976677,-122.41107455257335
13.57,38.58231406717469,-122.41632309054852
13.57,38.5809310353576,-122.41760672662656
13.57,38.580380863628335,-122.41859752828998
13.56,38.58121590340691,-122.4159306837412
13.56,38.57955821969272,-122.41595492560762
13.56,38.57644493251896,-122.41125904971229
13.55,38.57986679980849,-122.41182623160694
13.55,38.57841999254571,-122.4129330794762
13.55,38.57636803803514,-122.41311122273234
13.54,38.57948114182873,-122.41606381371489
13.52,38.579072068906,-122.41401440385249
13.51,38.58094212947645,-122.41756168416039
13.51,38.57992682191518,-122.41926294706774
13.51,38.57855295205168,-122.41550072550214
13.5,38.58191063434973,-122.41725615824042
13.5,38.57731161821078,-122.41334281654103
13.5,38.5762898206737,-122.41363290294194
13.49,38.58226636530073,-122.41715679331051
13.48,38.58349440722105,-122.41513884087304
13.48,38.57943876772847,-122.41193164905843
13.48,38.57784368185621,-122.41293557441814
13.48,38.57571024591322,-122.41409389928285
13.47,38.58257518642913,-122.41457640213501
13.47,38.58257764984432,-122.41297080516338
13.47,38.581211327651346,-122.4173869837538
13.47,38.5805563343807,-122.42334766351856
13.47,38.57521280619644,-122.41297839318545
13.46,38.5795632442107,-122.41701048691847
13.45,38.581918437988676,-122.41553628251532
13.45,38.57901403166681,-122.41138356291458
13.45,38.57691135149253,-122.41440223695267
13.44,38.58209947188935,-122.41764888920419
13.44,38.58129267675931,-122.41485831853228
13.43,38.581703252912405,-122.41493511839555
13.43,38.58092823320694,-122.41611546790692
13.43,38.57876857916928,-122.41415212317456
13.42,38.58262097174809,-122.41514187421546
13.42,38.58108861565496,-122.41634547195314
13.42,38.579591046488396,-122.41311298905906
13.42,38.57928335730311,-122.41314717273025
13.42,38.57782514052353,-122.41061741666884
13.42,38.577675829279315,-122.41306056859864
13.42,38.57603008805288,-122.41399182161358
13.41,38.58278236694678,-122.41321561607404
13.41,38.579187519988075,-122.41210771790512
13.41,38.57784664493426,-122.41131865138125
13.41,38.575504032031965,-122.41077537657824
13.4,38.582626831845495,-122.41249277269088
13.4,38.58141260958472,-122.4165419239508
13.4,38.581051667992725,-122.41636562790396
13.4,38.57993241883228,-122.41351718013507
13.39,38.58361877193642,-122.41362269278561
13.39,38.57887350201334,-122.41460732501172
13.39,38.57852267397137,-122.4140189159766
13.39,38.57707733409117,-122.41315314522595
13.39,38.57708412081168,-122.41087132529054
13.39,38.5751781752201,-122.41197801050686
13.38,38.58148274386562,-122.41677660120715
13.38,38.578218208362664,-122.41378954747711
13.38,38.57597621578462,-122.41418273570845
13.38,38.57529734157391,-122.41251453891633
13.37,38.57848992613609,-122.41414261173833
13.36,38.5831637225466,-122.41644444928971
13.35,38.57878011632266,-122.4144856004482
13.34,38.57969641407038,-122.41142344743702
13.34,38.57959442830617,-122.41206952822913
13.34,38.578989073436816,-122.41463896618627
13.34,38.57517267844878,-122.41306712236967
13.33,38.58197353228862,-122.41687092535138
13.33,38.580835000309996,-122.41754214271889
13.33,38.57919934782981,-122.41359962176622
13.33,38.57838653957459,-122.41132487217433
13.33,38.57791655616581,-122.41272314651775
13.33,38.575593041373445,-122.41429151312224
13.32,38.58267275072966,-122.41247328971599
13.32,38.58192703753552,-122.41244009250376
13.32,38.57996335003433,-122.41673095457786
13.32,38.57975792028079,-122.41262089687662
13.32,38.57916692619772,-122.41216351455724
13.31,38.583156247174166,-122.41679945475151
13.31,38.58142288404112,-122.41767819582316
13.31,38.5768882327062,-122.41393026899179
13.3,38.580707950262386,-122.41698203108724
13.3,38.57980186011425,-122.41671878911619
13.3,38.57833842500156,-122.41430324271735
13.29,38.582979852521724,-122.41730231145631
13.29,38.58215875232511,-122.4122969582928
13.29,38.578102156072106,-122.41590260317459
13.29,38.577365917626004,-122.41100721921505
13.29,38.57704075174556,-122.41394175149867
13.29,38.57580436950468,-122.413229357586
13.29,38.57553134196589,-122.41406896189991
13.28,38.58345850981525,-122.41280772387594
13.28,38.58294217741017,-122.41598043169256
13.28,38.58109054809559,-122.41707967343021
13.28,38.58087397258819,-122.41786622751943
13.28,38.578781133537355,-122.41465771596005
13.27,38.58331076220835,-122.41269337039476
13.27,38.58166948762788,-122.41488669655237
13.26,38.58050820213424,-122.41585443792319
13.25,38.58252659152436,-122.41698141271739
13.25,38.576322037548515,-122.41352063951969
13.25,38.5755386348308,-122.41197073034891
13.24,38.583545808034685,-122.41422511025266
13.24,38.582497929598674,-122.4154652327845
13.24,38.579764128969984,-122.41559194431092
13.23,38.58099880478008,-122.4167286731854
13.23,38.57937486621961,-122.41214475753601
13.22,38.57998104050193,-122.41557387306004
13.22,38.578612229633954,-122.41228233426753
13.22,38.575249753300085,-122.41295823670737
13.21,38.58053926856632,-122.41615498589913
13.21,38.57695372742532,-122.41368288244658
13.2,38.58266598937675,-122.41669369867545
13.2,38.582490704906746,-122.4169787089007
13.2,38.58160815387788,-122.41756598926457
13.2,38.57967224503901,-122.41582588134712
13.2,38.57910798899483,-122.41129887912487
13.2,38.57875748642826,-122.41419716499809
13.2,38.57779413263216,-122.4126451169009
13.19,38.5811039064787,-122.4164039719558
13.19,38.577451536268605,-122.41304368494617
13.19,38.57643716738439,-122.41045564242037
13.19,38.57579600470534,-122.4101092161428
13.18,38.58170497607415,-122.41431588269472
13.17,38.58348287354221,-122.41480534170464
13.17,38.58328160131859,-122.4133220245281
13.17,38.57916939110592,-122.41540951958395
13.17,38.57614780490743,-122.41125962965752
13.17,38.57610078883383,-122.41149693760227
13.16,38.58350691209088,-122.41351103960955
13.16,38.58153175089737,-122.41707850532075
13.16,38.57944852896461,-122.41560258271357
13.16,38.57715807956726,-122.41315922336045
13.16,38.57546818120567,-122.41057771058931
13.15,38.58324191761451,-122.41378930586724
13.15,38.58096344867174,-122.41671454000715
13.14,38.580860749649545,-122.41582364484341
13.14,38.57984671842617,-122.41672216840132
13.14,38.575976299488175,-122.41379280237929
13.14,38.57520689391284,-122.41349403932827
13.13,38.57547347985655,-122.41046342176834
13.12,38.58248805201024,-122.41703585825792
13.12,38.58204466251729,-122.41514434757491
13.12,38.58161273245672,-122.41610968147234
13.12,38.579797984130295,-122.41525041153166
13.12,38.57950332876143,-122.41597372991701
13.11,38.579638835019026,-122.41169438004104
13.11,38.5761503414856,-122.41178738766922
13.11,38.57593739538146,-122.41307880749848
13.1,38.580617809904496,-122.41426842577808
13.1,38.57688500918738,-122.41419381235202
13.08,38.582423019137934,-122.41533342210654
13.08,38.58150530076174,-122.41512666474453
13.08,38.57531456534461,-122.4107840590729
13.07,38.58178681399244,-122.41643247777405
13.07,38.58088902271237,-122.41676628106185
13.07,38.5788541855619,-122.41599365213007
13.07,38.57686141670036,-122.41082016151432
13.06,38.58297850080375,-122.41636167562358
13.06,38.577495823977976,-122.41325346177597
13.05,38.582550698798194,-122.41549214720297
13.05,38.581570290380576,-122.41702406047095
13.05,38.58139784936618,-122.41647199395894
13.04,38.58327774881105,-122.41631540005902
13.04,38.583339371066586,-122.41459954388921
13.04,38.58153385159981,-122.4148994210048
13.04,38.57943652855525,-122.41256229622202
13.04,38.577382331613315,-122.41337107782262
13.04,38.57692880722552,-122.41422004780108
13.04,38.57567354357538,-122.41022616011833
13.02,38.582830273491865,-122.41606376118749
13.02,38.58217061382072,-122.41592231054112
13.02,38.581702677793594,-122.41514153020302
13.02,38.57879381735614,-122.41457838622028
13.01,38.58160004739113,-122.41618901387761
13.01,38.581182434753195,-122.41684573388497
13.01,38.58054689487165,-122.41734839209916
13.0,38.58121705587334,-122.4155178632231
13.0,38.57949670374517,-122.41495245676353
13.0,38.57957709290706,-122.4116667944358
12.99,38.57975607448278,-122.41130177362034
12.98,38.58190836476466,-122.41788682356596
12.98,38.58058065910663,-122.41739681416047
12.97,38.58111138134549,-122.4181823268364
12.97,38.58053989111158,-122.41575359895808
12.97,38.58018146269061,-122.41610509493692
12.97,38.57975690022247,-122.41244877869357
12.97,38.577198177306045,-122.41054730562695
12.95,38.579948450717495,-122.42306095562812
12.95,38.579279157029156,-122.41304363240306
12.95,38.57687625375476,-122.41050014668691
12.95,38.57600757879108,-122.4131184967445
12.94,38.58392132761388,-122.41292285933689
12.94,38.58045677462007,-122.41211149652733
12.94,38.57983403309065,-122.4168014987325
12.93,38.581400065815814,-122.4181696722012
12.93,38.57556679777143,-122.4109750678446
12.93,38.57542650160195,-122.4105057624077
12.92,38.58323237250802,-122.41399504674979
12.92,38.58314967681711,-122.41325474156366
12.92,38.58292698573894,-122.4176653652966
12.92,38.58156575218107,-122.41615202132236
12.92,38.57974755592381,-122.41167962371496
12.92,38.57888648111846,-122.41316317294165
12.92,38.57641762729237,-122.41320670654476
12.92,38.575585702428675,-122.41406158561334
12.91,38.58349087330555,-122.41443890362724
12.91,38.58163769917919,-122.41304914683327
12.91,38.57895813017885,-122.41375350070754
12.9,38.583649398853055,-122.41354470863739
12.9,38.57982298654221,-122.41665156410126
12.9,38.57985591506696,-122.4134196648301
12.9,38.579024399119746,-122.41232482667654
12.89,38.58259551133429,-122.41569051039727
12.89,38.58044023523894,-122.4233274370282
12.89,38.579009145460205,-122.41207135378274
12.88,38.5826151684967,-122.41274423215198
12.88,38.58193592773355,-122.4128307341432
12.88,38.58122729304508,-122.41684911341584
12.88,38.576417104375814,-122.41050000856126
12.87,38.58262776879048,-122.41305486769647
12.87,38.57983491428602,-122.41290195911768
12.87,38.57839596705697,-122.414227290925
12.86,38.583451185064554,-122.4149061851704
12.86,38.58134773295062,-122.4163879308713
12.86,38.58124210068061,-122.41672406287078
12.86,38.57896481685172,-122.41205654808505
12.86,38.57794862548365,-122.41067258448169
12.86,38.5762402727608,-122.41334245156615
12.86,38.57614590359638,-122.41013553892864
12.86,38.575842728037834,-122.41143164363315
12.86,38.5751256993824,-122.41310946103806
12.85,38.58083692508618,-122.4161429987168
12.84,38.58253703272092,-122.41287598823308
12.84,38.57818745620612,-122.41192922623429
12.83,38.57964719856554,-122.41209643890058
12.83,38.577031350121224,-122.4108444166706
12.82,38.57940255770816,-122.4134887579004
12.81,38.57900229394673,-122.41202496087347
12.8,38.58281723514523,-122.41304619260892
12.8,38.57999393138767,-122.41684795283156
12.79,38.57998267680607,-122.41534460728876
12.78,38.58367064984293,-122.41289251578017
12.78,38.583463811563085,-122.41269342281419
12.78,38.581275817435696,-122.41696746567635
12.78,38.5812796261947,-122.41649749682016
12.77,38.58294661897754,-122.41724245774256
12.77,38.58002324682735,-122.41563439919145
12.77,38.577878588844726,-122.41257119005621
12.76,38.5836020572528,-122.41281853124246
12.76,38.58168937219273,-122.41562225655241
12.76,38.57928477983775,-122.41622106338382
12.76,38.57925304402394,-122.41651687548541
12.76,38.57897142676272,-122.41327279134941
12.76,38.57762738047659,-122.4125522819456
12.76,38.57550777731923,-122.41050040833169
12.75,38.57831313761831,-122.41154873244456
12.75,38.57743147228258,-122.41308805084105
12.75,38.57583693601963,-122.41136239499073
12.74,38.58344910829211,-122.41475691861596
12.74,38.582937048576035,-122.41298639366643
12.74,38.581653485489056,-122.415619553493
12.74,38.575491459073305,-122.41026980565353
12.73,38.58164770581179,-122.41768366656204
12.73,38.5816246508821,-122.41701668636416
12.73,38.57891791652045,-122.4142321830759
12.73,38.57580685573575,-122.41395207831839
12.72,38.58329542840388,-122.41282985591717
12.72,38.57886665783912,-122.41203769089513
12.72,38.57792246645067,-122.4122074804569
12.72,38.57780045384718,-122.41270293825538
12.71,38.57525868487506,-122.41315387688469
12.7,38.58297081464983,-122.41303481563406
12.7,38.58182205066712,-122.4147032006506
12.7,38.57981473098022,-122.4158595521978
12.7,38.57929618856337,-122.41481119391354
12.7,38.57543282403314,-122.41056358176567
12.69,38.57898533169469,-122.41239070194239
12.68,38.581648430401906,-122.41689231111404
12.68,38.58040720566103,-122.41667263578923
12.68,38.5774737610029,-122.41275863145556
12.67,38.58108384112314,-122.41644833889873
12.67,38.577924702737334,-122.41157684636244
12.66,38.58285051256363,-122.41291105897243
12.66,38.57756808678454,-122.41344240669731
12.65,38.578132035685016,-122.41195946274186
12.65,38.57655361586759,-122.4114392615642
12.65,38.57534852165695,-122.41257573439158
12.64,38.58102827707787,-122.41706351227282
12.64,38.579601783563454,-122.41695604339807
12.64,38.57885719276128,-122.41437671144665
12.64,38.577800838115614,-122.41075321755484
12.63,38.583345909021624,-122.4136824365219
12.63,38.5813152732006,-122.41747510319962
12.63,38.57915722310781,-122.41314914658423
12.62,38.57959551187183,-122.41670324450143
12.62,38.57953994831926,-122.4126618361086
12.62,38.57701715247895,-122.4105680925532
12.62,38.57577145720821,-122.414132913892
12.61,38.57877750802756,-122.41434777291337
12.61,38.57869183524187,-122.41270121915578
12.6,38.58259930455024,-122.41289214631722
12.6,38.57759365342901,-122.41230889271169
12.6,38.57498378208128,-122.41286940592859
12.58,38.58204784485082,-122.41507576855184
12.58,38.57977549232655,-122.41185376774838
12.58,38.57952316077875,-122.41690424287096
12.58,38.57883990944885,-122.41610726950313
12.58,38.57877807812558,-122.41161813022127
12.58,38.57792776697532,-122.41209318805556
12.58,38.57554002676252,-122.41019317811978
12.57,38.575601274938634,-122.41003722303753
12.56,38.58143045784083,-122.41693323759013
12.56,38.57868465229163,-122.41421461951222
12.56,38.57713590488361,-122.41053115130886
12.55,38.58317361175307,-122.41700722228188
12.55,38.581308894328316,-122.41547890179784
12.55,38.58006888786686,-122.4167847829103
12.55,38.57816580247165,-122.41200788076611
12.55,38.57689522071155,-122.41067360833183
12.52,38.58291657761839,-122.41245723548111
12.52,38.58088067584113,-122.41636421657897
12.52,38.57959468251451,-122.41575122306732
12.52,38.578667237175445,-122.41167860408409
12.51,38.58001409660982,-122.41156205048908
12.51,38.57962554460863,-122.41217509491752
12.51,38.57883917325693,-122.4122420693402
12.5,38.57934212020986,-122.41226845581173
12.49,38.5828291083033,-122.41860999131747
12.49,38.57964788357464,-122.411305100996
12.49,38.578892802008326,-122.4132209952034
12.49,38.57863804494969,-122.41250219300925
12.49,38.57832267740581,-122.41134300476148
12.49,38.57658477081193,-122.41134985459523
12.48,38.58109426206022,-122.41699966588435
12.48,38.578594892376124,-122.41440283806888
12.48,38.578342172829025,-122.41150504070603
12.47,38.577348606244556,-122.41312768925029
12.45,38.582399348293634,-122.41720122246082
12.45,38.582350920225394,-122.41669290128907
12.45,38.582505834541635,-122.41316038611369
12.45,38.578469904222835,-122.4139920044624
12.44,38.577960246768015,-122.41061611317117
12.44,38.57593274426416,-122.41259676736414
12.43,38.57973389381359,-122.41624342340404
12.43,38.57684928921491,-122.41341123417118
12.43,38.576927928336126,-122.41074488312844
12.42,38.57899471277871,-122.4129648732232
12.42,38.57568969330486,-122.41395472679245
12.42,38.575004493579,-122.41222871969119
12.41,38.57883036313719,-122.41398473605351
12.41,38.5765557072602,-122.41411167517774
12.41,38.57579535707615,-122.4134236485643
12.41,38.57573002565209,-122.41289116700115
12.4,38.581809875011295,-122.4124427425008
12.4,38.579058244552975,-122.41198329470808
12.4,38.57540647443749,-122.41035516212561
12.39,38.58206104258695,-122.41265663654404
12.39,38.5812364528228,-122.41606986742896
12.39,38.57929587367637,-122.41384774522764
12.39,38.57685142171606,-122.41064737496878
12.38,38.581349554751675,-122.41537873727118
12.38,38.57994960361985,-122.41683314397835
12.38,38.579152022798965,-122.41520176381843
12.38,38.575545325046185,-122.41007888911213
12.37,38.57812191373769,-122.41489480590015
12.36,38.58233283253476,-122.4172764995129
12.36,38.581755607449715,-122.41671687014761
12.36,38.58085048337473,-122.41682072559034
12.36,38.57870357009815,-122.41458305989626
12.35,38.58189572800709,-122.41777117384804
12.35,38.579702539763545,-122.41245615627125
12.35,38.5794563025111,-122.41621104448252
12.35,38.57724771465526,-122.41355591736057
12.34,38.57941736155577,-122.41336370937367
12.33,38.58145361069471,-122.41721025425056
12.33,38.57969906807729,-122.41621786133672
12.33,38.57708389383005,-122.41204114634607
12.32,38.58157732961166,-122.41629052988705
12.32,38.58111765264026,-122.41630178081004
12.32,38.57895234354112,-122.41601251465306
12.32,38.57699862737007,-122.41349128997733
12.31,38.58383055009391,-122.41293896483984
12.31,38.579186789066895,-122.41309402566829
12.31,38.57902729957111,-122.41594934459445
12.31,38.578940189199336,-122.41608041486975
12.31,38.57880544585225,-122.4119986759968
12.3,38.58129742673008,-122.41708379027187
12.29,38.582753053183936,-122.41675760750756
12.29,38.57905539422401,-122.41301531843294
12.29,38.5786687439087,-122.41455749901831
12.29,38.57839024938757,-122.4112448668647
12.29,38.577719992457254,-122.41385526057218
12.28,38.58118831801212,-122.41652502721522
12.28,38.579068525093255,-122.41331450904963
12.28,38.57703402514419,-122.41331045094732
12.28,38.57522424396557,-122.41835806722374
12.27,38.58355358626735,-122.41483360753462
12.27,38.58255599508867,-122.41304946395654
12.27,38.58227263531955,-122.41740960157263
12.27,38.57656485912627,-122.4199270937564
12.27,38.57520909545448,-122.41305839474064
12.26,38.58340043805453,-122.41289511189346
12.26,38.58157988800195,-122.41662334400846
12.25,38.581451148831746,-122.41648747886602
12.25,38.57809084833079,-122.41207105454268
12.25,38.577322758382806,-122.41038464334827
12.25,38.5758951062745,-122.4134082196397
12.24,38.58350601928217,-122.41275395060738
12.24,38.57896966841473,-122.41408697893641
12.23,38.57988951362522,-122.41172471608249
12.22,38.58146526025073,-122.41482543714278
12.22,38.57898756904307,-122.41428330476495
12.22,38.57882126911922,-122.41204574402639
12.22,38.578547267489974,-122.41251829865217
12.22,38.57682400537862,-122.41317995181689
12.21,38.58136760823887,-122.41712348685971
12.21,38.57840837013882,-122.41298955063222
12.2,38.58349511599008,-122.41434746298653
12.2,38.578633387417995,-122.41454336747367
12.2,38.57534216080481,-122.41271288025538
12.19,38.582476798585674,-122.41320407944701
12.19,38.57955335931577,-122.41411945818122
12.19,38.579380288322255,-122.41396879448942
12.19,38.57789176141367,-122.41267540368082
12.19,38.57749780675615,-122.41126946287777
12.18,38.5777702360596,-122.41335440273181
12.18,38.5771068999419,-122.41309802580926
12.18,38.57663867578406,-122.41096396721662
12.17,38.580972607342,-122.4159352967597
12.17,38.58010327708667,-122.41643182016803
12.17,38.57971772450681,-122.41542787758532
12.17,38.576746806206394,-122.41387374592524
12.17,38.57591415068173,-122.41319174591118
12.16,38.580741184091885,-122.4170418827056
12.16,38.57936932184705,-122.41342890890346
12.16,38.576669200198644,-122.41399406159236
12.15,38.58359732696558,-122.41272641476368
12.15,38.5828747478149,-122.41762701924378
12.15,38.5815291460637,-122.41694067275363
12.15,38.57869729300772,-122.4143302637753
12.14,38.58016453392795,-122.41627586193437
12.14,38.576721844190885,-122.41208271254604
12.13,38.57746572787686,-122.41332001054523
12.13,38.57569364171167,-122.40998682765589
12.12,38.5835535287292,-122.41270017726832
12.12,38.57700131918333,-122.4132391750547
12.12,38.574763747167566,-122.41741735294784
12.11,38.58196663529194,-122.41236278487827
12.1,38.58305847489072,-122.41735411534204
12.1,38.58233548553983,-122.4172193503015
12.1,38.5805917477534,-122.42316682239523
12.1,38.57948833520471,-122.41687868058703
12.1,38.57927974785964,-122.41516550538564
12.09,38.5766319690995,-122.4128558355008
12.08,38.583593626112624,-122.41513484404737
12.08,38.58111481019306,-122.41713884948766
12.08,38.57695802300875,-122.41067833357785
12.07,38.58311923274661,-122.41488118377637
12.07,38.57903117036416,-122.41276117011348
12.07,38.57889031349266,-122.41249824285609
12.07,38.57624331444642,-122.41133562959398
12.06,38.57880230457466,-122.41187227754158
12.06,38.57663192885095,-122.41305080415208
12.05,38.581580696768995,-122.4154420253043
12.05,38.581302297020734,-122.41659096195394
12.05,38.57918295309249,-122.41375895806794
12.04,38.58144299872883,-122.41743884825891
12.04,38.57934785324478,-122.41505594085571
12.04,38.578489196336534,-122.41260568141375
12.03,38.58116613051508,-122.4166151128473
12.03,38.578907926996585,-122.41405939166354
12.01,38.58331951796208,-122.4159973872275
12.01,38.58141048749002,-122.41658764278682
12.01,38.57889961165703,-122.41346236283243
12.0,38.5789083361676,-122.41210964354138
11.99,38.58166526455348,-122.41711150397516
11.99,38.57782255762552,-122.41300279899382
11.99,38.575621832324615,-122.41017639478218
11.98,38.57746619669097,-122.41098035762231
11.97,38.58085689696777,-122.4164885907692
11.95,38.57921671901436,-122.4138073776189
11.95,38.57821710576536,-122.41400737875823
11.95,38.57503988907892,-122.41204788471856
11.94,38.58004578195733,-122.41146120985881
11.94,38.578919019692535,-122.41401434972067
11.94,38.57547755343433,-122.41386994405107
11.93,38.582701320432584,-122.41457443140767
11.93,38.581486504967174,-122.41650161206002
11.92,38.57999243410841,-122.41649228717357
11.92,38.57904169194784,-122.41292253246851
11.92,38.57897390474346,-122.41147229758595
11.92,38.57687391076618,-122.4117156811223
11.91,38.57733751395163,-122.41317273041312
11.9,38.5802445116009,-122.41726826233496
11.9,38.577786670742256,-122.41300009761137
11.9,38.57680364988001,-122.41206593127747
11.89,38.57942620733505,-122.41394931312587
11.88,38.583212131856214,-122.41481936070977
11.88,38.580989254971556,-122.41693440666519
11.88,38.578888519169354,-122.41350740487397
11.88,38.578646071148626,-122.41446403786485
11.87,38.57942775549238,-122.41411000083396
11.86,38.58301048174096,-122.41722432983251
11.84,38.57955246743753,-122.41336241137668
11.84,38.57925569648077,-122.41645972864262
11.84,38.575449701201265,-122.41330587955936
11.83,38.57961906287439,-122.41289717952493
11.83,38.57932503486705,-122.413219126387
11.83,38.57897231966885,-122.4140298320878
11.83,38.57608973482374,-122.41134701085493
11.81,38.579323849297936,-122.41615519020377
11.81,38.57895857568923,-122.41413202089561
11.81,38.57877462019581,-122.41305152866612
11.81,38.57739354558213,-122.41274112455642
11.81,38.575562663171176,-122.41319969505663
11.8,38.58193325566707,-122.41754460656081
11.8,38.5805836886169,-122.41577983691792
11.8,38.57913906776186,-122.4115994205733
11.8,38.57894414385204,-122.41250229471683
11.78,38.583758776393005,-122.41293356098294
11.78,38.579313370793706,-122.41347057403239
11.77,38.57961712163727,-122.4168195662636
11.77,38.57893891183906,-122.41474988183079
11.77,38.57560385128488,-122.41308810779331
11.76,38.5815387904426,-122.41634497517634
11.76,38.581462678359316,-122.41682096825099
11.76,38.57914437278416,-122.41400837848188
11.75,38.57912095344987,-122.41490122184929
11.75,38.578962114661564,-122.41483191408656
11.75,38.575606207040416,-122.41187259660592
11.74,38.57981883619164,-122.41635304653148
11.74,38.57906460506336,-122.411846141612
11.74,38.57846243799359,-122.41434698788522
11.73,38.58314088874361,-122.41480252508431
11.73,38.581809304288434,-122.41264915515525
11.73,38.58084223217535,-122.41816204487219
11.73,38.580430166052594,-122.41772956087917
11.73,38.57949166048316,-122.4138968943792
11.73,38.57900233078303,-122.41435323205282
11.73,38.578875709333964,-122.4141716586931
11.72,38.57882739020214,-122.41307843965474
11.72,38.57692690500929,-122.41057277144111
11.71,38.57921349515334,-122.41407092956052
11.71,38.57889561441261,-122.41238394897607
11.71,38.57538314730276,-122.41357611913917
11.71,38.57515469469214,-122.41326073638463
11.7,38.58292503790846,-122.41479773838888
11.7,38.581746583074384,-122.41225446206566
11.7,38.58057641430824,-122.41748825064309
11.7,38.57938621224702,-122.41578139894996
11.7,38.57957822957282,-122.41125398149903
11.68,38.57891999465189,-122.4143814402487
11.67,38.57910127214659,-122.41319081183947
11.67,38.57743208299291,-122.41268668001659
11.66,38.581670182362814,-122.41642369150757
11.66,38.579485382100216,-122.4136440953571
11.66,38.57945055569431,-122.41361853458746
11.64,38.582664460704734,-122.41420461913519
11.64,38.58089340862665,-122.41822324922424
11.64,38.57976963987463,-122.416831056001
11.64,38.57884304650985,-122.41390540608731
11.64,38.57816697787076,-122.41140010298561
11.64,38.57722504093068,-122.41346245833347
11.64,38.57609199468636,-122.41323953923259
11.64,38.57605932894127,-122.41297329728214
11.64,38.57560915169989,-122.41025572221142
11.63,38.5799063369086,-122.41679547621493
11.63,38.57883606766222,-122.41444393641461
11.63,38.57849930760863,-122.4121935504047
11.62,38.581245814414366,-122.41664405510956
11.61,38.57906391684326,-122.4126374726439
11.61,38.57555687219533,-122.4131304466683
11.6,38.581664393755084,-122.41635443713004
11.6,38.57975157917547,-122.4150863448903
11.6,38.57918599838019,-122.41660357962145
11.6,38.57679810971448,-122.41335003674516
11.59,38.57916549766133,-122.41394115307772
11.59,38.57915333957403,-122.41148580131825
11.58,38.58204240872778,-122.41790839417071
11.58,38.57790738575773,-122.41602556324167
11.58,38.5752100748072,-122.41342546661917
11.57,38.58269958395152,-122.41286528631228
11.57,38.5816622245448,-122.41659513776374
11.57,38.58121421897701,-122.41635493375547
11.57,38.57700176711563,-122.41361768510885
11.57,38.57595884459029,-122.41397498932167
11.55,38.58376566884823,-122.41278496900904
11.54,38.58292733477177,-122.41397207651448
11.54,38.57938332791337,-122.41681342327517
11.54,38.579600866586276,-122.41154242020993
11.53,38.579342895183224,-122.4136104290638
11.52,38.57941709244989,-122.41686184426081
11.52,38.57938742902129,-122.41265035528275
11.51,38.58271120653993,-122.41280881183205
11.51,38.578744399828885,-122.41370300156558
11.51,38.57719600508906,-122.41350614856596
11.51,38.57681225920001,-122.41382132877584
11.51,38.57600333775608,-122.41320992807833
11.5,38.578827430929856,-122.41288346504146
11.48,38.57585016533147,-122.41379477569035
11.47,38.57911423338826,-122.414269903489
11.47,38.575710451716986,-122.41311906919638
11.46,38.579032149235104,-122.4131282616639
11.46,38.578844232230296,-122.4132976237669
11.45,38.58174668318687,-122.41652121241518
11.45,38.58052524730441,-122.41277041482775
11.45,38.57777865525737,-122.41084330136684
11.45,38.577615677910416,-122.41299869528565
11.44,38.57884349157029,-122.41428392561076
11.43,38.577396686094026,-122.4128675204489
11.41,38.582814550150324,-122.41776012191427
11.4,38.5814727585953,-122.41660380366403
11.4,38.579207014188434,-122.41226975591364
11.38,38.57928066510755,-122.4133992956909
11.38,38.57867563766395,-122.41440891793222
11.38,38.57811674237881,-122.4119009659223
11.37,38.5794817124972,-122.41352912529925
11.36,38.57975520241024,-122.41539629195775
11.35,38.57522034528046,-122.4122334953336
11.34,38.581087507645144,-122.4165633113442
11.34,38.578424233586944,-122.41284164503678
11.34,38.577337375220296,-122.41123445238878
11.33,38.577432884676,-122.41131045374041
11.31,38.5793593723322,-122.41306114034364
11.3,38.58171769323711,-122.41636992203249
11.3,38.57672262486216,-122.41342463702279
11.3,38.576601691819995,-122.41117909400765
11.27,38.58139932056217,-122.41469430471557
11.27,38.57598376314073,-122.41343783097268
11.26,38.576144193724865,-122.41347284529455
11.25,38.5792545886611,-122.41667756244308
11.25,38.579042951315245,-122.41192479710624
11.25,38.57877201019816,-122.41291370099411
11.24,38.579560825971576,-122.41609275448036
11.24,38.57920973034133,-122.41667418325723
11.24,38.57928853471551,-122.41361780574672
11.24,38.576718913693554,-122.41350464019348
11.23,38.57950993263197,-122.41233843384764
11.22,38.57831460538196,-122.41462258645505
11.22,38.57823182512092,-122.41427227799731
11.22,38.575085277784325,-122.41203983173155
11.21,38.58289547099558,-122.41485286119917
11.2,38.58139980665351,-122.41487785622314
11.2,38.579825915081116,-122.4154245564516
11.2,38.579753918326375,-122.41406574288942
11.19,38.58276111473762,-122.41386780057522
11.19,38.580659659696835,-122.41588878519126
11.19,38.57853592966967,-122.41373318339714
11.17,38.581275119330265,-122.41310213758906
11.17,38.57521553587113,-122.41253131951552
11.16,38.58373084234814,-122.41275940686417
11.15,38.58082086786628,-122.4170708252024
11.15,38.579369114033724,-122.41188052915832
11.14,38.57944719059385,-122.41679529550213
11.14,38.57854172007313,-122.41380243469625
11.13,38.576797900904026,-122.41432488138388
11.12,38.58280703379015,-122.4138483184815
11.11,38.57854954453654,-122.41169268518124
11.1,38.58059522259341,-122.41378500363408
11.1,38.57885250602332,-122.41408962669826
11.1,38.57874448301724,-122.41331305299853
11.09,38.57743610182213,-122.41104690747225
11.08,38.57997843366601,-122.41543604332449
11.08,38.57837162232548,-122.4120348404657
11.08,38.57568728384535,-122.41012397476442
11.07,38.579401943432885,-122.41389013941692
11.06,38.5795056517822,-122.4126248462865
11.06,38.579293403496884,-122.41545326729161
11.06,38.57809353735009,-122.41181893537055
11.04,38.58377092926321,-122.41286565555082
11.04,38.57990638407496,-122.41660049940417
11.02,38.5795488387161,-122.41305246465171
11.02,38.57944941069901,-122.41403134576495
11.02,38.578433757490124,-122.41515914189598
11.02,38.577578730761296,-122.4130188522634
11.01,38.57739317311461,-122.41197267035353
11.01,38.575405002354934,-122.41252264163225
11.0,38.57980774257693,-122.41639808855473
10.99,38.581872187234474,-122.41226391696489
10.99,38.57929485535288,-122.41367562835022
10.98,38.58007123613494,-122.41343587564847
10.98,38.57896559478032,-122.41339851456264
10.97,38.58092408181355,-122.41581694559846
10.97,38.57914397695856,-122.41576315435981
10.97,38.57931316344701,-122.41192219556025
10.97,38.576455185100805,-122.412785184605
10.96,38.58007534721462,-122.41140608751324
10.96,38.57531243389414,-122.41354785868099
10.95,38.58176758574425,-122.41277218179255
10.95,38.57939137894621,-122.41625203157798
10.95,38.57914069604957,-122.41137015647911
10.94,38.5831767166156,-122.41267180876304
10.93,38.57678574767141,-122.41439278000603
10.92,38.579205010933855,-122.41425380004866
10.91,38.58310610715592,-122.41458197636122
10.91,38.57971885265372,-122.41268677258816
10.9,38.58049827379456,-122.41761999743957
10.9,38.57908606094828,-122.41274236336567
10.89,38.57988717059312,-122.41526859777392
10.89,38.579168194161305,-122.4160173033254
10.88,38.57974122746451,-122.41647336397585
10.88,38.579607275698265,-122.41606184505059
10.88,38.57568940315187,-122.41007825906638
10.87,38.57866426775698,-122.41329554501175
10.86,38.58043499030563,-122.41743171700149
10.86,38.58012626852257,-122.41516044066874
10.86,38.577986858749796,-122.41217791946525
10.85,38.57970424848975,-122.41183693622683
10.85,38.57602862172598,-122.41344120775611
10.84,38.57695921841329,-122.41511691694006
10.84,38.57590134463831,-122.4138559725178
10.83,38.5815054620483,-122.41667508553196
10.83,38.58130065795789,-122.41682023162248
10.83,38.57930427269046,-122.4140548258576
10.82,38.57966915332428,-122.41550450529884
10.81,38.582367222453854,-122.41226677195769
10.8,38.5806163926686,-122.41585111753817
10.8,38.58005398714279,-122.41264318343922
10.8,38.57933041795659,-122.41271487996555
10.8,38.5785431401576,-122.4145480412072
10.79,38.579399376487196,-122.41355733458843
10.77,38.58154361452222,-122.41371877650461
10.77,38.57935906553483,-122.41675424880592
10.77,38.57883905331001,-122.41282699354026
10.75,38.58084992608929,-122.41469880967591
10.75,38.5793460764314,-122.41354185243547
10.74,38.57937989267454,-122.41572357620947
10.72,38.58161875030651,-122.41520402747275
10.72,38.57606417924096,-122.41248050258413
10.72,38.5752870454803,-122.41836279887826
10.71,38.57996940774283,-122.41330204527071
10.7,38.5786964845798,-122.41318327780897
10.69,38.58330567751614,-122.41648955381531
10.69,38.5812308730489,-122.41269736830856
10.69,38.578856425963394,-122.41303474831427
10.67,38.583477128511305,-122.41454109865079
10.67,38.58243445912702,-122.41605688393136
10.67,38.57891367564077,-122.41180037449732
10.66,38.57671014382771,-122.41252912055653
10.65,38.581208117216,-122.41299386637549
10.64,38.57866405706582,-122.41174718027872
10.64,38.57515954575681,-122.4127679480566
10.63,38.5816488924281,-122.41494249409669
10.63,38.57689357637577,-122.41362100934484
10.61,38.58165860510534,-122.41628518275893
10.61,38.57694695872416,-122.41324655198987
10.6,38.57992243669649,-122.41567268417775
10.6,38.57886510672664,-122.41187700415351
10.59,38.58062637961906,-122.41369559306484
10.59,38.57934608211777,-122.41587013120206
10.57,38.57777653555589,-122.41088901833119
10.56,38.57821974836656,-122.41142701252362
10.54,38.581573801267446,-122.41559061212114
10.54,38.57670353827286,-122.41383608174364
10.54,38.57656421499062,-122.41121068077872
10.53,38.57604328622204,-122.41137792223762
10.53,38.57579176752725,-122.41291875175685
10.5,38.57772796727982,-122.41096564755085
10.49,38.57577101048036,-122.4137544105247
10.48,38.58022950360782,-122.41371158965744
10.48,38.57970736877734,-122.41681489548812
10.48,38.578231208619705,-122.4146736526388
10.47,38.58298332908366,-122.41373542428761
10.46,38.5813512800511,-122.41475950491179
10.45,38.57921260269921,-122.41331388630718
10.45,38.57573039334859,-122.41365960267713
10.44,38.58136710203253,-122.41480657515585
10.44,38.58131371309787,-122.41518105344828
10.44,38.578703782949695,-122.41360818961387
10.43,38.57937242085164,-122.41607856332267
10.42,38.58297992876239,-122.41477893256828
10.41,38.57984473667738,-122.41618295616955
10.41,38.579125618261195,-122.4128600342754
10.41,38.57892452944556,-122.41292518212437
10.39,38.57934913120438,-122.41405820342564
10.38,38.58069068712513,-122.41405599163387
10.37,38.57738851812181,-122.41149061995769
10.36,38.58012453619553,-122.41345135794431
10.36,38.5771316291592,-122.41081755491611
10.35,38.57926524689687,-122.41392572470775
10.35,38.57695005756549,-122.41356791646434
10.34,38.58141152811172,-122.41190808952302
10.33,38.58072865200859,-122.41420795478622
10.33,38.57939558048075,-122.41402729268974
10.33,38.57910804464585,-122.41595542628323
10.33,38.57917740873283,-122.41251985290504
10.33,38.57809058382583,-122.41071767335215
10.32,38.5785970532971,-122.41163891441113
10.32,38.576650892001325,-122.41322426542553
10.31,38.5785077836632,-122.41453390969914
10.31,38.57662540209159,-122.4139678263889
10.31,38.57654789841139,-122.41098007468017
10.28,38.580896949656896,-122.4144614892522
10.28,38.57932580639561,-122.41203784071381
10.28,38.57668742964749,-122.41263063136256
10.26,38.57983992342953,-122.4116292282472
10.26,38.57952242402559,-122.41556227068223
10.26,38.579359493763405,-122.4124762120393
10.26,38.57918042707736,-122.41323117871298
10.26,38.57771232689829,-122.41266189759786
10.25,38.58294850280297,-122.41370986202932
10.25,38.57929277637162,-122.41352637030997
10.23,38.5768144215009,-122.41358064364114
10.21,38.582663288647154,-122.4169458324746
10.21,38.57953690721111,-122.4168020540894
10.21,38.579307941793,-122.41416979559573
10.21,38.579198776350445,-122.4161343000223
10.21,38.575134750884565,-122.41272020715351
10.2,38.5788691087029,-122.41295541807561
10.19,38.58277515061783,-122.41240070908474
10.17,38.58103015055539,-122.41585934386153
10.17,38.577204061632656,-122.4152729823536
10.13,38.57507887879109,-122.4123719417812
10.11,38.579535747638516,-122.41255829538682
10.11,38.5782392052445,-122.41178402151176
10.09,38.581355919557424,-122.4152415805896
10.09,38.57806275430044,-122.41267680531921
10.08,38.57509413280455,-122.41262540067568
10.07,38.58074566324837,-122.41597555025349
10.03,38.57894830435846,-122.41280080957993
10.02,38.581463356809415,-122.41389624863656
10.01,38.580629030777416,-122.41363844486635
10.01,38.57884561191516,-122.41171496697076
10.0,38.58007848883683,-122.41153248825766
9.99,38.57977928263466,-122.41623537292888
9.99,38.57964913338259,-122.41535389533537
9.99,38.57813423277498,-122.41152379967623
9.99,38.57507141870501,-122.41272690921477
9.98,38.58065740870449,-122.41419112063113
9.98,38.57830033064864,-122.41473620341654
9.97,38.580681846602964,-122.41579869988598
9.97,38.575763826406266,-122.41002651383792
9.93,38.581907524737446,-122.41480139578677
9.93,38.580269590004654,-122.41381783335662
9.91,38.57953998848968,-122.41246685947603
9.91,38.579421765744,-122.41249236874229
9.9,38.58148382197614,-122.41442539569144
9.9,38.57853209241865,-122.41187487948372
9.89,38.58049507826462,-122.41555524157371
9.89,38.57965566091094,-122.4167651225926
9.89,38.57933767650919,-122.41333477163688
9.89,38.57911778724177,-122.41244654914478
9.88,38.583206363109255,-122.41688352036046
9.88,38.578616018230264,-122.41181238037241
9.87,38.57958836293917,-122.41569340015751
9.86,38.58019503621917,-122.41445451144565
9.85,38.57899051231151,-122.41286133330624
9.81,38.57561159890821,-122.41389150388753
9.8,38.58032786108811,-122.41741217597898
9.79,38.57788547996026,-122.4124226101086
9.78,38.579363806893795,-122.41451808265637
9.78,38.57938053739195,-122.41279893826854
9.78,38.57499911479647,-122.4127329360261
9.77,38.581485499492395,-122.41400114320977
9.76,38.582993629158345,-122.41487172389684
9.75,38.581426130285664,-122.41275794610846
9.73,38.579330745179426,-122.41600660816178
9.71,38.5809974848953,-122.41326474980016
9.71,38.57605013813856,-122.41142431316841
9.7,38.57561641191001,-122.41359367856532
9.69,38.580849439613395,-122.41451525954403
9.68,38.58287826298499,-122.4183269483714
9.68,38.580982644127964,-122.41804646009652
9.66,38.57561376106199,-122.41365082279628
9.65,38.58120789980113,-122.41629710950527
9.64,38.57932848400741,-122.41663725164857
9.62,38.579790294488866,-122.41172871803633
9.62,38.57959578867663,-122.41553338801609
9.6,38.578101140581076,-122.41573048949228
9.6,38.57544187022924,-122.41289241580277
9.59,38.57826453032251,-122.41434355557531
9.58,38.58142984132307,-122.41267793761678
9.56,38.580970488487544,-122.41811436171035
9.56,38.58081041455613,-122.41438615532347
9.55,38.57633794208372,-122.41317777058029
9.53,38.57839342918398,-122.41117629087331
9.52,38.580596240528564,-122.41395712361673
9.52,38.57622166125066,-122.41141428228951
9.51,38.579730672264695,-122.41417868673325
9.51,38.577099794294284,-122.41169827294397
9.5,38.577609177436706,-122.41119755992301
9.48,38.57884121405007,-122.41258630133976
9.47,38.57649073763821,-122.41182447278251
9.46,38.58064755121798,-122.41576170802806
9.44,38.580582496446034,-122.41405931472305
9.44,38.57713976621513,-122.41238942149555
9.43,38.580557702410395,-122.41401156960569
9.42,38.58054660964256,-122.41405661254835
9.42,38.57659021052294,-122.41317382198015
9.42,38.57543273625508,-122.41367160183692
9.4,38.57920530347185,-122.41288897138536
9.37,38.57731950607746,-122.41084316036323
9.37,38.57690519899672,-122.41356453949086
9.36,38.577802808281,-122.41148738936795
9.35,38.5828138748427,-122.41622310449765
9.35,38.579493376738945,-122.41327767709134
9.34,38.579235107652515,-122.41418725020625
9.33,38.576443602735075,-122.41264668610343
9.31,38.57542604715224,-122.41284534993193
9.29,38.57986343779558,-122.41519799380958
9.28,38.583135629629794,-122.41472183927281
9.27,38.57920693431259,-122.41265970740785
9.26,38.57707517260931,-122.41339383135886
9.24,38.57576008138486,-122.41301958583547
9.23,38.58003530974127,-122.4159564525584
9.23,38.57941856603702,-122.41508420481594
9.23,38.57841341677007,-122.41152187142471
9.22,38.57929828197293,-122.41243719646646
9.21,38.57963591858433,-122.41544465525288
9.2,38.57593621258986,-122.41368656533295
9.19,38.57981955027234,-122.41556171018168
9.18,38.57731356426659,-122.41155379371885
9.18,38.57730364530009,-122.4109910644503
9.17,38.580506523504155,-122.4139503683128
9.16,38.57584543509584,-122.41370266925367
9.15,38.57920171334416,-122.4123840503088
9.15,38.57818117646609,-122.41419964947283
9.12,38.5793881025898,-122.41671055881748
9.11,38.580963158377344,-122.41788441739678
9.09,38.578661045200214,-122.4135590950858
9.08,38.57646827675557,-122.41327933250886
9.06,38.578022861897004,-122.41159570253113
9.05,38.58100854724127,-122.41787636792716
9.04,38.57953002664779,-122.41462235416776
9.02,38.5782713431081,-122.41206170074567
8.99,38.57801601014379,-122.41154931029399
8.98,38.57904283284202,-122.41250972315628
8.96,38.58142256729898,-122.41458135853372
8.94,38.58126035698397,-122.41303220819924
8.94,38.580984457239346,-122.4149039242801
8.93,38.57747789147349,-122.41053394396951
8.91,38.5769599181541,-122.41180243643316
8.9,38.576171679883736,-122.41326847513253
8.87,38.58100222048267,-122.41568519586966
8.87,38.57910711970837,-122.41539336047862
8.87,38.57876821708572,-122.41338365532873
8.85,38.574987902394895,-122.41336286831557
8.84,38.581306887935554,-122.41261133331294
8.81,38.58102931567726,-122.41490730257915
8.81,38.57959901594586,-122.41526983512742
8.81,38.57954562620681,-122.41564430382296
8.81,38.57684267814006,-122.41219502707013
8.8,38.575147963187476,-122.41262945208153
8.76,38.5809448615951,-122.41924792019067
8.76,38.579865769790814,-122.41650568447609
8.75,38.58007331822231,-122.41591343759453
8.75,38.579177368545125,-122.41271482854152
8.75,38.57720582668638,-122.41193563279819
8.75,38.57649372248221,-122.41273074074417
8.72,38.57803590903493,-122.41480804558333
8.71,38.579578951064256,-122.41531420155724
8.71,38.57670260173288,-122.41327403360664
8.7,38.58299186034338,-122.41781936289195
8.7,38.57978968612407,-122.41213010245174
8.68,38.577492544711454,-122.41118878343393
8.68,38.57727481857678,-122.41510627547456
8.65,38.57747350364777,-122.41140526284669
8.61,38.58085544436893,-122.4136096135812
8.6,38.57799329666425,-122.41165082331023
8.54,38.58118283356972,-122.4127625698342
8.54,38.577909522041935,-122.4109334323808
8.53,38.577152072887,-122.41154164100134
8.53,38.576497059343104,-122.41188229304848
8.52,38.57961116986931,-122.4152019341071
8.52,38.57918410699322,-122.41567442227498
8.51,38.57826388282198,-122.41241668408213
8.48,38.58030690556757,-122.41204286839474
8.46,38.580376677585846,-122.41403234769137
8.41,38.57913827778849,-122.41530395253245
8.41,38.577207493298175,-122.41151140448214
8.38,38.57807616234392,-122.41161118286703
8.33,38.580798304438005,-122.41425907795067
8.33,38.579892576180434,-122.41224107185903
8.33,38.57657805796159,-122.41324172068393
8.32,38.57815592405022,-122.41125017188237
8.32,38.57680421852462,-122.41185953289688
8.3,38.57953169616623,-122.41652639657318
8.29,38.57924543143752,-122.41280023736266
8.24,38.578141270502485,-122.41564175860759
8.23,38.5828370874985,-122.41397675061323
8.23,38.57861540056088,-122.41473699006842
8.14,38.58140042514503,-122.41447646393726
8.14,38.57975347472408,-122.41601551012732
8.13,38.57961541279266,-122.4151104985015
8.12,38.57929654081174,-122.41557966631373
8.11,38.57962814113648,-122.4148361915692
8.1,38.579013823494016,-122.41488168514556
8.08,38.58104469557549,-122.41457584173727
8.07,38.578769242699764,-122.41588403099728
8.04,38.57894377101266,-122.41173382371626
8.02,38.58025221906191,-122.4136100744238
8.01,38.57863849465213,-122.41288071197913
8.0,38.5772978531203,-122.41092181438837
7.94,38.5781546713591,-122.4122478956003
7.93,38.57819797909041,-122.41209058669037
7.92,38.5765408193725,-122.41210349556864
7.88,38.579942322698365,-122.41155664873966
7.87,38.57955542815057,-122.41659700054268
7.83,38.57960599902372,-122.4147312996107
7.82,38.58139467880795,-122.41421222851423
7.82,38.576571444780804,-122.41202551799167
7.81,38.58266808537625,-122.41451457904054
7.75,38.58083109556801,-122.41394039854872
7.73,38.580772274470775,-122.41501411022733
7.72,38.57937472383051,-122.41525294344335
7.72,38.5780490795547,-122.41491225961487
7.71,38.580802990191316,-122.41454617046438
7.71,38.57991810144354,-122.41615407406547
7.7,38.58078884555865,-122.41407485232094
7.67,38.57858334986115,-122.41154612918375
7.67,38.57809641209713,-122.41563838020045
7.66,38.580293853891426,-122.4138770077958
7.66,38.57898503446348,-122.41123227971678
7.61,38.58116705130108,-122.41252051902443
7.59,38.58035413098732,-122.41335394847017
7.58,38.58034650295552,-122.41196556215993
7.56,38.58025726411384,-122.41466564829378
7.52,38.58103027339965,-122.41294606874885
7.52,38.57855601802683,-122.41097061034141
7.5,38.58048650164928,-122.41379975676044
7.5,38.57567391218127,-122.41371269469089
7.49,38.58139240462218,-122.41251454372723
7.49,38.57925053055773,-122.41598909699
7.49,38.57925265231914,-122.41594337947791
7.48,38.575646168792304,-122.4098456310929
7.47,38.57799227486332,-122.41147870920953
7.45,38.58000296596493,-122.41180207165186
7.44,38.578253890469945,-122.4122438941917
7.43,38.58185057308686,-122.412147592302
7.42,38.58119494529006,-122.41288964783557
7.42,38.580398289985176,-122.41414867025773
7.42,38.580318244140464,-122.41335124666854
7.41,38.578985488163106,-122.41161080099616
7.4,38.58007018137054,-122.41578703722756
7.39,38.57985921942252,-122.41276615548469
7.37,38.57831669258911,-122.4122486210346
7.33,38.57996662631292,-122.41142084426698
7.3,38.58080559796809,-122.41468400187975
7.28,38.57762185884918,-122.41111823056562
7.26,38.57956167088427,-122.41471649214228
7.26,38.57621865904052,-122.41322613603836
7.25,38.57911635412694,-122.4117009351161
7.25,38.57844767530601,-122.41175383397895
7.23,38.58031656949245,-122.41377549254284
7.23,38.57888422536206,-122.41127057067833
7.19,38.57943345924472,-122.41456920497707
7.18,38.579952845815036,-122.4117180131801
7.12,38.580966731622766,-122.41392767223844
7.12,38.578659496156824,-122.41339840901968
7.12,38.57730954760321,-122.41047540174407
7.1,38.58004114460677,-122.41583072801367
7.07,38.58094498998761,-122.41439628921391
7.07,38.58063547670262,-122.41311133023166
7.07,38.5804545528949,-122.41507046915096
7.04,38.58036607207466,-122.41426093949104
7.04,38.57760380178833,-122.41170179514687
7.02,38.58120925926718,-122.41258104462895
7.01,38.579085040952684,-122.41257024681539
7.0,38.577929472660514,-122.41147398309187
7.0,38.5765797689093,-122.41262252811401
6.99,38.58137927239212,-122.41221534327073
6.99,38.579540987486595,-122.41516224049695
6.96,38.58039886307173,-122.4139422619878
6.96,38.58038549114159,-122.41228964351933
6.95,38.57995553454482,-122.41146588736787
6.95,38.57711504926408,-122.4119517390591
6.94,38.57987665604543,-122.41937386033212
6.9,38.58105158970958,-122.41442725576053
6.9,38.57961456314706,-122.41648676131739
6.9,38.57924169495417,-122.41540349563157
6.88,38.580834986547245,-122.41540879916633
6.87,38.58012237420992,-122.41602035782297
6.87,38.58019610373125,-122.41190836405956
6.87,38.57992063021888,-122.41183028310749
6.86,38.58042365714557,-122.41399000697236
6.86,38.5782017711363,-122.4141438542537
6.85,38.577417738594455,-122.41047207280755
6.83,38.577200073443954,-122.41167141239195
6.82,38.575596046739705,-122.40976157928566
6.81,38.58034010240996,-122.4122976965465
6.81,38.579510315038775,-122.41543519556971
6.8,38.57830196862114,-122.41198372135324
6.8,38.57734789921459,-122.41139581092928
6.79,38.57957920697628,-122.41647262860808
6.77,38.58119718735696,-122.41225898543567
6.77,38.58058766954669,-122.4145299559069
6.77,38.580583848875094,-122.41267160027608
6.74,38.583687675815774,-122.4146601858814
6.74,38.57996512768928,-122.41591675795664
6.74,38.5785469802063,-122.41388311530773
6.74,38.57771252268382,-122.41168703888778
6.73,38.578235456171605,-122.41205899978817
6.72,38.58146698268016,-122.4142062034248
6.71,38.58112945116932,-122.41313704947633
6.71,38.578468268869344,-122.41169803772127
6.68,38.580187543045206,-122.4124811945911
6.66,38.581285722787456,-122.41287354246862
6.66,38.58120281543434,-122.41310816380492
6.62,38.580218658896314,-122.41258676231742
6.6,38.58053299312015,-122.41357386633256
6.57,38.578531677423896,-122.41130138657464
6.56,38.58364122628574,-122.41469109771025
6.56,38.57738344119939,-122.41043508516442
6.53,38.581430736215935,-122.41343500475607
6.53,38.58108353222857,-122.4131565317102
6.52,38.57756212309054,-122.41162984410572
6.51,38.58317845511301,-122.41438096556068
6.5,38.580321217036136,-122.41173426855508
6.49,38.581144213460504,-122.41320697874953
6.46,38.58146865939067,-122.41378195094352
6.45,38.581576498787584,-122.41533848175068
6.44,38.581790951552165,-122.41207428582989
6.44,38.58125896911773,-122.41209159094169
6.44,38.57999999925037,-122.41574734276145
6.42,38.581060775280534,-122.41345302889013
6.37,38.58022820090302,-122.41238102955259
6.37,38.5777111571737,-122.41055149487134
6.35,38.5803227681091,-122.41189495858269
6.33,38.583229633592225,-122.41444216963883
6.33,38.5807958719287,-122.41566965354544
6.32,38.58089902719463,-122.41461075052226
6.31,38.58031697668536,-122.41182570556744
6.31,38.57562008189985,-122.41370864240042
6.3,38.58047940923095,-122.41239993882455
6.28,38.5813281321759,-122.41195916078442
6.28,38.58104976611112,-122.41310811107003
6.27,38.581651114473615,-122.41198347181518
6.27,38.578392137432786,-122.41236899154069
6.26,38.581263129979476,-122.41239011555531
6.26,38.58105294718284,-122.41303953276152
6.26,38.581028923982906,-122.41181047361917
6.26,38.58044429432177,-122.41373923117332
6.26,38.58005422149528,-122.41632489973267
6.25,38.58076581986867,-122.41554122468028
6.25,38.58045538696581,-122.4136941882295
6.25,38.57870591053791,-122.41589073020538
6.24,38.57851174859645,-122.41328406320508
6.23,38.58039397250957,-122.41210676944226
6.22,38.58114975768966,-122.41192279531414
6.2,38.58170380469977,-122.41240034854752
6.2,38.58032134159565,-122.41367262623568
6.19,38.579979722018535,-122.41191501687057
6.18,38.58103035495373,-122.41255610745466
6.18,38.58056738210877,-122.41554921781517
6.17,38.58129329513998,-122.41445692683773
6.16,38.57836692965958,-122.41174775713772
6.13,38.58117504303388,-122.41215409164772
6.1,38.581106247297186,-122.4130550150668
6.1,38.58045171752558,-122.41357921661417
6.1,38.579328274286844,-122.41528385333979
6.07,38.58065869013877,-122.41552168629586
6.06,38.581300402271324,-122.41333343447208
6.06,38.58090738012985,-122.41501281561744
6.06,38.58054669472622,-122.41366665432311
6.06,38.58020165332647,-122.4131474875498
6.05,38.58108667181529,-122.41328293408954
6.04,38.581116336065854,-122.41516618808829
6.04,38.58117235250477,-122.41240622154031
6.03,38.580914449360186,-122.4140843100671
6.03,38.580901235420264,-122.41417507190884
6.03,38.578563362407266,-122.41120054780976
6.02,38.58103368974,-122.41423092421412
6.02,38.580155326711896,-122.41259346444403
6.0,38.58026101989604,-122.41439066313983
6.0,38.57907478961108,-122.41104405562274
6.0,38.577118835816115,-122.41148179478927
5.98,38.58011030417853,-122.41337000009382
5.98,38.57912862009852,-122.41104810642476
5.97,38.58117125184415,-122.4126240621142
5.96,38.57697199271768,-122.41212447658894
5.95,38.58106501697108,-122.41336159118138
5.95,38.57962133452424,-122.41459482168538
5.94,38.578506844149395,-122.4114486177903
5.92,38.58147078039209,-122.4137362318579
5.9,38.58148583272675,-122.41244128887355
5.89,38.58117981380096,-122.41205122383948
5.89,38.58104278974596,-122.41364665845317
5.88,38.58123021919785,-122.4132937414858
5.88,38.58050679190207,-122.41510881193923
5.86,38.58060645129604,-122.41548334312864
5.86,38.57904310470766,-122.41114489516512
5.85,38.579272853053524,-122.41531408752986
5.83,38.581021872766506,-122.41273898300928
5.82,38.581270551470745,-122.41223009882131
5.82,38.581265860130095,-122.41194300391142
5.82,38.58023301143592,-122.41208318454126
5.81,38.58114996215244,-122.41347121343547
5.81,38.57635445502032,-122.41243353646968
5.79,38.58108153463024,-122.4126173083299
5.78,38.581329521046655,-122.4128997790726
5.78,38.58027794846748,-122.41169660345179
5.77,38.58158191136321,-122.41231088475847
5.75,38.579343035386216,-122.4153537811032
5.75,38.57903751231932,-122.4151472629336
5.74,38.579108135522944,-122.41556547663048
5.73,38.58131410399938,-122.4134262234493
5.73,38.580983699407334,-122.41356192205275
5.73,38.5786151479255,-122.41086036728932
5.67,38.58097122329476,-122.41266635239772
5.67,38.57924260300013,-122.41111403054614
5.64,38.58119694156441,-122.41342887192799
5.64,38.580613904212576,-122.41280002797672
5.63,38.58059057667671,-122.41330293245919
5.63,38.57719742344328,-122.41172855805975
5.61,38.58112217021936,-122.4150404614941
5.61,38.58021425330003,-122.41345811253521
5.6,38.58037977313942,-122.41435372732866
5.6,38.57858505304757,-122.41092691820694
5.59,38.580583249087994,-122.41540130877286
5.59,38.5791969696275,-122.4148151916488
5.58,38.580318938216024,-122.41255990237701
5.58,38.575862550898925,-122.40983897088908
5.56,38.58134239611181,-122.41436886698828
5.56,38.579911009873484,-122.41242597059721
5.53,38.581254483304214,-122.4133529166099
5.52,38.58095453532551,-122.41419055499425
5.52,38.58037309302045,-122.41352741888826
5.5,38.58076943885856,-122.41352285100012
5.5,38.58045247588041,-122.41492120886353
5.48,38.578693243993584,-122.41092359012019
5.47,38.581348400180474,-122.41346321465917
5.45,38.58121961493275,-122.41352233627104
5.44,38.57796225534269,-122.41115531411116
5.44,38.57686641305353,-122.4122656271642
5.42,38.580860661966746,-122.41388527679786
5.42,38.58050077573039,-122.4136861360931
5.4,38.578490528501376,-122.4112180053956
5.4,38.577067617288854,-122.4116155684871
5.39,38.58109582997233,-122.41483202437514
5.39,38.58049644840279,-122.41416753094587
5.38,38.58122907461117,-122.41370656304404
5.37,38.58087569173411,-122.41511365548297
5.35,38.581092256173065,-122.41180377080501
5.34,38.5804575078863,-122.4136484697796
5.34,38.57996039952816,-122.41582464626165
5.33,38.58175135398887,-122.41215159345927
5.33,38.58111807184781,-122.41202363718821
5.33,38.580704609358946,-122.41550220570626
5.32,38.58138432889524,-122.41327093512865
5.32,38.5813558231526,-122.41330319802067
5.32,38.58046729687724,-122.41227286212496
5.32,38.580413015498316,-122.411890281646
5.31,38.58034405702589,-122.41357111085914
5.3,38.58024447326804,-122.41280662609336
5.3,38.57938471148857,-122.41542573594549
5.3,38.57838120152674,-122.41163413913422
5.29,38.57557280521862,-122.40987451862762
5.28,38.58087626663088,-122.41490724604876
5.28,38.58077218478417,-122.41540406914588
5.26,38.57862669459942,-122.41119384442712
5.26,38.57720883472945,-122.41517012074121
5.24,38.581627300099925,-122.41230283169283
5.24,38.58150736487084,-122.41294757687348
5.19,38.58132710424826,-122.4143103670986
5.19,38.58127344517933,-122.41352638923358
5.18,38.58122442867855,-122.4132244875707
5.17,38.58134256769261,-122.41358894197664
5.17,38.57691714101312,-122.41194831385168
5.16,38.580679356974834,-122.41274760737988
5.15,38.581110635454664,-122.41470697338448
5.15,38.58099254325858,-122.41414753852374
5.15,38.57662364620108,-122.41225882505707
5.14,38.58121757773802,-122.41317809314752
5.14,38.580214336247664,-122.4130681558802
5.13,38.581397988626996,-122.41355870571655
5.13,38.58089858398422,-122.4142322202722
5.12,38.58125639128009,-122.41428210290553
5.11,38.580309230626405,-122.41354554976795
5.09,38.58055570848779,-122.41347235062292
5.07,38.580521553024205,-122.41517874085659
5.07,38.577592861076496,-122.41096695043696
5.07,38.577025938492994,-122.4115436180643
5.06,38.58127063072106,-122.41184013593764
5.06,38.57862082682617,-122.41151454183367
5.05,38.58151421589105,-122.41299397147617
5.04,38.58138269634715,-122.41350020590492
5.03,38.58005145653091,-122.41211539711499
5.03,38.57925694124656,-122.41565696920719
5.02,38.582703419838005,-122.41685709703548
5.02,38.58132546966783,-122.41453963742741
5.02,38.58112781894374,-122.41336631947262
5.01,38.580913681983205,-122.41274230804613
5.0,38.57902632959766,-122.41558225407807
4.99,38.58066364189203,-122.41463890300061
4.97,38.58128958289749,-122.4145369349419
4.97,38.57818423686527,-122.41219277498442
4.96,38.57907494562257,-122.41531065225278
4.95,38.58106583168814,-122.41198529614825
4.95,38.58003302236527,-122.41193049803226
4.92,38.581072643375855,-122.41222667129875
4.91,38.580976484021974,-122.4127470357725
4.91,38.580511166777555,-122.41443243864835
4.91,38.58047050721129,-122.41453260269245
4.88,38.583212777671406,-122.41655137468025
4.87,38.58164259298523,-122.41236133152564
4.87,38.58086180703326,-122.41347245743698
4.86,38.58115854254663,-122.41522671504154
4.86,38.581146616629724,-122.41179639270901
4.83,38.58046630830034,-122.41442906070725
4.82,38.58126801445841,-122.41422562984472
4.82,38.58110583960999,-122.41248150225066
4.81,38.581218913594114,-122.41431368971966
4.81,38.5811446599113,-122.4135855106823
4.81,38.579992894959624,-122.41201923354208
4.81,38.577484177144804,-122.41078673641837
4.8,38.57987255198469,-122.41209046183295
4.78,38.578915947902814,-122.41097475618815
4.77,38.58123159737555,-122.41423435724585
4.76,38.57862987438225,-122.4111252682051
4.76,38.5783046575053,-122.41173160141442
4.75,38.580891861425926,-122.41360088588061
4.75,38.58085752300707,-122.41375887486866
4.74,38.57861817682036,-122.41157168864207
4.72,38.58109105676991,-122.41493489158928
4.72,38.581225241996485,-122.41184818928639
4.72,38.58087666249876,-122.41548075563546
4.72,38.57873019087697,-122.41090343177483
4.71,38.58319637830175,-122.4167107186399
4.7,38.578732727692405,-122.41143120897512
4.68,38.58004562565503,-122.4122411224523
4.67,38.58132797152611,-122.41273908692834
4.66,38.58118607720849,-122.41482735121218
4.65,38.58115598001756,-122.41489390245677
4.65,38.58099625521096,-122.41406753069745
4.65,38.58087167315447,-122.41170688099835
4.65,38.57659828195651,-122.41241748098508
4.64,38.57862673213102,-122.41099886998681
4.63,38.58089487802828,-122.4117889148063
4.62,38.58007053845834,-122.41170393212036
4.62,38.57740202710466,-122.41255825820271
4.6,38.58071676348977,-122.41543430371667
4.59,38.57992267185396,-122.4121745204326
4.58,38.58050265369242,-122.41228699305054
4.57,38.57686649068644,-122.41187568823788
4.55,38.58062231819842,-122.41533543398235
4.54,38.58114435652919,-122.41495037528502
4.54,38.58094132685013,-122.41175800198148
4.54,38.58044470115912,-122.41178944065406
4.54,38.580294633253,-122.41269570696029
4.54,38.57998441380226,-122.41220210662865
4.53,38.5812256763996,-122.41475004584194
4.52,38.58095609000394,-122.41182793088034
4.52,38.579069596791754,-122.4156199206312
4.5,38.58119341332838,-122.41505729664188
4.49,38.58119297168303,-122.41467876500612
4.49,38.58099882843516,-122.41187702619473
4.49,38.58079229468573,-122.41516472254318
4.49,38.58016702887242,-122.41214703509702
4.48,38.58019761495018,-122.41226403228107
4.47,38.58118709349835,-122.4149994724471
4.47,38.580893940069785,-122.41375014724507
4.47,38.57900158102187,-122.41533953500625
4.47,38.57705603360427,-122.41147706881647
4.46,38.578326272502,-122.41184792012429
4.44,38.58122275410364,-122.41364873886018
4.44,38.58100266101495,-122.41373539403165
4.44,38.58051329473136,-122.41186342067205
4.43,38.583413478538695,-122.41591270545777
4.43,38.581634191435555,-122.41215424395565
4.41,38.580084280453555,-122.41160174103722
4.41,38.578474098962225,-122.41157231502056
4.4,38.581040467107364,-122.4121439618582
4.39,38.580392499693545,-122.4115561210632
4.38,38.58072156484495,-122.4128081326588
4.37,38.58080006549493,-122.41344486975639
4.37,38.57996537033262,-122.41241859299359
4.35,38.57986138028502,-122.41252545984773
4.32,38.5769334555716,-122.41217892114165
4.31,38.58156816860248,-122.41241307773262
4.31,38.57856805636819,-122.41148763204848
4.3,38.58150157416312,-122.41287832269185
4.29,38.57870210249966,-122.41150918909368
4.28,38.58116826520101,-122.41424105789578
4.28,38.58071047252199,-122.41285317594233
4.26,38.580656881537166,-122.4116792451968
4.24,38.58118686727965,-122.41364603682793
4.23,38.5816727288127,-122.41209979611732
4.23,38.58109543103506,-122.41425851266298
4.22,38.58062298214174,-122.41473906710951
4.22,38.57823965743524,-122.41216253864701
4.21,38.58089275781404,-122.41183463367442
4.2,38.577315607627796,-122.41189801861184
4.19,38.58128374926367,-122.41466266193298
4.19,38.580670425790466,-122.41255195230782
4.18,38.580151085705175,-122.41268490111584
4.15,38.58130716872216,-122.41376979143122
4.15,38.580670584667956,-122.41177203316616
4.15,38.57884645510138,-122.41519022115774
4.14,38.580166867879555,-122.41292694846653
4.14,38.576388182112,-122.41267692145826
4.13,38.58073156956269,-122.41530925357824
4.12,38.58013387064843,-122.41169722920137
4.12,38.57707015176131,-122.41214333309269
4.11,38.58065900167986,-122.41163352646642
4.11,38.58008620351124,-122.41253091376755
4.1,38.58081433927036,-122.41333124848825
4.08,38.58100447756639,-122.41505453703452
4.08,38.57694723633644,-122.41188176489644
4.07,38.5799789919399,-122.41290133572085
4.03,38.58081128203598,-122.41281488659361
4.03,38.58050104676476,-122.41484457993533
4.02,38.58064090028907,-122.41241209490953
4.01,38.57904113561582,-122.41545720689507
4.01,38.578931241640355,-122.41103325353686
3.99,38.58158130026429,-122.41271227895763
3.99,38.580478461802265,-122.41436115868295
3.99,38.57885155580881,-122.41100431858064
3.96,38.58041676477792,-122.41161529497886
3.93,38.5800931347172,-122.41218735107033
3.93,38.5766183847756,-122.4121781466121
3.91,38.58088199548103,-122.41284314915492
3.91,38.58013489175316,-122.4118693484098
3.91,38.579015856415026,-122.41522591713984
3.9,38.58116132757505,-122.41458462481874
3.9,38.57997120138898,-122.41229286783317
3.88,38.58094724005459,-122.4137656300191
3.88,38.58050689442065,-122.41219555587266
3.88,38.58006258783007,-122.41187537591546
3.88,38.57990843890929,-122.41209316296414
3.87,38.581538032108035,-122.41267461255033
3.85,38.578706027319726,-122.41297754958984
3.84,38.580707492496956,-122.4119468547871
3.82,38.57898666199301,-122.41100301602111
3.78,38.58057287702735,-122.41213170509891
3.78,38.57655872386834,-122.41229981457684
3.77,38.58120777701517,-122.41455371379742
3.77,38.580989096325936,-122.4153859974284
3.75,38.58104645905041,-122.41376163101518
3.75,38.580581305681,-122.41466711128923
3.75,38.5804315280574,-122.41168522333429
3.73,38.58106515786374,-122.41510498551936
3.72,38.57998180296552,-122.41206427653921
3.71,38.58007311048178,-122.41203674062331
3.68,38.58112026817239,-122.41411127763038
3.68,38.580252661990606,-122.41146531010277
3.66,38.57902102553952,-122.41569654755908
3.65,38.57766452221461,-122.41155726652127
3.63,38.580799780880554,-122.4122864194499
3.62,38.58112707542367,-122.41435265264761
3.61,38.58058559865435,-122.41185739316987
3.61,38.57906694475569,-122.41567706740618
3.61,38.5786577737886,-122.41149438382074
3.59,38.58072356175529,-122.41334735323281
3.58,38.58076279363134,-122.41250155749937
3.56,38.58073856907987,-122.41224740310336
3.55,38.58078640530542,-122.41315710156955
3.51,38.58004982656567,-122.4123446639283
3.49,38.58014700459542,-122.41199642449752
3.49,38.57883626205145,-122.41094582130337
3.48,38.57580925007507,-122.40982349251355
3.47,38.581191024170145,-122.41394456076183
3.47,38.58007356114863,-122.41241526734292
3.46,38.58116344887586,-122.4145389059888
3.44,38.58278263999045,-122.41437409732089
3.44,38.580544450334386,-122.41177400919227
