HT,y,x
73.09,39.42622976731463,-120.336824674298
72.46,39.428509119908234,-120.33061620890767
72.42,39.42549115235453,-120.3371522696849
71.72,39.425648570076156,-120.33696405329675
71.63,39.429120861083625,-120.33865552526552
71.22,39.42713221953436,-120.33734115745133
66.07,39.429067584366784,-120.33137787648522
65.73,39.42883533278741,-120.33120104257148
64.47,39.42563198255182,-120.32968728845927
63.05,39.4287016906568,-120.33062184689966
62.84,39.43065578227956,-120.33090613630327
62.31,39.42659725897809,-120.33738737247661
59.86,39.43003807657314,-120.33178439681173
59.11,39.42853130942002,-120.33055112773974
58.68,39.429274346289574,-120.33149746842682
58.12,39.42891518137438,-120.3301984002826
57.68,39.42640470039747,-120.32941982490577
55.91,39.43006234550326,-120.33198665037806
55.12,39.42965850881997,-120.33905865596827
55.08,39.4307867096024,-120.33103600344495
55.0,39.42428759164992,-120.33615655021565
54.98,39.430078455051174,-120.33597940758757
54.31,39.42989388962573,-120.33579472071884
54.05,39.425405190850626,-120.33605626917785
53.88,39.42498994324143,-120.33832499541025
53.79,39.42951527865972,-120.33501003788963
53.74,39.4268122056909,-120.32908734912233
53.68,39.42593705427507,-120.33278545416152
53.67,39.43023796809265,-120.33656753314163
53.36,39.42850018633779,-120.33834502637137
53.24,39.42688109887125,-120.33786070395195
53.24,39.42515085046285,-120.33798044216996
53.18,39.42330518808526,-120.33562471952224
52.86,39.430653343551256,-120.3311961582106
52.57,39.42591938317903,-120.33282784992132
52.54,39.43043045213557,-120.33504612330451
52.15,39.42585999761906,-120.33294072685155
51.96,39.4299298311928,-120.33538291238489
51.93,39.428100549866144,-120.33595340361941
51.88,39.43065660247251,-120.33645705076238
51.76,39.42794361569875,-120.33762030474871
51.66,39.42948137882536,-120.33518016316907
51.56,39.42976560483804,-120.33509615190194
51.47,39.4301707088511,-120.33556273193382
51.39,39.430202378657995,-120.33591296666282
51.35,39.42597845519791,-120.33146666488655
51.34,39.42499323593081,-120.33844731313516
51.3,39.42383282474529,-120.33362494894635
51.13,39.42687842952834,-120.33792037956265
51.1,39.4302138047505,-120.33455954010982
51.09,39.42566932883801,-120.3311664514073
50.97,39.427947680264865,-120.33662794956578
50.74,39.423129662559525,-120.33539468814858
50.73,39.430835563271934,-120.33268890614211
50.73,39.42966858132195,-120.33479615350387
50.68,39.42991583176711,-120.33499028165446
50.67,39.42492870174663,-120.33840087412449
50.63,39.42778639075726,-120.33752985683466
50.62,39.42791279063617,-120.33768241352703
50.5,39.43074057396384,-120.33497101885726
50.36,39.430272060551495,-120.33611872830595
50.36,39.42927451500275,-120.33686627434676
50.33,39.4281365208377,-120.33605061070041
50.31,39.429561241809104,-120.33751028292146
50.26,39.43073316585057,-120.33482303832844
50.1,39.42982976262528,-120.33569994452155
50.03,39.430969744212106,-120.33525588579367
50.03,39.43028646498928,-120.33646302448078
49.99,39.42633683610566,-120.33670396525663
49.95,39.43008002631871,-120.33476802368958
49.93,39.424377804304704,-120.33598157196452
49.9,39.425801833561714,-120.33290860240537
49.86,39.426184855003754,-120.33214357735842
49.86,39.424667475667825,-120.33165804338495
49.83,39.42897511376396,-120.33772068170268
49.8,39.430142114146534,-120.33510448249164
49.76,39.4245520135786,-120.339180163263
49.74,39.43012676127077,-120.33615357663126
49.73,39.429519610418524,-120.33526603003835
49.73,39.42296135538329,-120.33559127280508
49.69,39.430111257811404,-120.3346575752073
49.65,39.430219173590714,-120.33494920291402
49.6,39.42901723994981,-120.33760186437965
49.57,39.430462830757165,-120.3371054290573
49.56,39.42511895987771,-120.33124376572012
49.53,39.4278476085948,-120.3369449712918
49.47,39.43094020326386,-120.33619103643763
49.44,39.42981742709944,-120.33562298562344
49.24,39.430279936059854,-120.33390361202008
49.23,39.42794466873406,-120.33826297257184
49.22,39.42429194640154,-120.33692150200375
49.22,39.42331855879256,-120.33583532696296
49.19,39.42909019099693,-120.33742093707036
49.18,39.426814802632464,-120.33546262264757
49.17,39.42619344218628,-120.33163755486815
49.16,39.430009967075705,-120.33511961873776
49.13,39.430310420912384,-120.3349078771851
49.08,39.424206330932265,-120.33910970716776
49.07,39.43010663799513,-120.33648599356029
48.98,39.42426256434668,-120.33706893249828
48.97,39.423560084101624,-120.33337360254146
48.92,39.4304784432813,-120.33114811971555
48.89,39.429112769168434,-120.33679850955211
48.88,39.430779180562894,-120.33449952634221
48.86,39.42555815268356,-120.33126151632683
48.78,39.43038195642277,-120.33515063312346
48.76,39.42311790360224,-120.32985272360911
48.75,39.42612357272637,-120.33171047160108
48.64,39.422923124087625,-120.33550541354909
48.61,39.42986039706586,-120.33591651009495
48.58,39.42461408941659,-120.33951660013811
48.51,39.4299164596963,-120.3351722857767
48.47,39.4307653998555,-120.3343372344643
48.33,39.42597917572686,-120.33266663895495
48.32,39.42573440623908,-120.3326915154015
48.3,39.43025109336685,-120.33603879927404
48.28,39.42878382600834,-120.33909704674421
48.27,39.42560479193316,-120.33112001845866
48.26,39.430862862599696,-120.3322741217358
48.2,39.42922438264921,-120.33716412525666
48.11,39.43091017721943,-120.33282364538438
48.09,39.42392204819851,-120.33766676979754
48.05,39.42894031548461,-120.33081298927105
48.03,39.430163677885446,-120.33485739648661
48.0,39.42995491067555,-120.33548849387296
47.99,39.42817088351564,-120.33685016442993
47.98,39.424055493394,-120.33954254750037
47.98,39.42393664266861,-120.33773238204134
47.96,39.43004342566791,-120.33448881019548
47.95,39.424514800360136,-120.33871897831102
47.92,39.43017340612715,-120.33601207298001
47.89,39.43094529499832,-120.33250850413015
47.87,39.430951819618244,-120.3345589150717
47.87,39.42721857910737,-120.33838885100779
47.84,39.42476774319111,-120.33388593536992
47.82,39.42401798638614,-120.33681513912751
47.8,39.429466154976986,-120.33493254342022
47.8,39.42548683690994,-120.33124910689727
47.8,39.42434866713296,-120.33353577791905
47.77,39.42538225963585,-120.33158880757921
47.77,39.42509034936575,-120.3307855499904
47.76,39.4305401872543,-120.33486572587931
47.63,39.43049413918487,-120.33468021484614
47.6,39.43078668046944,-120.33617457826017
47.57,39.423972255028296,-120.33940484436062
47.53,39.43014239121701,-120.33635286228662
47.49,39.427021231675745,-120.3371575489033
47.46,39.42499671194636,-120.3316258601947
47.44,39.42433240578586,-120.3308399498055
47.28,39.43047072376975,-120.3348903070361
47.21,39.42563792055383,-120.3315555551999
47.19,39.42287933058338,-120.33017056791947
47.17,39.42914034641441,-120.3376320990817
47.14,39.43058378669303,-120.33534125863707
47.14,39.42778737728242,-120.33664551525078
47.13,39.42656398566051,-120.33158322254687
47.13,39.42503043290798,-120.33839951772873
47.13,39.4244013796694,-120.33498386317267
47.07,39.42365399787036,-120.33327260551182
47.01,39.430057677393876,-120.33562080120781
46.99,39.43060202162562,-120.33446282165389
46.95,39.42933654667983,-120.33618470405997
46.91,39.42499074627111,-120.3315632170626
46.9,39.42630240413951,-120.33206282320343
46.89,39.430763393812285,-120.33508794327027
46.88,39.42534610482041,-120.33177026587958
46.83,39.43007983860654,-120.3350467013801
46.81,39.42563990233463,-120.33311951030363
46.8,39.42503659048783,-120.3381835032085
46.79,39.424528590633344,-120.33939023673697
46.78,39.43071734606989,-120.33490243152312
46.76,39.42564977045342,-120.33631006484997
46.75,39.423196895535916,-120.33589042102568
46.73,39.425828950942375,-120.33277250826639
46.73,39.42473427203214,-120.3316931351677
46.72,39.429747492470064,-120.33467786923393
46.71,39.42869604940412,-120.33847300892819
46.7,39.43023495968501,-120.33436079038319
46.67,39.42622151705819,-120.32881149922
46.66,39.42467888589605,-120.3359518414296
46.65,39.427388118470866,-120.33804725700635
46.63,39.430584868972794,-120.33316015847136
46.59,39.42559372069825,-120.3314070512585
46.58,39.42571253560979,-120.33169028359092
46.57,39.42756936701837,-120.33760062001205
46.55,39.423267175666204,-120.33576917925946
46.51,39.426418507122904,-120.33189674178867
46.51,39.42500165386368,-120.33821995784785
46.5,39.430654254541956,-120.33494132405198
46.48,39.42401861165435,-120.33699712842548
46.46,39.4300239951149,-120.33602126841302
46.44,39.43086760698715,-120.33248178137158
46.4,39.42800281169984,-120.33778609808978
46.39,39.42969510535089,-120.33498706532826
46.38,39.43094629083036,-120.33213314875272
46.36,39.42709042626515,-120.33588464396874
46.35,39.43080325753616,-120.33498046336997
46.33,39.43019986966789,-120.33518494728914
46.29,39.42705595164668,-120.33689076124463
46.29,39.42501342289838,-120.33015318166689
46.18,39.43081122728092,-120.33429240253537
46.16,39.430084389584536,-120.33553303665632
46.1,39.4292890846088,-120.33642287804717
46.09,39.42568067393957,-120.33161873320147
46.08,39.4303881083915,-120.3349346023437
46.07,39.4303199005804,-120.33532319365706
46.07,39.42924513296992,-120.33701371502
46.06,39.43060682520042,-120.33568852570482
46.06,39.42515976146866,-120.33025198254465
46.05,39.43094692451959,-120.33513896099407
46.05,39.42636834204671,-120.33168559170082
46.01,39.42677669831686,-120.33792173666698
45.95,39.4288605074328,-120.33514836554292
45.89,39.428112936922744,-120.33704837066693
45.89,39.42315988924071,-120.33565956548347
45.84,39.43081540510361,-120.3353361037314
45.84,39.430209505489444,-120.33481256526022
45.83,39.43044379171053,-120.33474773002305
45.81,39.43058864857447,-120.33425219325831
45.76,39.42649424841948,-120.33086848225534
45.69,39.43045012954506,-120.33425301990647
45.67,39.43002157026909,-120.33682030600612
45.62,39.430640694668874,-120.33500937526739
45.61,39.430485947706366,-120.33513793021532
45.57,39.422195334434726,-120.33198324560398
45.53,39.42590528638476,-120.3314172626098
45.52,39.423576480734866,-120.33579074980685
45.52,39.42257002460757,-120.33014902161204
45.5,39.43024651342758,-120.33504344287022
45.5,39.42459579450784,-120.33937700270414
45.49,39.43046971964986,-120.33526565990734
45.48,39.42966387357054,-120.3350975130328
45.47,39.43045772460429,-120.33412232065035
45.44,39.42827917826598,-120.33658444609145
45.43,39.423764239673226,-120.33841228686471
45.38,39.43054953181044,-120.33093018730628
45.38,39.42648733719631,-120.33169016366767
45.37,39.42979673228602,-120.3367914310682
45.37,39.42325421303682,-120.33551023996667
45.36,39.42207642422005,-120.33299659838723
45.35,39.42541470804738,-120.331333364456
45.31,39.43047379957575,-120.33478229150717
45.31,39.43050910871203,-120.3341884737601
45.28,39.4297416709506,-120.33716030384323
45.22,39.43027805024258,-120.33669039658498
45.22,39.42565459724965,-120.3318884872249
45.22,39.423073161939854,-120.33567820486108
45.17,39.43015802084527,-120.33655214802813
45.1,39.430573899120354,-120.33497427755628
45.1,39.424182710237645,-120.33959843461916
45.09,39.42961385096578,-120.33743142886135
45.05,39.42628776125616,-120.33148821784387
44.97,39.42972399834928,-120.33720270076424
44.96,39.43093766459885,-120.33495398478854
44.95,39.4274682796708,-120.33829297598736
44.93,39.43009331810166,-120.33729340402726
44.9,39.428856721335016,-120.33738909094153
44.88,39.42429600540969,-120.33592919687977
44.85,39.430313395088746,-120.33660560182237
44.84,39.430481128237346,-120.33724503724058
44.84,39.42977072048063,-120.33474645557625
44.84,39.42929790730254,-120.33614717297188
44.83,39.4292998094408,-120.33720219402608
44.83,39.428114186515444,-120.33741236987687
44.83,39.42522485408748,-120.33844216857395
44.83,39.42534809091483,-120.33101961320632
44.8,39.43000495471702,-120.33750538929306
44.8,39.42592512405341,-120.33266016608755
44.77,39.42988742152741,-120.33425335710372
44.76,39.42992621072413,-120.33683597608666
44.74,39.430411994529045,-120.33569421588449
44.74,39.429562036337586,-120.33690459532703
44.73,39.43020746570196,-120.33505424858312
44.72,39.42795551895969,-120.33723659328437
44.72,39.42531876255273,-120.33167603354529
44.71,39.430359136635666,-120.33503370930731
44.64,39.42308871365234,-120.33870096976017
44.62,39.42624957287535,-120.33191134865285
44.6,39.4294778075421,-120.33765124700236
44.55,39.43070252950558,-120.33460647060491
44.55,39.42566363602193,-120.33184312248811
44.51,39.4307872174886,-120.33482951324248
44.51,39.429299376587025,-120.33674151676045
44.48,39.424189127382775,-120.33577124867018
44.47,39.42480958945912,-120.33585138264117
44.47,39.42472839400383,-120.33264845453857
44.45,39.430333460623224,-120.33525514280225
44.44,39.424324294037504,-120.33898063383329
44.44,39.42541186164562,-120.33167169881213
44.42,39.425471246050556,-120.33155882153933
44.41,39.43089083248793,-120.33537417143185
44.4,39.42960467397059,-120.3349317180847
44.4,39.42606192848295,-120.33183469101608
44.4,39.42361680287088,-120.33332040264514
44.34,39.429715445122724,-120.3348849898238
44.34,39.42450597200028,-120.33899466484118
44.33,39.43081719159712,-120.3343550509338
44.33,39.423095770302936,-120.33274129917403
44.32,39.429801417016996,-120.33598105425327
44.29,39.42959079262527,-120.33657515064542
44.27,39.43085894093067,-120.33479359001201
44.2,39.42854063547284,-120.33740153637665
44.18,39.43062591063467,-120.33522243728551
44.17,39.42586212631348,-120.33140241831133
44.16,39.43062697601248,-120.3358651289074
44.15,39.43008953681182,-120.33569235769018
44.15,39.42504666414417,-120.33827179834498
44.14,39.43094077219625,-120.33535499342557
44.14,39.43066059314393,-120.33444661251279
44.13,39.42541124801043,-120.33815485683144
44.12,39.42587139148154,-120.33158738108219
44.09,39.42468540434994,-120.33952901756918
44.09,39.424260940016566,-120.33392974082038
44.07,39.42297839592987,-120.33022887266388
44.05,39.43070271623521,-120.334327790514
44.03,39.423699233129504,-120.33355476275248
44.02,39.42956210952621,-120.3345898590018
43.99,39.42476260794476,-120.33141204344862
43.99,39.42355758363155,-120.33597814009408
43.99,39.42383545485309,-120.33074174776092
43.97,39.423842121535124,-120.33816035971957
43.97,39.425106344527265,-120.33042750353252
43.96,39.43098850920067,-120.33636520769782
43.93,39.42906903119875,-120.33761968275618
43.92,39.427457105134266,-120.3365440137015
43.9,39.424568274097076,-120.33521092833405
43.89,39.42576748856134,-120.33261806518951
43.88,39.42469341459451,-120.33934999632973
43.86,39.42379588748861,-120.33441204169365
43.86,39.42267772198982,-120.33021029466225
43.85,39.42306145346252,-120.33578324003454
43.84,39.42277493391112,-120.33023160835698
43.83,39.42937381603382,-120.33766394611985
43.82,39.42264278771787,-120.33024675196361
43.81,39.43052548960113,-120.33660585344478
43.81,39.42458330811858,-120.33573718788652
43.8,39.42805787485567,-120.33741723465917
43.8,39.422221637216964,-120.33194382059331
43.79,39.42638438587397,-120.33183653190912
43.74,39.42491613109394,-120.33142849014708
43.71,39.42302793148764,-120.33539604873468
43.64,39.429968144017785,-120.33699583394097
43.64,39.424446580890205,-120.33910753450255
43.63,39.42416132101076,-120.33905786675149
43.61,39.426480602620494,-120.33223318109381
43.59,39.423990140151545,-120.33959277308138
43.59,39.425177710071665,-120.33094889638825
43.56,39.42955364320574,-120.33764098020174
43.56,39.424027538923106,-120.3349158605068
43.55,39.426810407488695,-120.33803028412011
43.54,39.42753187872619,-120.33589108188733
43.52,39.42515864061982,-120.33141495082808
43.52,39.42532876290427,-120.32894074189916
43.5,39.42374754264032,-120.33372891481662
43.5,39.422968354291235,-120.33578756933501
43.49,39.4306269146247,-120.3348470836031
43.49,39.422459255460964,-120.33019575250944
43.46,39.43040169987486,-120.3353755724186
43.46,39.422695392180216,-120.33016790016298
43.42,39.42926626602037,-120.33630595559634
43.39,39.42525359275202,-120.33144760800691
43.38,39.42941118255133,-120.33682845821228
43.36,39.43089139595108,-120.33453812898414
43.36,39.42904330533281,-120.33682308836757
43.33,39.43030203955405,-120.33564426991096
43.33,39.429317504343345,-120.33766881079097
43.33,39.425909249816655,-120.32991594559645
43.32,39.42989848738669,-120.33729908984343
43.3,39.422203377989874,-120.33231319306581
43.28,39.43037909967305,-120.3354889905651
43.26,39.43038506338813,-120.33555163868789
43.25,39.42974548437952,-120.33542856746529
43.25,39.42964805362035,-120.33517690499369
43.25,39.426375735986,-120.33798980989724
43.24,39.426024323068795,-120.33859603163651
43.24,39.42577874423186,-120.33205237075992
43.24,39.42277638115168,-120.33031693102296
43.23,39.4252887069995,-120.3311324907296
43.22,39.42380389199625,-120.33807449806027
43.21,39.42788934879595,-120.33738349386
43.21,39.42468654602435,-120.33119199217388
43.21,39.42396326009459,-120.33047063258121
43.2,39.42373991017625,-120.33335062780311
43.19,39.42588051847904,-120.33255999466748
43.19,39.423173449438266,-120.33559152142779
43.15,39.423447818671335,-120.33564954628527
43.15,39.422859983815236,-120.32989732165568
43.14,39.42493646792801,-120.33132642038612
43.13,39.42582786964861,-120.33212985932263
43.13,39.42227058106811,-120.33229995288337
43.12,39.4282983180543,-120.33713638543699
43.09,39.42620186978451,-120.33423381532009
43.09,39.42515872892458,-120.33525649874875
43.08,39.42609650046394,-120.33235555746045
43.07,39.42334776674121,-120.33314304075166
43.07,39.42285917176355,-120.3299939852193
43.05,39.425107969228115,-120.33023417040661
43.04,39.42607982501142,-120.33202262329374
43.01,39.429279058892746,-120.33735260432235
42.99,39.42617771136003,-120.33273492645509
42.95,39.425099682921015,-120.33814461652823
42.94,39.42652491302057,-120.32927939044555
42.94,39.4251905828102,-120.3301898729639
42.93,39.42288614707237,-120.33578352725718
42.92,39.42645900064317,-120.33197126198039
42.92,39.4246462790738,-120.33134779804118
42.9,39.42789441898228,-120.33601579992242
42.88,39.424848880367705,-120.33093274963512
42.88,39.42351594173207,-120.33757553504303
42.85,39.42897836178721,-120.3368249840378
42.84,39.42959914970782,-120.33532974984983
42.84,39.42532096592264,-120.33347030770315
42.82,39.429644161249335,-120.33538159184357
42.82,39.4259951321324,-120.33179959845847
42.82,39.42406124328291,-120.33937486852085
42.81,39.430539892696885,-120.33695015092302
42.8,39.43079217740967,-120.33526751620904
42.79,39.42993835300369,-120.33719161244711
42.78,39.4229341593879,-120.33855085323879
42.76,39.42230424886184,-120.33856439136052
42.75,39.4229251947769,-120.33577272303165
42.75,39.42274591373592,-120.32982173958311
42.73,39.430462465917586,-120.33432997924415
42.71,39.43086035138045,-120.33436989801119
42.71,39.42818857972789,-120.33731677382569
42.67,39.425462026731246,-120.33188284609821
42.67,39.423948594638865,-120.33452515950815
42.66,39.42471391351883,-120.33410978572044
42.62,39.42482549940613,-120.33396639321582
42.57,39.42593018872153,-120.33180149855922
42.56,39.426890719623856,-120.33697934300636
42.56,39.42696097527942,-120.33634909925294
42.55,39.43015027087865,-120.33413774999748
42.55,39.42996225474653,-120.33461843692893
42.55,39.422269579525924,-120.33036076027307
42.53,39.43022117879955,-120.33419849975287
42.52,39.422672161703076,-120.3300993219997
42.49,39.42542726430572,-120.33779681041572
42.49,39.42409947193045,-120.3394607311729
42.47,39.42594085422151,-120.3315627983165
42.47,39.4252961194745,-120.33128045974179
42.46,39.423244590378886,-120.33305908123214
42.45,39.429115461996716,-120.33724784407188
42.43,39.430412265703566,-120.33694260033984
42.41,39.4245573679907,-120.33956979590913
42.4,39.43091691437189,-120.33228059475655
42.4,39.425278933649636,-120.32997789287145
42.37,39.43022092125849,-120.33679193540081
42.36,39.429209401409395,-120.33765585699204
42.35,39.42212677062351,-120.33292908980131
42.33,39.42533623077563,-120.33806845572452
42.31,39.42915039837948,-120.33721138688952
42.31,39.42503096908594,-120.33654557649635
42.3,39.4225992281068,-120.33259475415308
42.26,39.426002994358385,-120.33240822522309
42.26,39.424751309675564,-120.33146874872881
42.23,39.42350580921476,-120.33313680919004
42.21,39.42474511701587,-120.33117578170985
42.19,39.430552302866914,-120.33471234280113
42.18,39.42859860475992,-120.33771233762869
42.18,39.42426929298624,-120.33601695426168
42.18,39.42285198712825,-120.33007633940342
42.16,39.42642384002175,-120.33177739087738
42.14,39.430382233031835,-120.33639901705834
42.14,39.430303199797294,-120.3344812189917
42.14,39.42403346396921,-120.33831101499192
42.13,39.42298083240604,-120.32993888149636
42.12,39.43027796514103,-120.33516333599505
42.12,39.42853118573372,-120.33749523775266
42.11,39.42311754613524,-120.33554805537293
42.11,39.42400857447883,-120.32945618281592
42.1,39.42588688362483,-120.33025968614801
42.1,39.42278681444817,-120.32984792309618
42.09,39.42910863160232,-120.33626384480769
42.09,39.42574914247159,-120.3319694789508
42.07,39.42547367399457,-120.33358342591448
42.06,39.426226975847825,-120.33202476137099
42.05,39.42446591511445,-120.33503029879616
42.03,39.423894126614265,-120.3384084986444
42.02,39.423818707813695,-120.3345289547045
42.01,39.42381918130442,-120.330360491953
41.99,39.42594984549671,-120.3310084436238
41.97,39.428339601545844,-120.33660523313779
41.96,39.43006761515267,-120.33700581718966
41.95,39.42903609076446,-120.33639643745761
41.95,39.424189673498624,-120.33877678014484
41.95,39.42524717267181,-120.33092431324516
41.94,39.42465941765432,-120.33364266419228
41.89,39.42547900850416,-120.33346407668657
41.86,39.43067585031577,-120.33520325924474
41.86,39.425726958574735,-120.3392087252188
41.81,39.430831444538924,-120.33548705403005
41.76,39.42776450474726,-120.33037223003376
41.76,39.4260243272223,-120.33193082436561
41.76,39.42359619561052,-120.33036863093355
41.75,39.42418429723719,-120.33787817222307
41.74,39.4246122238329,-120.33897062769375
41.74,39.42440718507664,-120.33583414079342
41.73,39.42930925896218,-120.33710849161601
41.73,39.42596778988163,-120.33170536526754
41.7,39.43087912423942,-120.33547921800763
41.7,39.425541701678604,-120.3311589115377
41.69,39.42536123552975,-120.33331450156417
41.69,39.42250241563253,-120.33021059538959
41.68,39.426187115444144,-120.33930644977957
41.67,39.42370175169258,-120.33812418718885
41.65,39.43016282862163,-120.33444505037001
41.65,39.42673360000884,-120.33508324724896
41.64,39.42448019054136,-120.33102407583239
41.63,39.424121302463256,-120.33046439512754
41.62,39.42804282242542,-120.33638194501019
41.56,39.42598753951439,-120.33193028989479
41.56,39.42500963675624,-120.33137582190929
41.55,39.42900507481573,-120.3367372212407
41.54,39.42497736835101,-120.33135260554296
41.53,39.42214702486499,-120.33847394844592
41.51,39.42942349191714,-120.33639640270053
41.5,39.42924273898287,-120.3388307697982
41.49,39.42415641421766,-120.33014928230573
41.47,39.429897862557574,-120.33711708574798
41.47,39.430746758961945,-120.33244021275017
41.47,39.424408351995865,-120.33902167162513
41.47,39.42482759706936,-120.33191912486744
41.46,39.4299188739961,-120.33437324928975
41.44,39.42558129029272,-120.33262673225111
41.44,39.42443490293601,-120.33537106163347
41.42,39.424730399573626,-120.33907187749622
41.42,39.425543239048416,-120.33226221123441
41.42,39.425515445724066,-120.33170732532204
41.38,39.42604510308669,-120.32997478591065
41.37,39.430847493481984,-120.33281420272695
41.33,39.43008008835101,-120.33578606129608
41.33,39.425633987733924,-120.33125124338335
41.32,39.430562123414916,-120.33406127934485
41.31,39.42366075804031,-120.33606210414062
41.22,39.424553379076606,-120.3372295685545
41.2,39.425126145287834,-120.33116140907089
41.16,39.43098616015503,-120.33484947403474
41.16,39.430736273868355,-120.33522404582601
41.16,39.42647395948443,-120.3314795477668
41.16,39.42611949055931,-120.32987918494473
41.15,39.42299954392629,-120.33003014155129
41.14,39.43006910031916,-120.33426737731642
41.12,39.43072519318207,-120.33551109836192
41.11,39.425907228485435,-120.3324722340541
41.08,39.42477304536102,-120.33094302280102
41.04,39.43040918802885,-120.33705061568497
41.02,39.42732707167957,-120.33784447139598
41.02,39.42384089383321,-120.33830535689326
41.0,39.4248595432356,-120.33300863867277
40.98,39.42933346966173,-120.33629271783086
40.94,39.42600353796281,-120.33157223924889
40.92,39.424271486695126,-120.33933813630145
40.91,39.42294983614099,-120.33541765761144
40.91,39.422052420063416,-120.33353364466596
40.9,39.42449077157199,-120.3392560407938
40.9,39.42361224101678,-120.33051956506505
40.89,39.430640098313916,-120.33533639206858
40.87,39.42998439733451,-120.33737712365358
40.87,39.42979134172665,-120.33589275363143
40.87,39.42703214607761,-120.33765817461646
40.84,39.43077572866267,-120.3323411042166
40.84,39.429636837867186,-120.33676066056799
40.8,39.42466662694443,-120.33740183009343
40.79,39.430642700239716,-120.33425866773281
40.79,39.42446790051471,-120.33761218727304
40.77,39.42555160044978,-120.3315258665654
40.73,39.42964568636229,-120.33699396995505
40.72,39.42608446821305,-120.33352691285174
40.71,39.424418849172696,-120.33957061230507
40.7,39.426394886221715,-120.3390507279604
40.69,39.43065469403752,-120.33540200993649
40.69,39.42524368892891,-120.33672782030236
40.67,39.42606749718593,-120.33476928407121
40.64,39.42374142817862,-120.33445390006335
40.63,39.42558879443017,-120.3376342471714
40.62,39.42588785787125,-120.33451359448222
40.59,39.4299232702248,-120.33564727822791
40.58,39.42306547562834,-120.32965292542065
40.58,39.42225923844563,-120.33184769230428
40.56,39.42584852081722,-120.330961476659
40.55,39.42339422432345,-120.33328020035829
40.54,39.4297178924181,-120.33459497180186
40.54,39.42456174267424,-120.33598425456695
40.5,39.42993617154292,-120.33488820583938
40.49,39.42938846751862,-120.33490581860447
40.49,39.42589074644422,-120.33468424733283
40.47,39.4295088735018,-120.33448671197849
40.44,39.43008507103396,-120.33673307888489
40.44,39.425608407364386,-120.33249063842142
40.43,39.42951394783334,-120.33696076645636
40.43,39.4264885572168,-120.3315451610769
40.42,39.42874717596779,-120.337290807791
40.42,39.42772030345656,-120.33022372244926
40.41,39.42470132315559,-120.3309789468271
40.41,39.42372084771485,-120.3315021229428
40.41,39.42207179484066,-120.33431585130049
40.4,39.422394083006914,-120.32996733733476
40.39,39.427576556626626,-120.33751826120441
40.37,39.43035657910036,-120.33712947088918
40.36,39.4239389567158,-120.33924796807565
40.35,39.42526566439545,-120.33643241816151
40.32,39.42559757403303,-120.3288877662001
40.31,39.42608045726543,-120.33220461773777
40.31,39.42536106286526,-120.3312785591899
40.27,39.42526039517116,-120.33807872147833
40.27,39.42360966514634,-120.33775319628666
40.27,39.422476492297065,-120.33918107960851
40.26,39.426078762603815,-120.33420358763017
40.25,39.425634710333185,-120.3324512117349
40.25,39.42424453534579,-120.32970698268072
40.24,39.42834741619414,-120.33670487354146
40.24,39.428144733548855,-120.32864883739637
40.24,39.42443735135656,-120.33508106480025
40.24,39.42312717105848,-120.33003767916432
40.23,39.425842438235485,-120.33451008947044
40.22,39.42572554047927,-120.33014360560527
40.21,39.43032250239207,-120.33424547409197
40.19,39.42430374178942,-120.32987276106651
40.18,39.42216759749723,-120.33911116362457
40.17,39.428067300823784,-120.33681452924694
40.17,39.42305324076326,-120.33059391345459
40.16,39.42369225937971,-120.32923834132859
40.15,39.4308038016759,-120.33747724579145
40.15,39.42848273225114,-120.33195232449452
40.15,39.42284538523248,-120.32983171196955
40.12,39.424235859257905,-120.33382416818402
40.11,39.4303613154125,-120.3373371293896
40.11,39.42394092792612,-120.33363789575822
40.09,39.42985100034232,-120.33702824775779
40.09,39.42470898927597,-120.33802232468409
40.08,39.42934746498958,-120.33668534565199
40.08,39.42475214854544,-120.33803717269586
40.08,39.4246456606158,-120.33732190688369
40.07,39.42582909017955,-120.33198485806132
40.05,39.43035825322744,-120.33411234131346
40.05,39.43058631957218,-120.33093072130218
40.04,39.424660422657475,-120.33095276198148
40.04,39.422932164166795,-120.33546005097733
40.04,39.422308363938576,-120.33192517695771
40.03,39.43028125348606,-120.33014712361305
40.02,39.42465580218376,-120.32995748283352
39.96,39.42936780614761,-120.33658327111574
39.95,39.43078972855143,-120.33555753851593
39.95,39.424648931068475,-120.33693524339651
39.95,39.424132755617855,-120.33910863095132
39.95,39.42467423647665,-120.3339386001867
39.94,39.42663502289099,-120.33317095045788
39.94,39.42561604243821,-120.33286893511622
39.94,39.4233297823154,-120.33860213167762
39.91,39.430786438129545,-120.33261141183459
39.91,39.42968220343275,-120.33574613516919
39.91,39.42542478654893,-120.3314216590998
39.91,39.42353448268066,-120.33461296129337
39.88,39.43091515105104,-120.33659447794841
39.87,39.4277473822721,-120.33855866561355
39.87,39.42520141408469,-120.33814325976883
39.87,39.42375376440292,-120.33453085229756
39.86,39.42836898308844,-120.33645779414454
39.86,39.427894493658904,-120.33754281019043
39.85,39.42842820513004,-120.33713259468796
39.85,39.42563542140004,-120.3336511801103
39.84,39.42785936320624,-120.33785793570753
39.82,39.4239798554654,-120.33927415735049
39.82,39.42310051390258,-120.33294893654244
39.8,39.4280637893767,-120.3364618717013
39.79,39.427271676341306,-120.32849401430539
39.78,39.430860931227116,-120.33737570669861
39.75,39.42996467982511,-120.33766120310192
39.74,39.42658373551678,-120.33180814899471
39.74,39.42482240949629,-120.3374069486036
39.72,39.424735038342405,-120.33108748792996
39.71,39.4253293821704,-120.33657552242296
39.7,39.42720554775185,-120.33327024331449
39.7,39.424846903853286,-120.33834849590491
39.7,39.4247782166108,-120.3372584427612
39.69,39.42796145798351,-120.3367902355577
39.69,39.426273418207295,-120.33882715594429
39.69,39.425977210339575,-120.32929704485075
39.67,39.42623921331586,-120.33339836227996
39.66,39.42727798609371,-120.32980498948803
39.66,39.423094548894525,-120.33288629494335
39.65,39.42422430230252,-120.33082700710517
39.63,39.43071582455809,-120.33713187264846
39.61,39.42840026521627,-120.33736536296882
39.61,39.422740629434635,-120.33558805495421
39.6,39.42946901021812,-120.33459419022746
39.6,39.42478055213468,-120.33928302792465
39.6,39.42602608695935,-120.3309498364676
39.6,39.42447136697584,-120.33361433658783
39.59,39.429143464153206,-120.3385421100816
39.59,39.423847811325615,-120.32901312094005
39.57,39.42860250095038,-120.33750765386316
39.57,39.42746825991163,-120.33778397556351
39.57,39.42204908290413,-120.33290236984887
39.56,39.430478844067025,-120.33674735740192
39.56,39.428878578786005,-120.33940838869528
39.56,39.42620436349488,-120.33880339788006
39.55,39.43046270355675,-120.3299307912716
39.53,39.42418187745278,-120.33483564920017
39.51,39.425560458715275,-120.33175916213466
39.51,39.422082205273036,-120.33333788599708
39.5,39.42983773633229,-120.3350118930272
39.49,39.42527061868597,-120.33687038780248
39.49,39.424850462926265,-120.33254502075916
39.48,39.42259817126852,-120.33963495778376
39.46,39.427290262393186,-120.33733493473662
39.46,39.424831450271355,-120.33736158507843
39.45,39.429557681475444,-120.33613958780253
39.45,39.42402607804282,-120.33867202404427
39.44,39.42898519672067,-120.33165251256004
39.43,39.42895385591156,-120.3358833834707
39.43,39.423073119294145,-120.33003120851662
39.42,39.42645684253938,-120.32888030928976
39.41,39.42455420423103,-120.33380036690673
39.4,39.423188001396646,-120.33001012726066
39.39,39.42601958192537,-120.33172317867079
39.39,39.42368122551971,-120.33466343686955
39.38,39.43061947195517,-120.33419008072026
39.35,39.42568894394651,-120.33217902364088
39.34,39.42987902440626,-120.32985123526898
39.33,39.43057071741917,-120.33688803957666
39.33,39.425841063966864,-120.33261913482808
39.32,39.430135057106725,-120.33773194041231
39.32,39.4301810793473,-120.33740843295215
39.31,39.42873034305335,-120.33774554207606
39.3,39.42503919128533,-120.33094972930051
39.3,39.42459864568451,-120.33186461633912
39.28,39.42915554346393,-120.33737070598544
39.27,39.42922038046484,-120.33533275978465
39.27,39.42522853716609,-120.33800716872224
39.24,39.42929466414111,-120.33704287462437
39.23,39.42609043290497,-120.33358955709302
39.22,39.42516564609825,-120.33161125291677
39.21,39.430326206812396,-120.3343194639029
39.21,39.42482679086873,-120.33918986979478
39.2,39.422943232134834,-120.33952342820547
39.19,39.42410620143447,-120.33789977876542
39.18,39.42490151572023,-120.33701001737367
39.17,39.42588169578886,-120.33190600405122
39.16,39.42802190494892,-120.33732002700424
39.16,39.42803061322463,-120.33218461764902
39.16,39.42436909112756,-120.32982252648593
39.15,39.43040307892003,-120.33444286203118
39.15,39.43019841064792,-120.32996108274806
39.15,39.42541742053925,-120.3317826757988
39.15,39.42222533420512,-120.33868265921915
39.14,39.429526066015754,-120.33680738590549
39.11,39.430625313721706,-120.3355494540181
39.11,39.42358037869535,-120.33044801726885
39.1,39.4258265582906,-120.33125688284191
39.1,39.42448116872169,-120.33578688085103
39.09,39.4230987316472,-120.3293008257212
39.08,39.428122795055714,-120.33690633451506
39.08,39.427524805141154,-120.33851844491134
39.07,39.4294610067812,-120.33477322381361
39.07,39.42479814938321,-120.3372047078707
39.07,39.42474039525549,-120.33712424746952
39.06,39.42574074019181,-120.33502043961761
39.06,39.42598862183537,-120.33257294025421
39.04,39.426662064444486,-120.33484050362185
39.04,39.42428368592308,-120.3307141309921
39.03,39.4249946775579,-120.3385326385819
39.03,39.42573779864035,-120.33151719667349
39.03,39.42208572553716,-120.33369051422873
39.01,39.429461566220574,-120.33393719788866
39.01,39.424936860727385,-120.33692522907012
39.0,39.43052299976428,-120.33305404179512
39.0,39.4260091128341,-120.33450682991493
39.0,39.42596840277967,-120.32957273810345
39.0,39.424792416299866,-120.33403984185459
38.99,39.42427375278821,-120.33497631669964
38.98,39.425371187323954,-120.33187583942421
38.97,39.42946068815777,-120.33634860331176
38.97,39.42927728839523,-120.3350008826644
38.97,39.423843929065214,-120.32921779170788
38.96,39.42256140007399,-120.33528404353943
38.95,39.43063476200647,-120.33545574967489
38.95,39.42920810277046,-120.33627382693108
38.94,39.42373296519781,-120.3375047757558
38.94,39.424833110452504,-120.33152111909898
38.91,39.42518024375582,-120.33167686506665
38.91,39.42325772716673,-120.3358628740175
38.9,39.42937436909616,-120.33631890738789
38.9,39.42640104493074,-120.3388347094207
38.9,39.42395454951245,-120.33842928595428
38.9,39.42208943027734,-120.33376449558607
38.89,39.4279768442853,-120.33625017696171
38.88,39.42549343490775,-120.33764991521852
38.88,39.42516744477189,-120.33678642073424
38.86,39.42822517403501,-120.3375959815904
38.85,39.4296837724371,-120.3345347579028
38.85,39.430064181094735,-120.32970889269497
38.84,39.427791513212654,-120.33718017025022
38.83,39.43040634046231,-120.3340561676346
38.83,39.42621131804667,-120.32951085834193
38.83,39.42278414893806,-120.32990759562462
38.82,39.42304600492339,-120.33016729849824
38.82,39.42320590964102,-120.32839248912084
38.81,39.430253543342495,-120.3357487791433
38.81,39.42935503574674,-120.33604563494256
38.81,39.424549950183504,-120.33891284767104
38.81,39.425961500084526,-120.33039441366597
38.81,39.42466171518077,-120.32951114487281
38.81,39.42246378092797,-120.33531105460504
38.8,39.42490966105887,-120.33039621541278
38.78,39.42610877058105,-120.33423814680283
38.78,39.42537093698275,-120.32933091111299
38.76,39.4305814611141,-120.33433455582043
38.76,39.42942743637645,-120.33720974495117
38.74,39.42947737634505,-120.33719056860033
38.74,39.42401884984972,-120.33773642639277
38.74,39.425213505502946,-120.33132475600354
38.73,39.42939050701831,-120.33466413801408
38.72,39.42369716382793,-120.33097290182778
38.71,39.42479175615716,-120.33103428537689
38.7,39.42986109730984,-120.33762556587362
38.7,39.42487647589359,-120.33408087417024
38.69,39.42655759612962,-120.33388355248286
38.68,39.42578719457283,-120.33233400085116
38.68,39.42311964701099,-120.32887177507745
38.67,39.42978175251135,-120.33728316677202
38.67,39.42967868595694,-120.33025497370527
38.67,39.42467749558209,-120.33688447797617
38.65,39.425476985219944,-120.33139113864377
38.65,39.42358110028852,-120.33780396061452
38.64,39.43002695415318,-120.33771898637258
38.63,39.425821056324686,-120.33832008263653
38.63,39.42624050970157,-120.3342713437796
38.63,39.42362491404055,-120.33466830349374
38.62,39.42844508227223,-120.337695876755
38.62,39.427127279642974,-120.33125586364507
38.61,39.42541081867189,-120.33769420432613
38.61,39.42611903313501,-120.33404778026713
38.61,39.42403782518691,-120.33009638045314
38.59,39.43019962866178,-120.32981607268812
38.59,39.42676874770718,-120.33013883141997
38.59,39.42297717743919,-120.3303738682403
38.58,39.42964798662159,-120.33415887346881
38.58,39.42510998085033,-120.33462169169573
38.57,39.429349825792436,-120.33921907236343
38.56,39.426122214093,-120.33264312685621
38.56,39.42635319118671,-120.3301413348561
38.56,39.42480567474662,-120.33272350827488
38.55,39.42958997540197,-120.33667182312932
38.55,39.424202379109886,-120.3377874460795
38.54,39.430512986728516,-120.33731659485733
38.54,39.4298325544531,-120.33434355553524
38.53,39.43087520097633,-120.33517488392576
38.53,39.42614537174988,-120.33451734498153
38.51,39.42968326611482,-120.33638881841317
38.51,39.426344118099024,-120.33199234107485
38.5,39.430145576773285,-120.32980960157334
38.49,39.42971293013952,-120.3341569753871
38.49,39.42341799473678,-120.33019828442987
38.48,39.430525244710786,-120.33586648897287
38.48,39.42465147697967,-120.33201608739829
38.47,39.426134011267834,-120.33124144217159
38.45,39.43028218598365,-120.3372250699985
38.45,39.42969061645861,-120.33551876482828
38.45,39.424139650080164,-120.33676004599475
38.43,39.430484155062224,-120.33611897850051
38.43,39.42395107532027,-120.33474414026841
38.41,39.42412097647608,-120.33384524368775
38.4,39.42976142501106,-120.33405246586861
38.4,39.42559393896966,-120.33779355845253
38.4,39.424383385132515,-120.33095442777608
38.39,39.42529328572114,-120.33828393345225
38.39,39.42291525352788,-120.32975879672647
38.38,39.430309128975395,-120.33403484655058
38.38,39.424223559699946,-120.33809769140566
38.38,39.422607284404265,-120.32880464219733
38.37,39.42828127020761,-120.3373607815443
38.37,39.42621160056962,-120.33025017869419
38.37,39.42520916566952,-120.33106877933088
38.35,39.42948093851153,-120.3347194847592
38.34,39.42372346630269,-120.33093347563114
38.33,39.42481001161453,-120.3306648993638
38.32,39.42440552271063,-120.33551849304916
38.31,39.428401275647296,-120.3369900208663
38.31,39.4251635184113,-120.33083495107155
38.3,39.42608187260671,-120.33460456929693
38.28,39.42991404028333,-120.33597132221026
38.28,39.42989957116239,-120.33460899283979
38.27,39.425572515040635,-120.3334114106704
38.27,39.42440877380947,-120.32999370903954
38.27,39.422408504372456,-120.33031159478676
38.26,39.429678908092576,-120.33562380963751
38.26,39.42997537176645,-120.33408970472333
38.26,39.428715991724005,-120.33457753460249
38.25,39.430695715016256,-120.3341314731341
38.25,39.42800557397778,-120.33258804431794
38.24,39.430761460098445,-120.33736572283172
38.24,39.424358002264526,-120.33908917809967
38.23,39.422462058227765,-120.33781888967256
38.22,39.4231010294744,-120.33826895233152
38.22,39.42367487338524,-120.33002003106274
38.19,39.43010959246814,-120.33434190259662
38.19,39.42229612437684,-120.32874611115304
38.18,39.42945083065535,-120.336490642167
38.18,39.42591563554039,-120.33224487519894
38.18,39.424091115429256,-120.3307084930988
38.18,39.42210899020434,-120.33426805569991
38.17,39.425933685293984,-120.33446876568816
38.16,39.43048113872715,-120.33391222824952
38.16,39.430618181682775,-120.33100227624149
38.16,39.425897147235084,-120.32826368995305
38.13,39.43011625798799,-120.33278082000659
38.13,39.4281341928964,-120.3393946529904
38.13,39.42597963407737,-120.33645989662504
38.13,39.42437876992607,-120.33944775721808
38.13,39.424962265650656,-120.33031736124961
38.12,39.425462629905255,-120.33822100819042
38.12,39.423640168129346,-120.33028680954827
38.11,39.42361750558406,-120.33452033755319
38.11,39.4223123334739,-120.33042393462651
38.1,39.42581371433605,-120.33021028515475
38.1,39.42489823367735,-120.3312405610399
38.1,39.42401335088779,-120.33480191622374
38.09,39.428172973805204,-120.33762649872807
38.09,39.42377285225493,-120.33790628205354
38.09,39.424302655004865,-120.33385926175771
38.08,39.427748546242974,-120.33688665342386
38.08,39.42470327533566,-120.33920796720633
38.07,39.428096104894415,-120.33750310102096
38.06,39.429353644730014,-120.33697833178412
38.06,39.42577168037288,-120.33366169351068
38.05,39.428208897240275,-120.33670569546685
38.05,39.423182617154765,-120.32962050270042
38.03,39.430835251057665,-120.33759714089841
38.03,39.429217039581125,-120.33854318579631
38.03,39.42851829949129,-120.33209786565051
38.02,39.4294097397578,-120.33674312758937
38.02,39.42621131706972,-120.33414011653558
38.02,39.42207023515021,-120.33270364207114
38.01,39.428579876325784,-120.33711206027563
38.0,39.430821588012535,-120.33562909569466
38.0,39.429958329386544,-120.33431410675169
38.0,39.42704959145133,-120.33122914364252
38.0,39.42524708836498,-120.33504452493864
37.99,39.426140824635866,-120.33787263633829
37.97,39.42902118543294,-120.33457344905787
37.97,39.424594066773686,-120.33369289552314
37.96,39.42530499630987,-120.3381788954427
37.96,39.42569907355628,-120.32865606927007
37.96,39.42497582294394,-120.33024931449702
37.96,39.42351028144489,-120.33029061233908
37.95,39.43093801556843,-120.33772945283974
37.95,39.425798581858814,-120.33098065634847
37.94,39.422718393556224,-120.33000616071504
37.93,39.4309811749521,-120.33774430195554
37.93,39.42486535303135,-120.33719147175795
37.92,39.4292229832779,-120.33809682039177
37.91,39.42861440386743,-120.33712393888483
37.91,39.42370278430559,-120.33825784340438
37.88,39.43090382395571,-120.33614216264137
37.87,39.429844168215894,-120.33604423850753
37.86,39.42326343023504,-120.33004818539321
37.85,39.42932675184087,-120.33401201389998
37.85,39.427575412069004,-120.33021024645595
37.84,39.42922427275536,-120.33512807413145
37.84,39.42330737512986,-120.33843688613919
37.84,39.42335983668917,-120.33530421048792
37.83,39.43079168266607,-120.33763062893973
37.83,39.4280021875809,-120.33760409876025
37.82,39.42455887016647,-120.33067547241421
37.82,39.42384723067542,-120.32934010707972
37.81,39.42431752775996,-120.33952363434058
37.79,39.42889848602906,-120.3344948838203
37.78,39.43057319396123,-120.33710704046743
37.78,39.42565771686554,-120.3351130655027
37.77,39.426248170769625,-120.33233501369313
37.76,39.42641163733283,-120.33656003670808
37.76,39.42565164778195,-120.33352345859292
37.76,39.424482612166656,-120.33587220564065
37.75,39.42786133464055,-120.3360892507402
37.74,39.4243716806246,-120.33105946561665
37.73,39.4231308779643,-120.33011166139966
37.72,39.43080358596873,-120.33724690236735
37.71,39.42959569439353,-120.33599511569602
37.71,39.424708536708295,-120.33705269564824
37.71,39.42355109332061,-120.33776940117026
37.69,39.42579798096503,-120.33695486036746
37.69,39.42585659187716,-120.3294858120055
37.67,39.43003864850595,-120.333772134283
37.67,39.42577033752771,-120.33227972920714
37.66,39.42696532885471,-120.33711407932581
37.66,39.423282952744906,-120.33953124273751
37.65,39.429746606436396,-120.33375650903608
37.65,39.4247297406028,-120.33787192408303
37.65,39.423905279793686,-120.33529794300968
37.64,39.428387930722096,-120.33728840530772
37.64,39.42351831744995,-120.33575862408311
37.64,39.422251655000736,-120.334801843092
37.62,39.42615645013669,-120.33423031046881
37.61,39.42582520748388,-120.33501313987615
37.6,39.42578656779451,-120.33497561123586
37.58,39.42461545716125,-120.33140990666118
37.58,39.42331086799708,-120.33443909963441
37.57,39.42573078042455,-120.33363550676061
37.56,39.43051703479591,-120.33299139375882
37.56,39.42763066429766,-120.33905174254966
37.56,39.42592275810806,-120.33396814805934
37.55,39.42822942959487,-120.33632495198687
37.55,39.426144335131944,-120.334383684306
37.55,39.424214765351,-120.33939133196046
37.53,39.42368244899215,-120.33451843995424
37.53,39.424698272483994,-120.32928135414635
37.52,39.42600600251741,-120.33410584865572
37.51,39.425152399376174,-120.3329275932513
37.51,39.424129212835986,-120.33773803862209
37.51,39.42507922970842,-120.33056359719097
37.51,39.42342558553618,-120.3300675974544
37.51,39.42300551036719,-120.33009278283255
37.49,39.425354048698985,-120.33339685826718
37.48,39.43045000694136,-120.33554974183741
37.48,39.42640576169711,-120.33853336372945
37.48,39.424604820473,-120.338822659293
37.48,39.424600382046535,-120.33602178311058
37.48,39.424130460416684,-120.33810201779677
37.47,39.429481872355886,-120.33665887077171
37.47,39.42770002396208,-120.33648215607919
37.45,39.42334087588469,-120.33447365758235
37.44,39.43073504957393,-120.33536905687056
37.44,39.43043790146353,-120.33287933888103
37.44,39.426101466035995,-120.33047890627115
37.44,39.424274727166974,-120.33793351900277
37.44,39.424369825267505,-120.33666957141553
37.43,39.428240392595995,-120.33784359765126
37.42,39.4259900089336,-120.33881448084823
37.42,39.42407907847898,-120.33803586774067
37.41,39.42532567909236,-120.33650153760786
37.41,39.42488425602481,-120.33367152729177
37.41,39.42272122828787,-120.33813829220128
37.4,39.42948837839309,-120.33537647735444
37.4,39.42902795009952,-120.33171569354273
37.39,39.42970466693208,-120.33692942676167
37.39,39.42383875085124,-120.33317861636395
37.38,39.430310943123025,-120.33689562216404
37.38,39.42334604556526,-120.33949235817555
37.38,39.42393980101691,-120.33017173157377
37.37,39.424186295541496,-120.33661855444707
37.37,39.42498739914619,-120.33093191669253
37.36,39.43034302725757,-120.3338647187873
37.36,39.42199869505771,-120.33246091644676
37.35,39.42972178349976,-120.33439028470099
37.35,39.424140314611364,-120.33411849577081
37.34,39.42932867201955,-120.33506703531862
37.34,39.42704962475193,-120.33789444539268
37.34,39.425778925261056,-120.33177370963298
37.33,39.42519663461359,-120.33691764715242
37.32,39.42961534546626,-120.33469300617689
37.31,39.42594542637721,-120.3348727158372
37.31,39.425054288742864,-120.33198497482681
37.3,39.429550464570625,-120.33571293392656
37.3,39.42291217892447,-120.33884624521447
37.28,39.42921227645449,-120.33398475458486
37.28,39.427654845622875,-120.33721798487332
37.28,39.42575200152502,-120.33829632520498
37.27,39.42898664299281,-120.33173784258042
37.27,39.427198673592216,-120.32997160971692
37.26,39.42571588035315,-120.33514519165753
37.26,39.42586251969065,-120.33366870246628
37.26,39.4250065632658,-120.33763995981039
37.26,39.425083269339396,-120.33470945054808
37.25,39.43027366465642,-120.335416361334
37.25,39.42480475796022,-120.33795832426168
37.25,39.423799089628886,-120.32888730420005
37.24,39.42978324376037,-120.33454473772757
37.24,39.42594931790979,-120.3346680394268
37.24,39.42483676941819,-120.331086121252
37.24,39.42394603947612,-120.33328822748886
37.24,39.42255722182683,-120.33424046144142
37.23,39.429648429003784,-120.33461955293922
37.23,39.42774190910771,-120.33048564560814
37.23,39.42359160281656,-120.33835289483972
37.22,39.43103812979422,-120.33843046974678
37.22,39.423947898808706,-120.33101066243931
37.21,39.429876270887256,-120.33352237168197
37.21,39.42438567076784,-120.3370991643059
37.21,39.42444067750235,-120.33571236056095
37.21,39.42491626185262,-120.33064084987952
37.2,39.42933174797737,-120.33495902150277
37.19,39.430778213179586,-120.3325601055722
37.19,39.426688133076674,-120.3317471076184
37.19,39.426001296437164,-120.33440719296989
37.18,39.42700353487464,-120.33669094707716
37.18,39.42482844395345,-120.3395055194615
37.18,39.42444650855139,-120.33373908692174
37.16,39.42899211417207,-120.33647826123246
37.16,39.42512846207452,-120.33832417662246
37.15,39.42973137976361,-120.33350888867888
37.15,39.426087208093286,-120.3344852191408
37.15,39.42493212809833,-120.33107044469376
37.15,39.42269968201999,-120.32991490102106
37.14,39.42476465549848,-120.33732648801399
37.13,39.428372711059474,-120.3370407888586
37.13,39.42574289450877,-120.33348213367499
37.13,39.423862711405306,-120.3393065647941
37.12,39.42599588872441,-120.33350856286737
37.11,39.42597954194502,-120.33928350824947
37.07,39.43032479653397,-120.33474315277573
37.07,39.43018260510742,-120.33235523260541
37.06,39.43084698203681,-120.33800111893072
37.06,39.42993650972691,-120.33382183377061
37.05,39.427440706850554,-120.3374594054761
37.05,39.42591956790166,-120.32842893825553
37.05,39.42274655107167,-120.339492116289
37.05,39.422197222652144,-120.33021469897358
37.04,39.4290770757723,-120.33179318535778
37.03,39.42826049652857,-120.33700218367815
37.03,39.42613645111794,-120.33659867388829
37.02,39.43042688350363,-120.33751723956993
37.02,39.42920499812545,-120.33587282786101
37.02,39.4278171093681,-120.33029337274081
37.02,39.42700615452888,-120.33047497074112
37.02,39.42359162452699,-120.32988233960633
37.0,39.42359438869318,-120.33315515808744
36.99,39.427976370298985,-120.33014212897035
36.99,39.42618702290034,-120.33111425329001
36.98,39.42856928166867,-120.33503606385774
36.98,39.42769759616877,-120.33728116798352
36.98,39.42450809954713,-120.3359294464979
36.97,39.42635672048336,-120.33049398375394
36.96,39.423565551604426,-120.33015208646502
36.96,39.422171741649166,-120.33247196179406
36.95,39.42615890651495,-120.33778190773926
36.95,39.42699121974087,-120.32916103178978
36.95,39.424890915125644,-120.33928464253071
36.94,39.42915854331185,-120.3357356555699
36.93,39.43052574327727,-120.33401240687535
36.93,39.42504670204223,-120.33493923975384
36.93,39.424277815386155,-120.33166944449152
36.93,39.42211994977081,-120.33245414880231
36.91,39.42760550700936,-120.33691015765928
36.91,39.4240597030002,-120.33674466196558
36.9,39.42520630039702,-120.33705427561809
36.89,39.42639979948501,-120.33847071880744
36.88,39.4244778734265,-120.3356645641132
36.88,39.42396889106462,-120.32928500150429
36.87,39.43023750422629,-120.33559782999271
36.85,39.42766480431804,-120.33013192281939
36.84,39.4284628017176,-120.33200606356979
36.83,39.43005930852694,-120.3302889318263
36.83,39.42615483278002,-120.33877423831593
36.83,39.42267109299686,-120.33843611524526
36.82,39.426048976001894,-120.33439935675894
36.82,39.42582887861669,-120.33457813623966
36.82,39.42594993818095,-120.33202642309577
36.82,39.42417895453967,-120.33415602309911
36.81,39.42963235317613,-120.33395958964985
36.81,39.428305783201765,-120.32983126654052
36.81,39.42651591647178,-120.33446302744922
36.81,39.42542143870782,-120.33079035494809
36.81,39.42438667698001,-120.3333913148483
36.81,39.42265409429418,-120.32838449942022
36.8,39.426104002461,-120.33120688423011
36.8,39.424805587745816,-120.33170554490593
36.8,39.42280142175049,-120.33940193059887
36.79,39.428813575875644,-120.33404151032202
36.77,39.42933023443554,-120.33385566395867
36.76,39.430534284941324,-120.3358211216783
36.76,39.429766574127,-120.33421178608565
36.76,39.42884932647765,-120.33390838022015
36.76,39.422130492758846,-120.3288830369909
36.75,39.43010102153137,-120.33021844501361
36.75,39.42830964153954,-120.33758868460598
36.75,39.427665852461985,-120.33258026188679
36.75,39.42503674044278,-120.33688687833008
36.75,39.422842697408946,-120.33836185208146
36.74,39.42896606175109,-120.33392429763953
36.74,39.426574895678826,-120.33439848498487
36.74,39.42536335377658,-120.33793236439621
36.74,39.42452163022569,-120.33535242153665
36.74,39.42405885997021,-120.33633235062345
36.73,39.42946907366776,-120.3356122192336
36.73,39.422639889456875,-120.33956448363148
36.72,39.43007854764028,-120.33417367352635
36.72,39.43002101299409,-120.33432355059294
36.72,39.42396660102225,-120.3334164812586
36.72,39.4222121657193,-120.33435201562578
36.71,39.42943988241731,-120.33548098559068
36.71,39.4295444031165,-120.33412324141236
36.71,39.42817150873357,-120.3370321641774
36.71,39.42545068457623,-120.33758673381575
36.7,39.43048612770157,-120.33203546339975
36.7,39.42979573085302,-120.33383400300724
36.7,39.425774451875576,-120.33512898416394
36.68,39.429591553386736,-120.33546044742769
36.68,39.427987978950284,-120.33698114360737
36.68,39.42462185241382,-120.33808929454165
36.67,39.429692764608895,-120.33731314755615
36.66,39.42475567975047,-120.32991912262128
36.64,39.427373046286164,-120.33650297705931
36.64,39.42418545209502,-120.3362062423848
36.64,39.424635339378774,-120.33084718979434
36.63,39.425825395120874,-120.33473447857772
36.63,39.4254659625039,-120.33501074880222
36.62,39.42930440808414,-120.3348647827704
36.62,39.428606001248745,-120.33401858306856
36.62,39.42492971218061,-120.33418401428897
36.61,39.42432471288417,-120.32995268173903
36.6,39.4281413088235,-120.33727627307567
36.6,39.42782846796296,-120.33639303543625
36.6,39.42554961378313,-120.33510011617885
36.6,39.42561196992491,-120.33335227116149
36.6,39.4247806694153,-120.33696844461551
36.6,39.42461751742639,-120.33399180037597
36.6,39.422669825731276,-120.33756317674965
36.59,39.42414756148253,-120.33940456591027
36.57,39.42928559879957,-120.33657922777586
36.57,39.42938984305452,-120.33397312127433
36.57,39.42632434653396,-120.32945278260804
36.57,39.42527735942659,-120.3329948106726
36.56,39.43032286911005,-120.33702091853382
36.56,39.42911336935232,-120.3364714996685
36.56,39.429307891746646,-120.33470843291846
36.56,39.42669390146148,-120.32977377234859
36.56,39.42377152942152,-120.33601538145062
36.56,39.42274596585611,-120.3354687103836
36.56,39.422342392387584,-120.3366143940797
36.55,39.429898277135905,-120.33373596716979
36.55,39.42422848937782,-120.33802667722475
36.55,39.4243111684122,-120.33515884272512
36.55,39.42450982183868,-120.33393052005228
36.54,39.427107717564475,-120.33639958074255
36.54,39.42645215251457,-120.33714355277623
36.53,39.42986859139679,-120.33545879877265
36.52,39.43069920729317,-120.33781696243983
36.52,39.429654871755965,-120.33051340127872
36.52,39.42371549033669,-120.3293069201825
36.51,39.42827285383114,-120.33758814724057
36.51,39.42607597614481,-120.33042166607365
36.51,39.423705258440265,-120.33847682354832
36.51,39.42460557925485,-120.32923735896115
36.5,39.43092481720438,-120.33673111717346
36.5,39.428139982790974,-120.32844118582962
36.49,39.426641267085344,-120.33165827704974
36.49,39.42553519535065,-120.3319322485432
36.49,39.42466717718301,-120.33605687889049
36.47,39.42736321301643,-120.337154011478
36.46,39.428940972960085,-120.33715145615983
36.46,39.42618357483143,-120.33793581851288
36.46,39.423785358343444,-120.32923400355543
36.45,39.4261858713737,-120.33894246023478
36.45,39.425261837050215,-120.33816404723285
36.45,39.42592219846215,-120.33480413308156
36.45,39.42227139490497,-120.33220329013218
36.43,39.42496069022969,-120.33101967675869
36.42,39.42639631111461,-120.33862706219196
36.42,39.422332125931895,-120.33680475031208
36.4,39.43036569630545,-120.33476934181546
36.4,39.430066618797085,-120.33404837804935
36.4,39.42391859796193,-120.33884105875588
36.4,39.423283656286316,-120.32892817562924
36.39,39.42915191538499,-120.33933276630435
36.39,39.429751636827966,-120.33521253861021
36.39,39.42572216099683,-120.33131792419867
36.39,39.42354659795775,-120.33445959302841
36.38,39.425103188495584,-120.33183213731306
36.37,39.43030351123267,-120.33623862194074
36.37,39.42735087070777,-120.32911505907273
36.37,39.4260675722758,-120.33296365014141
36.37,39.42481975677934,-120.33413407439669
36.37,39.42370447075289,-120.33959143602235
36.37,39.42495449651589,-120.33072670893013
36.37,39.42467859337831,-120.33187999508912
36.36,39.424284722651,-120.33316235562314
36.35,39.429124524855055,-120.33771148991353
36.35,39.425616001152854,-120.33518354516265
36.35,39.424649605978196,-120.32966451633084
36.34,39.426841980283974,-120.33634451959149
36.34,39.42431852840518,-120.33863933519422
36.34,39.42438289181199,-120.33512292303745
36.33,39.42766873986833,-120.3304362431193
36.33,39.4271858971218,-120.33174865111936
36.31,39.42371785644471,-120.33031352727929
36.3,39.427263500269376,-120.33640469726687
36.3,39.42291571997388,-120.3325339569311
36.29,39.42683240600624,-120.33824387192557
36.29,39.42718285691266,-120.33005100009296
36.28,39.42940669938153,-120.33402739602892
36.28,39.42439454021665,-120.33784143559089
36.26,39.42777530477999,-120.33781689731013
36.26,39.42200696127667,-120.33302117846276
36.25,39.42938746335239,-120.33528116585904
36.25,39.425422697041995,-120.33346894436544
36.25,39.423895285496215,-120.33340406997743
36.24,39.4262821838607,-120.33702448642485
36.24,39.42475169609309,-120.33706754308139
36.24,39.423546078840225,-120.33066646296432
36.23,39.42993032257898,-120.33352884554728
36.23,39.42524341560797,-120.33547952505259
36.23,39.424671986906226,-120.33779146322523
36.22,39.42436584760345,-120.33534730747256
36.21,39.430323494079445,-120.33720292369794
36.21,39.4275067996018,-120.33578550379663
36.21,39.42372111290305,-120.3394153869435
36.2,39.43045164289813,-120.332532608329
36.18,39.42716770511629,-120.33595970361368
36.18,39.42392999741524,-120.33313729204676
36.17,39.42615730010867,-120.33464263374329
36.16,39.427303173960695,-120.33657589028141
36.16,39.42472250641277,-120.33693631740994
36.16,39.424404483807834,-120.33024671415468
36.15,39.42407953800867,-120.33002589939717
36.14,39.42206309485344,-120.33662737860935
36.13,39.4273043996554,-120.3364308861377
36.12,39.42591460269941,-120.33493482407064
36.12,39.42389607029493,-120.32867829504633
36.12,39.42350924030313,-120.33015695659347
36.11,39.42730941166361,-120.33173054034863
36.1,39.424695763548726,-120.33086797100087
36.08,39.42978079658162,-120.33483475601324
36.08,39.429284221411095,-120.33417916987364
36.07,39.42948107901936,-120.33726455769751
36.06,39.43013122003346,-120.3322890810967
36.06,39.42653888740641,-120.33379228694194
36.06,39.42643707462252,-120.33046102719365
36.06,39.42496611585353,-120.33191829381404
36.06,39.42396424979879,-120.3300953134073
36.05,39.42833222054209,-120.3369662638571
36.05,39.42488845694146,-120.33957464103977
36.05,39.425000728868106,-120.33063354510695
36.04,39.42938783920115,-120.33472381581319
36.04,39.42649547881523,-120.33637074316918
36.03,39.42727587707895,-120.33134332818761
36.03,39.42578900345228,-120.33186200478275
36.02,39.429050184089974,-120.33933412146476
36.01,39.42616589741911,-120.33413661174266
36.01,39.42480787331782,-120.33886828072987
36.01,39.42493840013559,-120.33006678933415
36.01,39.422556940223856,-120.32887215410234
35.99,39.42920216559053,-120.33672019239356
35.99,39.4247293102206,-120.33741127591959
35.99,39.422906608357046,-120.33822630320411
35.98,39.42993054514478,-120.33375918617901
35.98,39.42917706055374,-120.3361055991284
35.97,39.424071954317945,-120.33529468535687
35.97,39.42319031490058,-120.3328222891495
35.96,39.42879327139798,-120.33465259453777
35.96,39.42588170951074,-120.33908018743826
35.95,39.42638754195615,-120.33043187324851
35.94,39.42617590751841,-120.33653953565694
35.94,39.42759581401769,-120.32881150183312
35.94,39.425249868562226,-120.33702078981548
35.94,39.4232543560832,-120.33856406459039
35.94,39.423946669885076,-120.33347021657524
35.94,39.423327612122556,-120.33296645607963
35.93,39.43088798650761,-120.33288872799565
35.93,39.42998324450838,-120.33006886561783
35.93,39.42618107763832,-120.3372078395187
35.93,39.427314597188,-120.33008418993636
35.93,39.42522660855793,-120.3307960579133
35.93,39.42481643278114,-120.33118819093986
35.93,39.42249781279029,-120.33768577312748
35.92,39.428842966421534,-120.33773581292466
35.92,39.42501542224459,-120.33171712322941
35.91,39.43045643437948,-120.33658209610465
35.91,39.429012986710966,-120.33938191904684
35.91,39.4271165402011,-120.33612388397923
35.91,39.42459090471808,-120.33560649938711
35.91,39.42324872238247,-120.32896463385521
35.89,39.42923830073028,-120.3360297140138
35.89,39.42686498968935,-120.33618277283584
35.89,39.42649515576255,-120.33178980098855
35.89,39.42574132405044,-120.3318698426381
35.88,39.43031698031568,-120.33464350985992
35.88,39.4291781561843,-120.33392454139462
35.88,39.424672024288796,-120.33880942471885
35.88,39.42599413730446,-120.33217492814701
35.88,39.42482260247573,-120.33712829117475
35.88,39.423580645557735,-120.3335018556511
35.87,39.424098407442756,-120.33830912078551
35.87,39.424294932962674,-120.33014844787077
35.86,39.42700771260539,-120.33824359065042
35.86,39.42829042466155,-120.33037132895694
35.86,39.42586877510959,-120.33497965255758
35.86,39.42461584621752,-120.33700869049808
35.85,39.4279980967347,-120.33808745048353
35.84,39.43086022756296,-120.33566662729663
35.84,39.42893476801967,-120.33634946094078
35.84,39.424993001944614,-120.33770800520645
35.84,39.423674152057934,-120.33344919106594
35.84,39.42290253304815,-120.33486819274083
35.84,39.42379201502792,-120.32998760866388
35.83,39.42995346435501,-120.33026464701751
35.82,39.42640018957034,-120.33791339180003
35.82,39.425815131520885,-120.33492484424318
35.82,39.4252846740713,-120.32800459590653
35.82,39.42215170626417,-120.33382226921103
35.81,39.42896568947106,-120.33448164443939
35.81,39.42645912534462,-120.33683086560771
35.81,39.42734089941013,-120.33004476144473
35.8,39.429048083339254,-120.33420701166135
35.8,39.424354513121784,-120.3392455170411
35.8,39.42558823990113,-120.32999943925404
35.79,39.42678672826328,-120.33699204263566
35.79,39.42241418330976,-120.33426396922273
35.78,39.42990019964732,-120.3347909969178
35.78,39.4261585345123,-120.33884822409549
35.78,39.42600060096603,-120.33653982105892
35.77,39.43053936576623,-120.33213861001245
35.77,39.42807802320758,-120.33759383211968
35.77,39.42489722247371,-120.33393047209033
35.77,39.42466882694261,-120.33072540686878
35.77,39.42263068952585,-120.32859457087675
35.76,39.42758571163669,-120.33566722414133
35.75,39.42630424111953,-120.32978518392551
35.74,39.430498646604384,-120.33183374308652
35.74,39.42250276259414,-120.33428231922353
35.74,39.42298738127494,-120.32967454050912
35.73,39.42919435095241,-120.33662055081071
35.73,39.42710368967032,-120.33174461339625
35.73,39.425604970881515,-120.33084135799956
35.73,39.42452321737022,-120.33182655560987
35.73,39.4246493758594,-120.32943419252886
35.72,39.42989651786796,-120.33008751345764
35.72,39.42510627661477,-120.3345477072051
35.71,39.42958379494193,-120.33637883606607
35.71,39.42889007486964,-120.33472225179018
35.71,39.424269407050176,-120.33856184382768
35.71,39.424063442325156,-120.3339951086713
35.7,39.4291667369781,-120.33527794866862
35.7,39.42589547963622,-120.33206828450818
35.7,39.42526272083666,-120.33242021326734
35.7,39.42474272318076,-120.33197476115026
35.69,39.42397500979184,-120.33318912861301
35.67,39.43077516201171,-120.33600094418944
35.67,39.42890763693523,-120.33315282309601
35.66,39.42576744772265,-120.33928324879132
35.66,39.42414795895293,-120.32986765881928
35.65,39.429910428244526,-120.33409160287229
35.64,39.42932637916921,-120.33456936347879
35.64,39.42407069442008,-120.33928117318082
35.64,39.4233163131522,-120.33302315999204
35.63,39.423717044070614,-120.33041019198468
35.62,39.42846869554928,-120.33720711988146
35.62,39.426281341344136,-120.3309649155966
35.61,39.43021517482794,-120.33695962886584
35.61,39.425725516043535,-120.33477283270805
35.61,39.424493222168515,-120.33461555179963
35.61,39.42512286660753,-120.32923348110306
35.61,39.423639697098764,-120.3344552619841
35.61,39.42430980974426,-120.33095335985233
35.61,39.42323713794959,-120.3352256501598
35.6,39.42964179101268,-120.33719865670041
35.6,39.42616859982403,-120.33458592785666
35.6,39.42417386662312,-120.33936514253432
35.6,39.42449540865701,-120.33691878507102
35.58,39.42956944198143,-120.33705257367292
35.58,39.42526739473962,-120.33443347079219
35.58,39.423974418205106,-120.33351611529385
35.58,39.423435081284026,-120.33048287376116
35.58,39.42258208073839,-120.33411571453819
35.57,39.42918688836226,-120.33545454824059
35.57,39.426244601065285,-120.33762960918165
35.57,39.42588233147777,-120.33926218144498
35.57,39.42306424619025,-120.33442697796858
35.56,39.42892501051262,-120.33468579350155
35.56,39.42400823509853,-120.33515158471143
35.56,39.42244924218878,-120.3288108831468
35.54,39.42932349043631,-120.33439870252666
35.53,39.424350556481755,-120.33408174823312
35.52,39.429374749577,-120.33576155744834
35.52,39.42903122709207,-120.334152737134
35.51,39.429332343343866,-120.33463201061393
35.51,39.42568546345497,-120.332335365792
35.51,39.42264599645428,-120.33782157687601
35.5,39.42629434699591,-120.33788909706276
35.5,39.42496879424855,-120.3346821917284
35.49,39.430172337504516,-120.33023085421858
35.48,39.43084688579048,-120.33596502212663
35.48,39.4269272906955,-120.3367495489737
35.47,39.42348113500219,-120.33298290575094
35.46,39.42590515481871,-120.335028522367
35.46,39.42495400789907,-120.33924575688923
35.46,39.42378440307047,-120.33909784862098
35.45,39.42973895159855,-120.33620194903321
35.45,39.4296230046937,-120.33558033964817
35.45,39.42898617626165,-120.33692462534519
35.45,39.428312287851504,-120.33702000143884
35.45,39.42394103168361,-120.33516482256255
35.45,39.423433159429074,-120.33456599084775
35.44,39.42913853417504,-120.33861312905307
35.44,39.429804547831786,-120.33355829568494
35.44,39.42579642281206,-120.33918414982135
35.44,39.42226352559213,-120.33775059172648
35.43,39.425603316168825,-120.3361728990203
35.43,39.42491395136413,-120.33014320853948
35.42,39.428621226905705,-120.33426619968029
35.42,39.42377236217652,-120.33309519127016
35.4,39.430487421795206,-120.33573228374608
35.4,39.429878855823176,-120.33526842251426
35.4,39.425357346220814,-120.33685174928803
35.4,39.4259481699855,-120.33300740993472
35.4,39.42532074282431,-120.33323998175146
35.39,39.42633894533075,-120.32951839537336
35.38,39.42924238361238,-120.33554635388631
35.38,39.426153800719,-120.33864057756207
35.38,39.42739591214091,-120.33148156259155
35.38,39.42569602976486,-120.333393303143
35.38,39.4245552414729,-120.33393402463557
35.37,39.42306779538592,-120.33528858049814
35.36,39.429433853638116,-120.33440030978126
35.36,39.42886970133669,-120.33431531589054
35.36,39.42840596166523,-120.33617965969897
35.36,39.42328498392492,-120.32980112137811
35.35,39.42714418509539,-120.3384844446743
35.35,39.42822814696549,-120.33031355339996
35.35,39.425702061441505,-120.33831549980472
35.35,39.42542910645779,-120.33399224062268
35.35,39.422926521285085,-120.33766360150601
35.35,39.42429533905785,-120.33010011513075
35.35,39.424267711568895,-120.32926658431107
35.35,39.423797061313714,-120.32912896627089
35.34,39.42971176688436,-120.33018151837334
35.33,39.42982380600979,-120.33049879046166
35.33,39.424058451462535,-120.33638068317038
35.32,39.426438104474,-120.33573295423462
35.32,39.42563652917159,-120.33915337573362
35.31,39.43023191227834,-120.3321540478095
35.31,39.428866846851726,-120.33465366629073
35.3,39.42597728618524,-120.33494426792184
35.3,39.42271955007133,-120.33731368475294
35.3,39.422814163359405,-120.32813659872014
35.29,39.42763423655592,-120.33607172030003
35.28,39.42383554971173,-120.33175969747585
35.27,39.42554395193164,-120.33346217809043
35.27,39.42592790783383,-120.32949821975997
35.26,39.42507299877894,-120.33207623802703
35.25,39.43002663978662,-120.33262880208827
35.25,39.42362648186641,-120.33114248126246
35.23,39.43022146411531,-120.3303083462512
35.23,39.42505013158555,-120.33760647445303
35.23,39.42500784188165,-120.33467138659722
35.22,39.43084989269282,-120.33201515587594
35.21,39.430354956285996,-120.33399001471284
35.21,39.43026707235442,-120.33234792930308
35.21,39.42932182443895,-120.33408303336013
35.2,39.430884898521015,-120.33582054735317
35.19,39.42572500618757,-120.33662679175562
35.19,39.42508734891909,-120.33806766224585
35.19,39.422844431015214,-120.33585400382997
35.19,39.42370309418864,-120.32872099495572
35.18,39.429128097330235,-120.33524041815305
35.18,39.42983759170214,-120.33066107949529
35.18,39.42586095909031,-120.33488001575476
35.17,39.430808731010394,-120.33740622510739
35.16,39.42982536693404,-120.33442591722728
35.16,39.42330496896128,-120.33539439998262
35.15,39.429451093867435,-120.33773901003548
35.15,39.42705908334588,-120.33164444090858
35.15,39.42592988026898,-120.32874756098667
35.14,39.42476159868071,-120.33794347628613
35.14,39.42349331624445,-120.32921839798165
35.14,39.42202472832345,-120.33168221414653
35.12,39.42713984446713,-120.33156315067373
35.11,39.4309101673157,-120.3356474495004
35.11,39.430365504938706,-120.33222423775551
35.11,39.42858631634321,-120.33198795291895
35.11,39.42425905362207,-120.33671629349017
35.1,39.42946585930453,-120.33701693751101
35.1,39.428200397433386,-120.33026765321067
35.1,39.427206234231264,-120.33164657824537
35.1,39.42527533071003,-120.33656904669272
35.1,39.42538364950821,-120.3334797502077
35.09,39.42878589603907,-120.33501362772078
35.09,39.42426502384705,-120.33113184701949
35.08,39.42981072604767,-120.33718406150066
35.08,39.426688946486586,-120.3316504389574
35.08,39.42589081886165,-120.33056399897463
35.08,39.42425273271617,-120.33156387261431
35.08,39.42259239047301,-120.32980529678825
35.07,39.42874690827484,-120.33604245207358
35.06,39.42810413387625,-120.33783307601387
35.06,39.42531582142806,-120.3366435683223
35.06,39.42202585166082,-120.33051929625263
35.05,39.423827024170784,-120.33610718065349
35.05,39.42386783166513,-120.3346064428494
35.04,39.42911663717572,-120.33608481225876
35.04,39.42561269359644,-120.32811739670963
35.03,39.430750491276726,-120.33584702430493
35.03,39.42706744408696,-120.3365553889259
35.03,39.4249100955699,-120.3359950220181
35.03,39.42419740412884,-120.33350798597368
35.02,39.42878931028288,-120.3338392595582
35.02,39.429054252850094,-120.3316762647104
35.02,39.42659524172202,-120.32966713095318
35.02,39.424808690014515,-120.32979193519428
35.01,39.43094368858874,-120.33603468311344
35.01,39.42402213129896,-120.32938813679908
35.0,39.429926120913876,-120.33017040924966
35.0,39.424290763431415,-120.33808445622772
35.0,39.42209138707999,-120.33250491417719
34.99,39.429387055251006,-120.3353295019727
34.98,39.42388520840106,-120.33331577692445
34.97,39.42892742169865,-120.33388676795123
34.97,39.425546537706644,-120.33520812434081
34.96,39.43000567036958,-120.33254887433931
34.96,39.425723666630496,-120.33908640621848
34.96,39.4249191159558,-120.32849691253666
34.95,39.42941891482962,-120.33540105766326
34.95,39.42644151706285,-120.33840024027961
34.95,39.42496196169866,-120.33753978659162
34.95,39.42527580878924,-120.32957691585533
34.95,39.42282481043898,-120.33817392664618
34.94,39.42231385232349,-120.33717412212123
34.93,39.429469700690305,-120.33579422223701
34.93,39.42333776394453,-120.32944361682497
34.92,39.42766876418692,-120.3360835982573
34.92,39.42441096454297,-120.33743506136247
34.92,39.42418969350364,-120.3349352836853
34.92,39.42298632002383,-120.33750240120732
34.91,39.43093728772251,-120.33551134677619
34.91,39.42585415645126,-120.32977581471775
34.9,39.42620353539918,-120.33454947087391
34.89,39.42654152431876,-120.33655624502298
34.88,39.42934201164014,-120.33476864658651
34.87,39.42588521356063,-120.33943283447194
34.87,39.4250201451737,-120.33808089758516
34.87,39.4248663866432,-120.33732513011023
34.87,39.4243656651646,-120.33048784448471
34.87,39.423213382798835,-120.32904942406951
34.86,39.429711204218755,-120.33615604562605
34.86,39.42876759391017,-120.33922477254193
34.86,39.42215585427655,-120.33435688239359
34.85,39.424405665554616,-120.3385723662801
34.83,39.42247437099548,-120.3373868758364
34.82,39.426207766373366,-120.33661108870373
34.82,39.42658292198479,-120.33190481751333
34.82,39.42602489682433,-120.33391845153622
34.81,39.42485370379156,-120.3298437703084
34.8,39.42620899210854,-120.33646608675664
34.8,39.424314787178666,-120.33754739484087
34.8,39.42253748466953,-120.33785695556581
34.79,39.43016041464453,-120.33242031470569
34.79,39.4263510677347,-120.33783589869631
34.79,39.42201229423218,-120.33058734017956
34.78,39.42967036357274,-120.33381511624845
34.78,39.42885535951331,-120.33498904725504
34.78,39.4234055993791,-120.33808289491081
34.77,39.430871774168594,-120.33634928589373
34.77,39.428591877589746,-120.33927338700576
34.77,39.42603535279824,-120.33113479959977
34.77,39.42603259587599,-120.32837086106522
34.77,39.42417115825788,-120.33174182490102
34.77,39.4245410964414,-120.32969990823752
34.76,39.429501829462595,-120.33711414695586
34.76,39.427133010133595,-120.33340283547801
34.76,39.425994921098884,-120.33823447492586
34.75,39.42758285348957,-120.33600556848175
34.75,39.42776983619097,-120.33025287678906
34.75,39.42601526368107,-120.33429081214071
34.74,39.424907949781385,-120.33855127498747
34.73,39.4301654510856,-120.33720914696207
34.73,39.42858632533906,-120.33481166630904
34.73,39.428548280439834,-120.33444712899826
34.73,39.42481783099505,-120.33076453426338
34.72,39.428856921172496,-120.33377768382053
34.72,39.42457265560786,-120.33083774966887
34.71,39.43068562443039,-120.33737599009237
34.71,39.429536141824464,-120.33356292088425
34.71,39.42550174242525,-120.33024841256123
34.7,39.42425218885144,-120.33522338254957
34.69,39.42955209745763,-120.3355195890405
34.69,39.4284186143058,-120.33468126039571
34.69,39.42505978481576,-120.33390156006385
34.69,39.42273149677788,-120.33794793513424
34.66,39.43009558976839,-120.3339492710919
34.66,39.429266991975254,-120.33468224429618
34.66,39.42873595641504,-120.33503280539139
34.66,39.42376843004283,-120.33047633629263
34.65,39.42992932255183,-120.3339041956329
34.65,39.427733566102404,-120.33737837518328
34.65,39.42365294288988,-120.33596247026232
34.64,39.42346694358412,-120.33055442142899
34.63,39.429985448332374,-120.33417800531865
34.63,39.43031434488691,-120.33238842802236
34.63,39.42345105183269,-120.33475391697122
34.62,39.42869862948837,-120.33637729550841
34.62,39.4258151629353,-120.33543383303295
34.62,39.425483628887676,-120.3321447615751
34.62,39.423536070785815,-120.32928157272865
34.6,39.42615093451609,-120.33897891508677
34.6,39.4267815292006,-120.3358147376027
34.6,39.42656424416145,-120.3300079061211
34.6,39.424328064959596,-120.33058397628
34.59,39.430381997096674,-120.33283587055683
34.58,39.4259546534569,-120.33454868949407
34.57,39.42946919692033,-120.3343155148893
34.57,39.4292754030628,-120.3344548751368
34.57,39.42550087794251,-120.32983609307584
34.57,39.423442890346664,-120.33572055986176
34.57,39.42371942789312,-120.32961122382206
34.56,39.42838511365584,-120.3319793422681
34.56,39.42649073376009,-120.32871018817191
34.55,39.43102351619415,-120.3378558254757
34.55,39.42527695221077,-120.33304314405255
34.54,39.42915659429764,-120.33417162431108
34.54,39.425920015249226,-120.3306952241938
34.54,39.422641517238254,-120.32988278041147
34.53,39.426217215442506,-120.33651739022211
34.53,39.42652930990861,-120.33004436547915
34.53,39.42337832474289,-120.33516515263628
34.52,39.42997696445824,-120.33338734058772
34.52,39.4285838447727,-120.3345926715129
34.52,39.42600906486869,-120.33733044269287
34.52,39.42423884816422,-120.33552175020127
34.52,39.422547431918424,-120.33540041861986
34.52,39.422446705390676,-120.33502646795503
34.52,39.42292868574348,-120.330478370423
34.5,39.429220756543906,-120.33477541102658
34.5,39.427095237996646,-120.33146297824788
34.49,39.43081399137536,-120.33575979545007
34.49,39.42636164989659,-120.332737600868
34.49,39.42334088923123,-120.32984458309197
34.48,39.428310103226615,-120.33471664662035
34.48,39.42702589108801,-120.33583820589804
34.48,39.426434098824906,-120.33158702316338
34.48,39.42580668702371,-120.33464321374059
34.48,39.42603593507203,-120.33312242706715
34.47,39.42988986735588,-120.33396333837086
34.47,39.43001221232039,-120.3299697571807
34.46,39.428375046727325,-120.33471474907455
34.46,39.426258111280326,-120.33089633377746
34.46,39.424183352977806,-120.33542995092492
34.45,39.43072998646719,-120.33673680456967
34.45,39.428481297857005,-120.3346907043541
34.45,39.42649805767734,-120.33478408702967
34.44,39.42485593349154,-120.33163803287422
34.44,39.42414209489286,-120.33082297059485
34.43,39.42911713898404,-120.33423076627128
34.43,39.42565358022653,-120.33892898825368
34.43,39.42507001297286,-120.3308876201206
34.43,39.42448617832194,-120.32928112402108
34.42,39.42907551937134,-120.33582828501095
34.42,39.42636439112145,-120.3370285301029
34.41,39.42910893737444,-120.33186473918393
34.41,39.42422419983965,-120.3298090519206
34.4,39.42510336496283,-120.33770961741413
34.4,39.42536130941277,-120.33433247275475
34.39,39.428295046975165,-120.33752306842429
34.39,39.42362232008844,-120.33060785739528
34.37,39.429856503482206,-120.33612119750593
34.37,39.426454473710734,-120.33865919150054
34.37,39.42303529482166,-120.328091461927
34.36,39.424890913154066,-120.3321105574135
34.36,39.4243791167656,-120.32940184096114
34.35,39.429647800269,-120.33443754949624
34.35,39.42879493595519,-120.3349682614106
34.35,39.42545163993342,-120.32874063396402
34.35,39.42411652610136,-120.33488587912157
34.34,39.42950865227812,-120.33425637268743
34.34,39.429126494215545,-120.3359427740045
34.34,39.428075956414105,-120.33732650354156
34.34,39.42475012026189,-120.3387878189896
34.34,39.42422564736961,-120.32989437628767
34.33,39.423714999493804,-120.33578992618202
34.33,39.423113128758594,-120.33760661582032
34.32,39.42969314695971,-120.333423022487
34.32,39.42784186196276,-120.33711265924225
34.32,39.42445565106754,-120.33522066084178
34.32,39.42258850831651,-120.33949833389964
34.32,39.42385209882691,-120.32876011769888
34.31,39.429151513325124,-120.33503032997638
34.31,39.42817776414285,-120.33218675611349
34.31,39.42618828979124,-120.33147824270478
34.31,39.42214050522985,-120.33026790026099
34.29,39.42715329930402,-120.33561542238456
34.29,39.42519607510282,-120.33826260819347
34.28,39.427107349417106,-120.33130960190519
34.28,39.4259771882733,-120.33110267652792
34.28,39.42412368663289,-120.32966542250136
34.28,39.42247807354582,-120.33746085778051
34.27,39.429262654672165,-120.33826801897236
34.27,39.42957622692242,-120.33368578147027
34.27,39.4299657510109,-120.32983258715039
34.26,39.42939173049363,-120.3345191296533
34.26,39.42924768856185,-120.33491798563904
34.25,39.42419934521909,-120.32993380313587
34.24,39.430504612153534,-120.33189639101143
34.24,39.42652101448116,-120.33744597330988
34.24,39.42693983302315,-120.32909488546912
34.24,39.42440868113412,-120.33693742328298
34.24,39.42386648031166,-120.33604804404214
34.23,39.42906192949205,-120.3353873229364
34.23,39.426544689930275,-120.33848421112886
34.23,39.42214265766147,-120.32923863368752
34.22,39.426758130341824,-120.33320117662272
34.22,39.42344815418306,-120.33842472695247
34.22,39.423914349878565,-120.33576155521052
34.22,39.42233608817312,-120.33428557913837
34.22,39.42252055814101,-120.32882328965135
34.21,39.422739095687284,-120.33781725021275
34.21,39.423397595119,-120.33442045870987
34.2,39.430187976903404,-120.33043013871925
34.19,39.430262364815626,-120.33033453274568
34.19,39.424941011683515,-120.33412730929307
34.19,39.42417875067459,-120.33161113672676
34.18,39.42906108197852,-120.33497498309467
34.17,39.42926705470692,-120.33570027045894
34.17,39.42903634009157,-120.3338030442922
34.17,39.42235852904856,-120.33931014931892
34.17,39.42365164282021,-120.32995145201832
34.16,39.43052091418161,-120.33561049322883
34.15,39.430658695207576,-120.33723341173015
34.15,39.42842683837846,-120.33473256522556
34.15,39.42405496190693,-120.33088994860013
34.14,39.42914840468672,-120.33462933127348
34.14,39.428755447197204,-120.33451839315946
34.14,39.425690200069226,-120.33022839814696
34.14,39.42407222124167,-120.3332104466934
34.13,39.42527093684144,-120.33015691659709
34.12,39.42920838603821,-120.33418944026566
34.12,39.42912247411813,-120.33411141107902
34.12,39.42548564173207,-120.33805926511619
34.12,39.424646808024974,-120.3356499663725
34.12,39.424130774203256,-120.3360177774581
34.11,39.42458835766797,-120.33821107397853
34.11,39.42434713130512,-120.33011792697269
34.1,39.429881270738186,-120.33446938644595
34.1,39.42913091982309,-120.33439305443048
34.1,39.42367183997022,-120.33577507972397
34.09,39.42354127974931,-120.32994985168
34.08,39.425827248602445,-120.33912204350028
34.08,39.42555350278203,-120.33924599674133
34.08,39.42564286618347,-120.33814971130401
34.07,39.42855261335145,-120.3347031176908
34.07,39.4241612856537,-120.33803991244498
34.06,39.43038195509164,-120.3323268496301
34.06,39.42921033482929,-120.3357534726449
34.05,39.42426898384539,-120.3296305640352
34.03,39.4241122851958,-120.33615683653836
34.03,39.423966203067934,-120.33115025650633
34.02,39.4291745526875,-120.33537759006835
34.02,39.42873221906827,-120.3344498078531
34.02,39.424563210805424,-120.33093144676197
34.02,39.423756445377606,-120.32984207805525
34.02,39.42368710392734,-120.32907903484492
34.02,39.42270691872156,-120.33034151390962
34.01,39.42896283453541,-120.33481999528203
34.01,39.42853390521625,-120.33461184942057
34.01,39.42879922435339,-120.33189151951593
34.01,39.426653354730796,-120.33715217756226
34.0,39.426199864365834,-120.3349844767651
34.0,39.42512972402028,-120.33919714480328
33.99,39.4261123110561,-120.3394503750411
33.99,39.42567378657791,-120.33577299278329
33.99,39.42483242909605,-120.33083014592687
33.98,39.42608901192234,-120.33734582778412
33.98,39.423913402100055,-120.33382231848492
33.97,39.42596758412363,-120.33429864841955
33.97,39.42548660768943,-120.33666596519022
33.97,39.42445642104764,-120.33179146380633
33.97,39.42385749816899,-120.33377885335274
33.96,39.4245636650942,-120.33139209382804
33.95,39.43048725891794,-120.33651998467312
33.95,39.42962325127839,-120.33631969489605
33.95,39.42814012254725,-120.3384392891863
33.95,39.42412923648817,-120.33440552230016
33.94,39.430604427527484,-120.33699659224206
33.94,39.42930795426488,-120.33572645965691
33.93,39.428672016327695,-120.33465935912108
33.93,39.4267383833608,-120.3306616032891
33.92,39.42963728050819,-120.33388856987636
33.92,39.42701244706008,-120.33845123960926
33.92,39.426930649137674,-120.3383988598238
33.92,39.425025074843155,-120.33800988262101
33.91,39.424110046796024,-120.3333446386989
33.9,39.42639287955908,-120.33262715718693
33.9,39.424767056623686,-120.3360185270944
33.89,39.42947716299783,-120.33362746667244
33.89,39.427353547336004,-120.33701737892467
33.89,39.42701161006033,-120.32956795566858
33.89,39.42402002214751,-120.3332409652438
33.89,39.4221445685657,-120.33876393598199
33.88,39.42950067811819,-120.33929521439964
33.88,39.425621304270905,-120.33455520839225
33.88,39.42355204334563,-120.33304364877316
33.88,39.422410542108025,-120.32826439474208
33.87,39.431005337099336,-120.33591045889392
33.87,39.43043519291392,-120.33242999630873
33.86,39.42910320555267,-120.33485616403132
33.86,39.42852034553121,-120.33467989870282
33.85,39.429142019243244,-120.33179128516689
33.85,39.427289613210206,-120.33664393803755
33.85,39.42541589225819,-120.33632655727577
33.85,39.423891782959394,-120.32893129844615
33.84,39.42450390279998,-120.32974770779417
33.82,39.430232177980834,-120.33057865149672
33.82,39.42909805725988,-120.33469684522963
33.81,39.43091432951838,-120.33335832324941
33.8,39.42832532195303,-120.33214055916514
33.8,39.426357585854404,-120.33655356089253
33.79,39.429867046460295,-120.33384641572479
33.79,39.42905523138815,-120.33694838252943
33.79,39.42900278862243,-120.33623955157458
33.79,39.4238151665542,-120.33135279084675
33.79,39.42389907713215,-120.32986689357061
33.78,39.427619831050485,-120.33572743682797
33.78,39.42605568939892,-120.33103272817684
33.77,39.426066057448935,-120.33903454410336
33.77,39.42431124913584,-120.33335325263856
33.76,39.42978325973463,-120.32991525091578
33.76,39.42433144789098,-120.33788032215651
33.76,39.424145268667246,-120.33839795254032
33.76,39.42426000459301,-120.33532301717344
33.76,39.42281213366702,-120.33532181850185
33.75,39.42956246858976,-120.33736527426659
33.75,39.43022246647233,-120.33224775206206
33.75,39.428010086245784,-120.33025067459783
33.75,39.425780008387875,-120.33241635813657
33.74,39.42565116239232,-120.32843358224021
33.73,39.42901647821993,-120.3348748059039
33.73,39.42857866065157,-120.33392434563726
33.73,39.42841023227534,-120.33027922790612
33.72,39.430913152985056,-120.33785421291299
33.72,39.42567168476597,-120.33499668536263
33.72,39.42470820564568,-120.33913695263011
33.71,39.430038920538784,-120.32988199059749
33.71,39.42372396372377,-120.33856808672549
33.7,39.4290605433928,-120.33632001601092
33.7,39.42582806772182,-120.33902537607301
33.7,39.42650536753949,-120.33109043944371
33.7,39.42409011568893,-120.33339837414191
33.69,39.42966665293173,-120.33707389859484
33.69,39.429219783263214,-120.33565977016153
33.69,39.42803362442529,-120.33388228866208
33.69,39.424950458885284,-120.33403361212794
33.69,39.42471216852138,-120.33277617462197
33.68,39.42979303367638,-120.33106992067007
33.68,39.425641424294476,-120.33806438510027
33.68,39.426310040511105,-120.33244112348272
33.68,39.426171156005545,-120.33299927882447
33.68,39.425011986261616,-120.33520602093837
33.65,39.42749838609569,-120.33601286724165
33.65,39.42545763460122,-120.33676506474444
33.65,39.424984225948876,-120.33002195831125
33.65,39.42276977639002,-120.33956069753899
33.64,39.42634143479503,-120.32973738319836
33.64,39.42361671168574,-120.33947641474836
33.64,39.42356821236243,-120.33958091175226
33.64,39.42364707670357,-120.33793572207267
33.63,39.43037653449635,-120.33758475270916
33.63,39.43017401500617,-120.33286128291977
33.63,39.425014547651635,-120.33695195440998
33.63,39.423494227301134,-120.33962816721755
33.63,39.42538258331899,-120.32871688579935
33.62,39.42872411666895,-120.33643453988019
33.61,39.42533529024669,-120.33562019543433
33.61,39.42554558712287,-120.33095423607006
33.6,39.42937940712511,-120.33879295739236
33.6,39.427550899923425,-120.3344070113273
33.6,39.42731370467569,-120.3314775251603
33.6,39.425789848600076,-120.32995971032501
33.6,39.42342845224182,-120.33486732441345
33.59,39.42325335597147,-120.33944835072806
33.59,39.42417065691696,-120.33077220311655
33.58,39.429963731382465,-120.33238901898044
33.58,39.4252893251523,-120.33696165253923
33.57,39.42981588428306,-120.33401060371266
33.56,39.42919461286575,-120.33786891425288
33.56,39.43012529299842,-120.33042069823051
33.56,39.427359510278905,-120.33708002455292
33.56,39.424918376373824,-120.33373173678821
33.55,39.42947519224323,-120.33923796840521
33.55,39.42440422229442,-120.33182198354282
33.54,39.42467700223256,-120.3302677278107
33.54,39.42330780856413,-120.32991803210837
33.53,39.429106501644334,-120.33497848855436
33.53,39.426507668473796,-120.33774434991057
33.52,39.43105022996332,-120.33776806057769
33.52,39.43067200334425,-120.33309317715403
33.52,39.425733332148035,-120.3348724693127
33.52,39.42316934564963,-120.33274236889847
33.51,39.43064791910292,-120.33261224162742
33.51,39.42898356982174,-120.33184585601784
33.51,39.42417258690526,-120.33798320865388
33.51,39.42366710522817,-120.33042937148961
33.5,39.42916667080321,-120.33425992391822
33.5,39.4258180195317,-120.33509549693864
33.5,39.42267174654525,-120.33963603451276
33.5,39.424272436320564,-120.3312798139375
33.49,39.429341587367716,-120.33865875276138
33.49,39.42897139659205,-120.33380494267396
33.49,39.42847759365867,-120.33461671641145
33.49,39.427104318398534,-120.33859191720612
33.49,39.42628803207086,-120.33222753898501
33.49,39.42418941580514,-120.33137244223572
33.49,39.42196760355078,-120.3317837453322
33.48,39.4297555220947,-120.33935866004214
33.48,39.42890872802378,-120.3376372465155
33.48,39.42346348152813,-120.32890518992714
33.47,39.426184714297776,-120.33061660319196
33.47,39.42425556800447,-120.33354011018925
33.47,39.42351525727653,-120.33072857092995
33.46,39.42484515211601,-120.33599691832347
33.46,39.42500867464663,-120.3299455389907
33.46,39.42279148970728,-120.33750808590192
33.46,39.422713609185536,-120.33776001009021
33.46,39.42228424722749,-120.32912979399201
33.45,39.4284200920631,-120.33245189002855
33.45,39.42215656292865,-120.32861329502636
33.44,39.42989119464091,-120.33252161708408
33.44,39.424999022457634,-120.33494707550032
33.43,39.43011644064312,-120.33250214216997
33.43,39.42788575955268,-120.33036545834827
33.43,39.42456842446371,-120.33826480843584
33.42,39.42434458853249,-120.32938996673359
33.41,39.43013196992619,-120.333998143239
33.41,39.425952358542936,-120.3340510408854
33.41,39.425252643041716,-120.3323319186822
33.41,39.42364753760176,-120.33941431042335
33.41,39.42400583574635,-120.3308124627788
33.4,39.43031479380104,-120.33284911172618
33.4,39.430506956398844,-120.33058832611269
33.4,39.428673982161364,-120.33339966310268
33.4,39.424038301418726,-120.33620409586136
33.39,39.429077462056235,-120.33405957024968
33.39,39.42837256599116,-120.33449575492143
33.39,39.427801319670564,-120.33602012921284
33.39,39.42549962794876,-120.33178671347105
33.39,39.42386983480978,-120.33385580559532
33.38,39.42937420931374,-120.33377383820677
33.38,39.426665339822115,-120.32982454199218
33.38,39.42380173953501,-120.33294776016074
33.38,39.42375510070138,-120.33077470282407
33.37,39.42876881979212,-120.33472901626578
33.37,39.428364812487025,-120.33027572543114
33.37,39.42279069185872,-120.33427229463422
33.37,39.422931881809944,-120.32958274730717
33.36,39.42687633765316,-120.32918211550283
33.34,39.43045056036799,-120.33188991831467
33.34,39.42896732045128,-120.33428830108872
33.34,39.42525479762902,-120.33694977455356
33.34,39.424960035285466,-120.33597584602617
33.34,39.424152207097755,-120.33373480390614
33.33,39.424174990195574,-120.33334274003144
33.33,39.4247165227549,-120.32891196816831
33.32,39.429673191113174,-120.33630051787875
33.32,39.42912276111695,-120.3353597732713
33.32,39.426051873163765,-120.3389205958012
33.32,39.42594272074727,-120.33826499066177
33.32,39.42568559614694,-120.3377039053282
33.31,39.42935007855722,-120.33560764062565
33.31,39.42812537467932,-120.33018125695261
33.3,39.430876945313805,-120.33701763313216
33.3,39.42611866751389,-120.33895569496231
33.3,39.42490671398033,-120.32971658265377
33.3,39.42516776558833,-120.32826734763337
33.29,39.42923208858445,-120.33522771559424
33.29,39.429197715506525,-120.3344281509046
33.28,39.42504820600756,-120.33604253197944
33.28,39.42434275876341,-120.33166754431562
33.27,39.429586921814824,-120.33728885259127
33.26,39.42820846255492,-120.33624502515245
33.26,39.42446631717968,-120.33933245641983
33.26,39.4232131515455,-120.3288191048427
33.25,39.42571060222074,-120.33628251726056
33.25,39.42430387754362,-120.33371426358308
33.25,39.421976504593225,-120.33252599115136
33.24,39.426967964822474,-120.33321275959767
33.24,39.42554561949676,-120.33377783075532
33.24,39.42569982109653,-120.32985603867523
33.22,39.430470309694385,-120.33211485693293
33.22,39.426486677344386,-120.32919353029588
33.21,39.429602566925496,-120.33415536849758
33.21,39.4289880673063,-120.33413789056166
33.21,39.42622939623692,-120.33404938691508
33.2,39.425615373240916,-120.3350015518613
33.19,39.429809290082126,-120.33376595236646
33.19,39.42473759014632,-120.33898952206731
33.19,39.424720656252504,-120.33356678173202
33.19,39.423069008034474,-120.33949399123352
33.18,39.42685285851689,-120.33300350603884
33.18,39.42615782695082,-120.33098302741729
33.18,39.422874634005076,-120.33047189946376
33.17,39.42402128283794,-120.33360494379113
33.15,39.43103193306486,-120.3376284511636
33.15,39.424421531441176,-120.33516045102817
33.15,39.424109304924364,-120.33445925746508
33.14,39.425163146010085,-120.33370686414237
33.14,39.424185251378525,-120.33315237845804
33.14,39.424568440194214,-120.32979413881169
33.13,39.42744582350282,-120.3291477142221
33.12,39.43058171200928,-120.33225012956953
33.12,39.429871610227465,-120.32970325702749
33.12,39.42838264226513,-120.3345840536166
33.11,39.43068032570054,-120.33184775733982
33.11,39.429276439605495,-120.33458854159944
33.11,39.42918989903947,-120.33432850957556
33.11,39.42654265412226,-120.33206062706871
33.11,39.4246002627326,-120.3378273804104
33.1,39.42894857555434,-120.33368802156266
33.1,39.428044915625954,-120.33715827792031
33.1,39.4281389319111,-120.33011320719865
33.1,39.42525815774136,-120.33193391060642
33.1,39.424262150440825,-120.32915560928173
33.09,39.430512564903445,-120.33120833267847
33.09,39.42662855200947,-120.33880391398691
33.09,39.42857239822469,-120.32849294540226
33.09,39.426580077259075,-120.33506679237996
33.09,39.42429886334717,-120.33559086791084
33.09,39.42281750011679,-120.33571144149013
33.08,39.424648798544766,-120.33874084190649
33.07,39.42829079394029,-120.33212868298233
33.07,39.422717575763734,-120.33959121095724
33.07,39.422182529354494,-120.3337601637344
33.06,39.428800679708985,-120.33480057108021
33.06,39.42834616453892,-120.33634087317004
33.05,39.42443218376887,-120.33876326559836
33.04,39.42273914833374,-120.33934415165129
33.03,39.42633308705496,-120.332788369108
33.03,39.426037459243304,-120.32959648727754
33.03,39.42422305662709,-120.33611011370178
33.03,39.42479693249778,-120.32938799221883
33.03,39.42439105025126,-120.3295271258198
33.03,39.4220717511959,-120.33713931038504
33.02,39.42951546909688,-120.33908215652889
33.02,39.42631532982941,-120.33181278048251
33.02,39.42609614915058,-120.32879262209971
33.02,39.42399503910448,-120.33850380726443
33.01,39.42910846537193,-120.33705153071762
33.01,39.42500695580159,-120.33375008677251
33.0,39.43045311262512,-120.33595074779625
33.0,39.4272330569584,-120.33590947254359
32.99,39.42889798029914,-120.336348924201
32.98,39.4289957304771,-120.33502521627865
32.98,39.4220181014207,-120.32912309444409
32.97,39.429961968002175,-120.33105531112496
32.97,39.4241036815893,-120.33101576713408
32.96,39.4262887198444,-120.32879825504861
32.96,39.424501466766706,-120.33003770507428
32.96,39.42240656475925,-120.33772709088876
32.95,39.42918026466428,-120.33470088641953
32.95,39.428937158912525,-120.33504142457811
32.95,39.42818776193071,-120.3374134444271
32.95,39.42332290879585,-120.33326778930972
32.95,39.422126018469,-120.33737610204494
32.94,39.429305987968384,-120.33749518000931
32.94,39.42542081931045,-120.32880274438648
32.94,39.42225097601334,-120.33744332433875
32.94,39.42332123986354,-120.33063760973958
32.93,39.42489744604357,-120.32953162258939
32.93,39.423383764619366,-120.32912013449298
32.92,39.42995666317502,-120.33399843481641
32.92,39.425088348099294,-120.33385079315714
32.91,39.43016597288056,-120.33253129903596
32.91,39.42882726393491,-120.33600950058836
32.91,39.42907482922665,-120.3346282595411
32.91,39.42371239550269,-120.33122050099406
32.91,39.423271426882636,-120.32986916662408
32.9,39.42738521303646,-120.33736760064934
32.9,39.42696205161455,-120.33134445836642
32.9,39.42296809217464,-120.32810470615935
32.89,39.429790724894666,-120.33057224576227
32.88,39.43050312812192,-120.33745863564715
32.88,39.429136697070795,-120.3347343754392
32.88,39.43000832848476,-120.33017444534109
32.88,39.42754144579704,-120.33834238628702
32.88,39.42691379472306,-120.33834458590846
32.88,39.424567416713,-120.33197505760984
32.87,39.42408235114214,-120.3376492073145
32.87,39.42494339017421,-120.3286991506864
32.87,39.42335328010523,-120.33043050557727
32.86,39.42432984396092,-120.33474112747056
32.86,39.42276022765253,-120.3291480640992
32.85,39.42684796893536,-120.3369161607794
32.85,39.426466338423104,-120.3372575013605
32.85,39.42564357329825,-120.32856427340829
32.85,39.42510467623045,-120.32830624296557
32.85,39.42424135322206,-120.3287970336986
32.85,39.422437174433895,-120.33743467007466
32.84,39.4256316621739,-120.33589180567921
32.84,39.42250832953062,-120.32976427073693
32.83,39.425347649455325,-120.32875334518532
32.83,39.424388895439826,-120.33055642437839
32.83,39.42343756905461,-120.33070185282803
32.83,39.423339494139476,-120.33026823113583
32.82,39.430979495932355,-120.33358676838746
32.82,39.42237127309167,-120.33216493428537
32.81,39.42965143215136,-120.33349350705402
32.81,39.42715443437177,-120.3377850778007
32.8,39.42475341249773,-120.33891013633003
32.8,39.42390686539995,-120.33177210712554
32.8,39.42368339640903,-120.32900505209359
32.8,39.422018844472085,-120.33032300279042
32.79,39.42763488890569,-120.33676272028626
32.79,39.42509331793458,-120.32965957490595
32.78,39.4283468382243,-120.33754088656647
32.77,39.43064353794175,-120.3318472228768
32.77,39.429016728982205,-120.33561415494935
32.77,39.42505135847626,-120.33746147484344
32.76,39.42898524050617,-120.33933601488053
32.76,39.4242879309725,-120.33944074114865
32.75,39.42609807440883,-120.33780945423841
32.75,39.426815259001735,-120.3307849914088
32.75,39.426326083424726,-120.33259206373695
32.75,39.42425111107581,-120.33842224730039
32.75,39.42357478701346,-120.3349661326634
32.75,39.42236558648448,-120.32872152687392
32.74,39.43070836673918,-120.33596584549738
32.74,39.430224544140565,-120.33251508842842
32.74,39.43000241349552,-120.33293556666166
32.74,39.42989634571025,-120.33268093747799
32.74,39.429116169560835,-120.33511512414661
32.74,39.42594412996893,-120.3293704967946
32.74,39.425919335503565,-120.32819861041361
32.73,39.429609087030414,-120.33338198820339
32.73,39.429711999886784,-120.33272659942396
32.73,39.42874396022248,-120.33485377362868
32.73,39.42421739135696,-120.33164866273556
32.72,39.42537185880021,-120.33539040565601
32.72,39.423294418032945,-120.33817794622452
32.72,39.42435545676927,-120.33118718542663
32.72,39.42318376178106,-120.33077209837577
32.71,39.429070749898685,-120.33511161860066
32.71,39.4279199577152,-120.33709105073409
32.71,39.42592194967938,-120.33790640412978
32.7,39.42910464512112,-120.33929226369735
32.7,39.42459492405368,-120.33794672786644
32.7,39.42408892828854,-120.32942322617258
32.7,39.42387787609227,-120.32955665204751
32.69,39.42607445879059,-120.33829819489651
32.69,39.42267790626009,-120.3394200271416
32.68,39.42500406595261,-120.33357943604435
32.68,39.42389250387926,-120.33476034766507
32.68,39.42333751256369,-120.33101886298532
32.66,39.43010265734238,-120.33233985215976
32.66,39.42903295738823,-120.33548642790149
32.65,39.427344529378516,-120.33757174362748
32.65,39.42686618597481,-120.33552877337767
32.65,39.42244335240354,-120.33772762828127
32.65,39.42318921946498,-120.32986513125553
32.64,39.42524672948259,-120.3286580483867
32.64,39.422827952093485,-120.32829887157678
32.63,39.42558988081787,-120.33929486848346
32.63,39.42335484317965,-120.33435728104644
32.63,39.42373092609209,-120.3315904155425
32.62,39.4305910328477,-120.33627694097108
32.62,39.429264030973535,-120.3334935573596
32.62,39.4288178735725,-120.33378849000917
32.62,39.42852919791125,-120.33491320423386
32.62,39.42750636152153,-120.33532483795942
32.62,39.42234448413956,-120.33739066581684
32.61,39.42981810691068,-120.33349024498419
32.61,39.42738071401061,-120.33789928302136
32.61,39.42359439237754,-120.33084061273064
32.6,39.430847563088356,-120.33716507701055
32.6,39.42525383516486,-120.33450151703477
32.6,39.4243549066653,-120.33868820579684
32.59,39.424353511880085,-120.33527035444796
32.58,39.43001041429891,-120.33275653153206
32.58,39.42721252587677,-120.3362902108966
32.58,39.4278840943341,-120.33236447817694
32.58,39.4256534629192,-120.33073685219361
32.58,39.42518570801519,-120.33076987298095
32.57,39.42502984359258,-120.33923549240248
32.56,39.42890652296257,-120.33482486213971
32.55,39.43051630157699,-120.337947943751
32.55,39.42352249119961,-120.33115518871003
32.54,39.42635491677502,-120.33096598356121
32.54,39.4250523620953,-120.32912440724557
32.53,39.429422703859764,-120.33366932892083
32.53,39.42502478654418,-120.3287998512988
32.53,39.42362132884365,-120.33098317478799
32.52,39.427101201024676,-120.33768193185922
32.52,39.42712759251271,-120.3353278478329
32.52,39.42453355774089,-120.33547770762365
32.52,39.42428124628545,-120.33665121801766
32.52,39.42556599739392,-120.32955553090957
32.51,39.430893176175196,-120.33355707513614
32.51,39.43006784155756,-120.33390336832262
32.51,39.42912262702011,-120.33665647140273
32.51,39.42915592760825,-120.33348060981064
32.51,39.42630253889978,-120.33127516784135
32.51,39.42537017919294,-120.32993656369378
32.5,39.4300119070334,-120.33103613038297
32.5,39.42887616866837,-120.33585665782297
32.5,39.42583029235031,-120.33799605729048
32.5,39.42576143173004,-120.33769363912107
32.5,39.42539916177178,-120.33215206463167
32.49,39.43035673220353,-120.33300896812774
32.49,39.42770812057902,-120.33833913548597
32.49,39.424724681518924,-120.3302598890146
32.47,39.42923902309302,-120.33440600333873
32.47,39.424095370369216,-120.33508461188308
32.46,39.424949960005755,-120.33588755131522
32.46,39.424742351736725,-120.33021749332771
32.46,39.423957187962564,-120.32939003901309
32.45,39.42995826164809,-120.33098132185387
32.45,39.425795959187674,-120.33770551754503
32.45,39.42511057533267,-120.33429469989052
32.42,39.430911254943794,-120.33346633949677
32.42,39.42512908514335,-120.33850616872745
32.41,39.42441208339532,-120.33525414736096
32.4,39.43049649028482,-120.33619593819263
32.4,39.428770601514934,-120.33374799121275
32.4,39.4255002706668,-120.33914285200764
32.4,39.42427514900426,-120.33172911818286
32.4,39.42382930429416,-120.3332723122007
32.4,39.424208257265086,-120.3306760716283
32.39,39.42564085762308,-120.33223519490411
32.39,39.4252135956083,-120.33234272511288
32.39,39.423962057534546,-120.33626269586875
32.39,39.42342038826266,-120.33786985474508
32.39,39.424158948199505,-120.33319180409951
32.38,39.42676655328561,-120.33630645301007
32.38,39.42346272929822,-120.3379813666816
32.38,39.42447226970028,-120.32990648269404
32.37,39.42737236262612,-120.3353029798287
32.37,39.42657428737243,-120.33856710651571
32.37,39.42331395146726,-120.32970202201136
32.36,39.43024551358058,-120.33259501640943
32.35,39.42667141130963,-120.33655245332423
32.35,39.427412589042675,-120.33181450269144
32.35,39.4254584540306,-120.33102121521682
32.35,39.423911109488635,-120.33665719021599
32.35,39.4249043294827,-120.33051556392743
32.34,39.429136626464164,-120.3337163511122
32.34,39.422248931138796,-120.33768498099664
32.34,39.42267529823895,-120.32869473535098
32.33,39.42629963708983,-120.33341914607848
32.33,39.422171393660655,-120.32890921975041
32.32,39.42912379669091,-120.33549343946486
32.32,39.426507186781926,-120.32881279375033
32.32,39.42621108764434,-120.3292805295675
32.32,39.42555990716183,-120.33028053473498
32.31,39.43088766643884,-120.33779696630837
32.31,39.43093246151539,-120.33146183215023
32.31,39.43008580027841,-120.33228557727624
32.3,39.43102567763386,-120.3358083818
32.3,39.429411142607755,-120.33298668442875
32.3,39.42813536806186,-120.33772263187232
32.3,39.42885038372883,-120.33172733233702
32.3,39.426626292589454,-120.32983534998748
32.3,39.42198766104057,-120.33325689658838
32.29,39.426196013703425,-120.33287452526183
32.29,39.425695248013675,-120.32936973323757
32.29,39.42203046765276,-120.33151453925025
32.28,39.42594378564242,-120.33941663041243
32.28,39.42590984879478,-120.33856876631113
32.28,39.42643788703656,-120.3303643588537
32.28,39.42338958227293,-120.33844093125612
32.27,39.4289449422022,-120.3346320548213
32.27,39.42627792637783,-120.33445387440348
32.27,39.42453866343481,-120.33947853142142
32.27,39.42494188261117,-120.32810484285592
32.26,39.4289576149892,-120.33364265498474
32.26,39.427679082417896,-120.33691123169106
32.26,39.425189101738205,-120.33191015945664
32.25,39.43057807124333,-120.33601797536691
32.25,39.42969146217659,-120.33593110826533
32.25,39.4248651983078,-120.33182299310229
32.24,39.429380463635034,-120.33508485195678
32.24,39.42804728011821,-120.33020287298272
32.23,39.42986248891357,-120.33336008201623
32.23,39.4278285380262,-120.33792004431224
32.23,39.42659258319733,-120.33870670756332
32.23,39.42661084178435,-120.33782831990104
32.23,39.42536060815757,-120.33081790704628
32.22,39.42664948062565,-120.33786585049292
32.21,39.42331456528067,-120.33835453226736
32.2,39.424030865903795,-120.3355471526832
32.19,39.42974538384657,-120.33390151812127
32.19,39.424259815642664,-120.33560167243972
32.18,39.42647896499984,-120.33011188018202
32.18,39.42378104506907,-120.33129258339079
32.18,39.42388303093557,-120.32971595898536
32.18,39.42275830471493,-120.33040765724512
32.17,39.42928699671881,-120.33282279105963
32.17,39.42789862423311,-120.33423577258733
32.16,39.42941558857539,-120.33912050661216
32.16,39.42909168977601,-120.33903330287482
32.16,39.426449404685386,-120.33567624829817
32.15,39.42977524346466,-120.33907458187812
32.15,39.42761400669266,-120.33871879977819
32.13,39.42997258804669,-120.33262232888691
32.13,39.42486528221049,-120.33052637128657
32.12,39.42929602698252,-120.33560116525875
32.12,39.428382607386595,-120.33407504675955
32.12,39.4267294469911,-120.33839023153679
32.12,39.425569033006,-120.33356775251052
32.11,39.42967973168798,-120.33270338094556
32.11,39.42222279701856,-120.33693679300879
32.1,39.43106256417161,-120.33784502115338
32.1,39.428922404901705,-120.33576349222761
32.1,39.42513087803685,-120.33368364668685
32.1,39.42277424541894,-120.32954065485777
32.09,39.43065164672419,-120.33601904853526
32.09,39.43036532290378,-120.3325029165525
32.08,39.42617585389585,-120.3303833057492
32.08,39.424528876605784,-120.32883531993723
32.07,39.4297356567048,-120.33607962338479
32.07,39.42862229720459,-120.33490887347509
32.07,39.427198718926284,-120.33561892815395
32.07,39.425925647426524,-120.3341388009705
32.06,39.42511440927474,-120.32895185396083
32.05,39.42905408293948,-120.3391294365087
32.05,39.42918481698795,-120.33518721562524
32.05,39.42925995603792,-120.33397691774756
32.05,39.429026855371056,-120.33338773538989
32.05,39.425237758734276,-120.3338415938682
32.05,39.42475700046127,-120.33079208615337
32.05,39.42299403926101,-120.33274266349123
32.05,39.42275663882438,-120.33240653537177
32.05,39.42207985196139,-120.33001680466772
32.04,39.429683551302034,-120.33430441805461
32.04,39.42981471636759,-120.33003514104254
32.04,39.42542717684511,-120.33062267210701
32.03,39.42677847128036,-120.3307844575149
32.03,39.426531897209436,-120.33128134156
32.02,39.42903043571202,-120.33193468958477
32.02,39.42820221418855,-120.3321103341506
32.02,39.426846742677334,-120.33706116399983
32.02,39.427018045578926,-120.33522957015373
32.02,39.42646162473581,-120.33755884738729
32.02,39.426597427327046,-120.33659971391461
32.02,39.423930710176194,-120.3297081199116
32.01,39.42554508297948,-120.33947335364378
32.0,39.42629449389345,-120.33659244963691
32.0,39.42580061195803,-120.33305360359647
32.0,39.42321718975656,-120.33962979975875
31.99,39.429045481860584,-120.33528471223848
31.98,39.430931837587565,-120.33743646022536
31.98,39.42928039584054,-120.33540188209781
31.98,39.42750196921012,-120.33789252399028
31.98,39.42531220944181,-120.33194038287141
31.97,39.42644050239327,-120.33877557219274
31.97,39.42694123360114,-120.33612417039232
31.97,39.423474151241834,-120.33611909424229
31.97,39.42377944633875,-120.32968033613118
31.97,39.422196599665206,-120.33517067890533
31.96,39.430678291651255,-120.33208944231947
31.95,39.42912721544769,-120.33431906583853
31.94,39.42967243788491,-120.33408245061914
31.94,39.42937308702501,-120.33544588802674
31.93,39.42953862419757,-120.33378191852846
31.93,39.42569958702246,-120.33809651362108
31.93,39.42417543558812,-120.33380338464018
31.92,39.42877311888199,-120.33447599615032
31.91,39.430292673491216,-120.32930271497193
31.91,39.428966615506546,-120.33308827742904
31.91,39.428713943567104,-120.33199549456882
31.91,39.42438433571061,-120.3352082476979
31.91,39.42305455696036,-120.33762282071136
31.9,39.42897683449255,-120.3352126208062
31.9,39.4256895488556,-120.33902619352587
31.9,39.42541027860645,-120.332374018657
31.88,39.42629863004909,-120.33712709359827
31.88,39.426619709699295,-120.33190535197565
31.88,39.42434496379118,-120.33679432052426
31.88,39.42347036990099,-120.3298891116997
31.88,39.4231701540696,-120.33033117316904
31.87,39.430665953897076,-120.33201248313433
31.87,39.43004001557395,-120.33283942854699
31.87,39.42681718574805,-120.32952532762344
31.87,39.42555759821738,-120.3279772677754
31.86,39.42736790009725,-120.33634366195137
31.85,39.42918465754919,-120.33597490236731
31.85,39.425410675172586,-120.33949982185327
31.84,39.42435784556433,-120.33038821023787
31.83,39.43042454844252,-120.3360015176392
31.83,39.42561618917011,-120.33490488467065
31.83,39.42422822904252,-120.33677839948999
31.83,39.42443334371147,-120.32912965530569
31.82,39.428844247315915,-120.33476708225598
31.82,39.42794601990386,-120.33631228635248
31.82,39.427450167277556,-120.32940369869505
31.82,39.42637554544784,-120.33442686075666
31.81,39.43089459272727,-120.33646621095369
31.81,39.4246426655464,-120.33511533470508
31.8,39.42938839830974,-120.3338877907336
31.8,39.425283033656285,-120.33898328226
31.8,39.423880040723695,-120.33597999939461
31.8,39.42515247017871,-120.32931637107477
31.8,39.42452573848644,-120.33023994257336
31.79,39.42889292954039,-120.33438390128403
31.79,39.42313349153068,-120.33801352026153
31.79,39.42427431457466,-120.3295112165036
31.79,39.42258413135204,-120.33771546785941
31.78,39.429338508209526,-120.3387667664345
31.78,39.423685325126776,-120.33853055727637
31.78,39.42310659029631,-120.33453848734067
31.77,39.424643012931696,-120.33789056121256
31.77,39.42347301728183,-120.33829997995082
31.76,39.426340512307796,-120.32881606644924
31.76,39.42321695329418,-120.33454009467044
31.75,39.428980236755585,-120.33737098938461
31.74,39.42828050321299,-120.3346337508198
31.74,39.42697144641399,-120.33305641471667
31.74,39.42606404355085,-120.33029637814897
31.73,39.430595662009026,-120.32981897154724
31.73,39.42756203185654,-120.3299996276605
31.73,39.42580128100992,-120.33374458603818
31.73,39.42510431323021,-120.33066916992767
31.73,39.424309450725886,-120.3315106707895
31.72,39.42739884961444,-120.33216121881152
31.72,39.42542225137667,-120.3306936879692
31.72,39.42257056999932,-120.33778351096255
31.72,39.42291420660686,-120.33425418927321
31.71,39.42612421993451,-120.3390666735929
31.71,39.427120875469164,-120.32892689511712
31.71,39.425072926846724,-120.33721440693108
31.71,39.423848589853684,-120.33586011651926
31.7,39.42519579215456,-120.33650532932748
31.7,39.423015365981705,-120.32814519801899
31.7,39.422238070692146,-120.32973191889354
31.69,39.430577472246924,-120.33634499187663
31.69,39.4279924740674,-120.33644945671439
31.69,39.425385741087865,-120.3375886287062
31.69,39.425768592784735,-120.32914047220599
31.69,39.42497165733984,-120.32971468070797
31.68,39.43082472035061,-120.33653912776143
31.68,39.43043189432436,-120.33230766965468
31.68,39.42745103367003,-120.33879603679908
31.68,39.42640728036388,-120.3357950625245
31.68,39.42275452798272,-120.33829516533444
31.67,39.42430391389295,-120.33422324173799
31.67,39.42386579228043,-120.33484810498908
31.66,39.42570391939841,-120.33451091557049
31.65,39.424391480854624,-120.33845842068423
31.65,39.424814073723994,-120.33018156852623
31.65,39.423272995831404,-120.32916686749167
31.63,39.430567157214995,-120.33269353463366
31.63,39.42889070318925,-120.33490425332894
31.63,39.42885432339946,-120.3348553815648
31.61,39.43036939213485,-120.33201954869442
31.61,39.42997334144216,-120.32970188830552
31.61,39.42632004942152,-120.33433505960855
31.61,39.42425801761675,-120.33093554742138
31.6,39.43094039352997,-120.33591235543507
31.6,39.42715195902144,-120.33756608723803
31.6,39.42632908908449,-120.33428969476014
31.6,39.424886126146,-120.33755005284655
31.6,39.425022062023366,-120.33529431563012
31.6,39.42465832694996,-120.33582358567627
31.6,39.42345658323116,-120.32972683709875
31.59,39.42888893988115,-120.33639429040325
31.58,39.42720064981108,-120.33718291711529
31.58,39.42696578438264,-120.32961278823574
31.57,39.4268257623212,-120.32901930039883
31.56,39.42992525617237,-120.32975806454297
31.56,39.4252856457161,-120.33739665280974
31.56,39.42278780837008,-120.33794307112332
31.56,39.42259754499711,-120.32996460091273
31.55,39.42856308682556,-120.33191936858566
31.55,39.42600064855315,-120.33755780125026
31.55,39.42555977441677,-120.33671537249039
31.55,39.42644148812066,-120.3294203581029
31.54,39.42994321101907,-120.33276977270711
31.54,39.42990601614315,-120.33281757425522
31.54,39.42926488337928,-120.33390589834092
31.54,39.42436428719159,-120.32910590710397
31.53,39.42959150157445,-120.33879321542574
31.53,39.43006748222987,-120.32983121860852
31.53,39.42834522575605,-120.3344015176139
31.53,39.42552115882877,-120.32922503532417
31.53,39.42424200892063,-120.33360815564745
31.51,39.42724441044118,-120.33687076370711
31.51,39.426552849899636,-120.33700853311554
31.51,39.423244895079,-120.32967827363069
31.5,39.42422049907186,-120.33871467502973
31.49,39.42836965565023,-120.33765780792062
31.49,39.42793921190905,-120.33583730682338
31.49,39.42796918555514,-120.33022448896621
31.49,39.42456349464993,-120.33833582293428
31.49,39.424419587091464,-120.33128195045016
31.48,39.42414479753386,-120.33358683698253
31.47,39.430038120789526,-120.332293415318
31.47,39.42639319399754,-120.33771708575088
31.47,39.427017369573946,-120.3317149239345
31.47,39.426558573642524,-120.32887893947492
31.46,39.430036492897706,-120.33248676157604
31.46,39.42950968903337,-120.33439003957831
31.46,39.42865186382199,-120.33448276102781
31.45,39.42716076038757,-120.33678139218871
31.45,39.42474312606731,-120.33859151733411
31.44,39.43057725445114,-120.33611464917674
31.44,39.42983967482182,-120.33657593903769
31.44,39.42588971911458,-120.33890116318825
31.43,39.42664024493565,-120.33818987952536
31.42,39.427060228608134,-120.33612874969755
31.42,39.42734787132899,-120.33204673521773
31.42,39.42459304044842,-120.33124466041409
31.42,39.42359566006518,-120.3312045890943
31.41,39.4253462011452,-120.32866801951758
31.41,39.424661413811194,-120.33057743919673
31.4,39.43037686871565,-120.33600935326807
31.4,39.427693268543614,-120.33702518216266
31.4,39.42660271898759,-120.32851844952424
31.4,39.42413399583946,-120.32998403749804
31.39,39.43037250915553,-120.33242055405448
31.39,39.422533650593564,-120.32829461079109
31.38,39.42800795047239,-120.33410371544635
31.38,39.4252585645278,-120.33188557723281
31.38,39.42477914871184,-120.32841242514785
31.38,39.42250661489674,-120.33690112858136
31.37,39.430770522523495,-120.33782937923971
31.37,39.430881246710435,-120.33343177834962
31.37,39.42933738339372,-120.33326428919791
31.36,39.43000472169556,-120.33111849260789
31.36,39.42797116275229,-120.33410317985567
31.36,39.42583544472943,-120.32968455112699
31.36,39.423536048943774,-120.3310871434689
31.35,39.429946101978814,-120.33294043505644
31.35,39.4248602489452,-120.33420859419378
31.34,39.42988278707208,-120.33274898840408
31.34,39.42950487271427,-120.33316435420646
31.33,39.4300414193927,-120.3324157413054
31.33,39.424947347049816,-120.33363263675784
31.32,39.42661575994902,-120.33391567804867
31.32,39.42459720343989,-120.3384443672591
31.31,39.430956897351514,-120.33370018799894
31.31,39.426548713236,-120.33647388728188
31.3,39.42558933215999,-120.33064208603679
31.3,39.42453785868898,-120.33240114702053
31.3,39.423602286350686,-120.32964364679792
31.29,39.43040494464525,-120.32985033037745
31.29,39.42728925502373,-120.33155394639834
31.29,39.42406119101188,-120.33784793917381
31.29,39.42358403392112,-120.33001302690126
31.28,39.43061501917931,-120.33240701704041
31.28,39.430078024679055,-120.33269495374266
31.28,39.42860873735732,-120.33497692278479
31.27,39.43099043073946,-120.33792927862949
31.27,39.42866316347301,-120.33442605316047
31.27,39.42746944008384,-120.33662097024532
31.27,39.42785227230819,-120.3304872468569
31.27,39.42589796685624,-120.33511087951896
31.27,39.42582855473963,-120.32870059720196
31.26,39.42904224488614,-120.33618041080368
31.26,39.424598028837465,-120.3345061833219
31.26,39.42414345795265,-120.33502844371431
31.26,39.42444614387197,-120.3296672536746
31.25,39.42692165047918,-120.33511157955839
31.25,39.42600066923435,-120.33806679134636
31.25,39.42433247947994,-120.32954333753949
31.25,39.42375088476187,-120.32973110376604
31.25,39.42311384276785,-120.33033604313148
31.25,39.42219634627777,-120.33443139957109
31.24,39.4256177897382,-120.32957334267451
31.23,39.42899393871938,-120.3360062443536
31.23,39.42802788190605,-120.33404997728705
31.22,39.427598509856786,-120.3367138484359
31.22,39.42577096848362,-120.32834148134039
31.21,39.428831718215086,-120.3393195504725
31.21,39.42865816329531,-120.33347905434839
31.21,39.423608686497204,-120.33479602117565
31.2,39.42879838579699,-120.3343029028818
31.19,39.42413223770112,-120.33327956232603
31.19,39.42263407129766,-120.33769629367191
31.18,39.43090321441536,-120.33313635218208
31.18,39.42872255042483,-120.3343131730751
31.18,39.427467204411116,-120.33714131198037
31.18,39.427480605622996,-120.33170459137365
31.17,39.42851639746716,-120.33770829304854
31.17,39.42478751028928,-120.33179627332626
31.17,39.423471984713935,-120.33816632415925
31.17,39.42470980026486,-120.32945497255905
31.16,39.427276292306594,-120.33745131702942
31.16,39.42583925222525,-120.3330911312173
31.15,39.425576694990575,-120.33829660634746
31.15,39.42667940608267,-120.33072614894635
31.15,39.425809493676255,-120.329166656428
31.15,39.42317733887362,-120.33024881864799
31.14,39.42672856523245,-120.33695991452007
31.14,39.427120179755626,-120.32823590011468
31.13,39.42707020037134,-120.33853170359744
31.13,39.42296825814979,-120.3342606630623
31.13,39.42245985268344,-120.33218328170486
31.12,39.42977105316078,-120.33701286221735
31.12,39.42661327307814,-120.33702932002004
31.12,39.425396310786454,-120.33531398774063
31.12,39.424909609108795,-120.3298872329978
31.12,39.424520324892676,-120.33165590609985
31.12,39.42407936088029,-120.33030455398163
31.12,39.42321697393815,-120.32810546533499
31.11,39.42970552106382,-120.3340089970442
31.11,39.42657364500852,-120.33787611664553
31.11,39.4253760921164,-120.32949022132314
31.09,39.42591387346134,-120.33655846011311
31.08,39.42900910221806,-120.33523584017841
31.08,39.42882701551362,-120.33527015347828
31.08,39.422397717652814,-120.33749380476112
31.07,39.42787636497447,-120.33661553443505
31.06,39.430586819682716,-120.33190042909688
31.06,39.42633027234775,-120.33696831784764
31.05,39.4272855260817,-120.33712728505328
31.05,39.42651483584318,-120.33715299861176
31.05,39.42342576213564,-120.32978894538792
31.03,39.4272481741347,-120.33180642707946
31.03,39.426919092255424,-120.32924529318319
31.03,39.425760077670496,-120.33247009507596
31.02,39.429183898537104,-120.33375685009287
31.02,39.42250183378006,-120.33285208583531
31.01,39.42717929685852,-120.337660324187
31.01,39.4254248746471,-120.33526322115549
31.01,39.42384113890255,-120.33955362794887
31.0,39.429058065471544,-120.33610101972722
30.99,39.43062116640184,-120.33219098533127
30.99,39.430830351606964,-120.32970578267901
30.99,39.425888101983944,-120.33011468473687
30.99,39.42254383480784,-120.33736229979445
30.98,39.42218000781894,-120.33303222515164
30.97,39.42637963262875,-120.33778513243699
30.97,39.42330479033766,-120.33284954435548
30.97,39.42254962666165,-120.33437114641002
30.96,39.429850004518165,-120.33407081747441
30.96,39.428612151255734,-120.33380255749692
30.95,39.42832633071122,-120.33458892061896
30.95,39.42657278257494,-120.33695479683779
30.95,39.425322327300414,-120.33536124876464
30.94,39.42904133781257,-120.33475004807815
30.94,39.428545355408,-120.33376746188469
30.94,39.42796799440477,-120.33601687304875
30.94,39.426385379684774,-120.3314612001909
30.94,39.423235097405374,-120.33032927182072
30.93,39.425191145289396,-120.33833362330826
30.93,39.4223309229648,-120.33745870875543
30.92,39.425170017942264,-120.3300616179412
30.91,39.42878688648411,-120.33181456236395
30.91,39.42695036830752,-120.3381147924928
30.91,39.4250967548841,-120.33695599793475
30.89,39.425455613965184,-120.33751571839524
30.89,39.425885559191215,-120.3293867089892
30.89,39.424001496446664,-120.3328710487941
30.88,39.429570234289706,-120.33644688600482
30.88,39.425348778827306,-120.3383757363269
30.87,39.42910209859305,-120.33370447404393
30.87,39.426883681242444,-120.33294139617674
30.87,39.424312832019844,-120.33033637514029
30.86,39.42651476582061,-120.33280238495203
30.85,39.42886895079826,-120.33543000799534
30.85,39.425501114400745,-120.32826079979776
30.85,39.423084272498706,-120.33590015229093
30.85,39.422263736848834,-120.3295105082202
30.84,39.43080252108826,-120.33327138535505
30.84,39.43055806225004,-120.32991511197073
30.84,39.42689232856815,-120.3362770088881
30.84,39.425375104230675,-120.32986554783118
30.84,39.42435073052388,-120.32917395349557
30.83,39.42737128280837,-120.33850198257105
30.83,39.4284907759028,-120.33228230063456
30.83,39.423419881563234,-120.33588229911223
30.82,39.42769490346164,-120.33683184227074
30.82,39.42230341993399,-120.32968168562024
30.82,39.42200922206268,-120.33069534325152
30.81,39.42681507612237,-120.33671094501658
30.81,39.42342979866279,-120.33111119183873
30.8,39.427289513155245,-120.32997861417644
30.8,39.42370815783389,-120.33915644537248
30.8,39.42224241634322,-120.33947620951238
30.8,39.42353891070941,-120.32894324705242
30.79,39.42539990416969,-120.32923180870006
30.79,39.42233727152491,-120.33696405436172
30.78,39.42610176656419,-120.32941259071784
30.78,39.42436164940149,-120.33148015086833
30.77,39.427595240086845,-120.33710052770107
30.77,39.42680682644898,-120.33615064533626
30.77,39.42633993217322,-120.32914306385922
30.76,39.42659001047162,-120.33311911199661
30.75,39.42747486602923,-120.33187227888935
30.74,39.430950543671386,-120.3375277322521
30.74,39.4238860230248,-120.33321911202698
30.73,39.425879361644135,-120.32909373755447
30.73,39.42302996000633,-120.33950479347169
30.73,39.42493105035136,-120.32862219818132
30.73,39.42198590693505,-120.33192333577324
30.72,39.42534407937926,-120.33483551985663
30.72,39.423759320752595,-120.33464182696002
30.72,39.422211195439566,-120.3352362890804
30.71,39.43080211376469,-120.33331972242571
30.71,39.4289108078274,-120.3317481154899
30.71,39.423075675426226,-120.32895359673412
30.7,39.427268619572985,-120.33605501313075
30.7,39.42472534041085,-120.3360890053643
30.7,39.42448732607881,-120.33043274044478
30.7,39.42272031244332,-120.32874656825352
30.69,39.427314665556075,-120.33624051676637
30.69,39.422300675868065,-120.33668486964353
30.68,39.42695272398195,-120.3357887984837
30.68,39.42492953870953,-120.32983349597858
30.67,39.426005135192554,-120.32906428125173
30.66,39.430043720827086,-120.33291341799693
30.66,39.424183434819405,-120.33695688284885
30.66,39.42278307307617,-120.33773543432527
30.65,39.429670325559535,-120.33330610032947
30.65,39.42775168912088,-120.33830564929907
30.65,39.42503265237651,-120.33737021027767
30.64,39.42865930494726,-120.33513974606787
30.64,39.42725058974275,-120.33716374133628
30.64,39.424074353258206,-120.33167217618166
30.63,39.42869794462008,-120.3351772762864
30.62,39.430504161449505,-120.33759230442175
30.62,39.42861096401118,-120.33445657277068
30.62,39.426334645652695,-120.3344006733553
30.62,39.42533559712832,-120.32941570363607
30.62,39.42472914801166,-120.32972822569248
30.61,39.42848267178576,-120.33375801871804
30.6,39.430469369135366,-120.33633203983064
30.6,39.43047039335791,-120.33313290003035
30.6,39.430008275630435,-120.32966542704592
30.6,39.426385061661286,-120.33252751991641
30.59,39.425779221243985,-120.33584561791542
30.58,39.42964871092241,-120.33586792421134
30.58,39.425456621204816,-120.32917860420285
30.58,39.423001225655355,-120.33266030941027
30.57,39.428076774143896,-120.33722983308863
30.57,39.428131937509136,-120.33223158774426
30.57,39.423063013998245,-120.33841341027136
30.57,39.42217467372735,-120.33315156896822
30.54,39.42574710437906,-120.3393853174874
30.54,39.42449948657607,-120.33078834898843
30.53,39.42906631028433,-120.33332859304363
30.52,39.43004123693041,-120.33269441885318
30.52,39.42824919570893,-120.33705889082732
30.52,39.42821819257788,-120.3340669659007
30.52,39.424972698955465,-120.32984833914948
30.52,39.4231613442336,-120.33060685559704
30.51,39.429253787746504,-120.33752569767574
30.51,39.42872414437305,-120.33361082111024
30.5,39.4254001776814,-120.33895087365646
30.5,39.424144204905595,-120.33391382442764
30.49,39.42513675624085,-120.33555190081012
30.49,39.422594258143555,-120.33933065831721
30.48,39.42971585219004,-120.33918745969675
30.48,39.4294319656794,-120.3338543010874
30.48,39.42520615560485,-120.33450935309224
30.48,39.42407227704841,-120.33756091344183
30.47,39.42796463065536,-120.33205285345167
30.47,39.427704663739604,-120.33002444479222
30.47,39.42497613269077,-120.33381219467853
30.47,39.42262223155967,-120.33525649626331
30.47,39.42337140666702,-120.33084875020582
30.46,39.42559044601111,-120.33410832927436
30.45,39.43081115960602,-120.3366071788377
30.45,39.42532371791056,-120.3297994024879
30.44,39.42724835180821,-120.33768408148016
30.44,39.42335779595424,-120.33554587091075
30.43,39.428419242685095,-120.33486326074777
30.43,39.427084549423085,-120.329387025274
30.43,39.42498094264459,-120.33503780335312
30.43,39.42284255164882,-120.33248455566651
30.43,39.42197980296074,-120.3326483035164
30.42,39.42996643788887,-120.3305236093538
30.42,39.428632934125964,-120.33416115618738
30.42,39.42725355585158,-120.33501973506236
30.42,39.42344964008303,-120.33517756556499
30.42,39.42408377307141,-120.32926391880213
30.41,39.42813221855793,-120.3363036284953
30.41,39.42681877907797,-120.33678493136587
30.41,39.426552463853184,-120.33756586130411
30.41,39.4220768963616,-120.33729861388504
30.4,39.4298168050623,-120.33261722031762
30.4,39.42900977541689,-120.33310312337063
30.4,39.42637200158713,-120.33125058462929
30.39,39.426170344137496,-120.33078131899285
30.38,39.42683414832904,-120.3305975913253
30.38,39.42505071674744,-120.33112334879739
30.37,39.42624609991195,-120.33489131405942
30.36,39.426944528448495,-120.33624649131683
30.36,39.425657649346604,-120.3340950901398
30.36,39.42306838640588,-120.33931200430318
30.35,39.42956907596751,-120.33427715814223
30.35,39.42745823449664,-120.33204833883975
30.34,39.4240686889463,-120.33568134583389
30.34,39.42497948091411,-120.32800870895615
30.33,39.430846941561185,-120.33365024468056
30.33,39.423490526034,-120.33955418412326
30.32,39.426015517901135,-120.33503013050664
30.3,39.43078155207773,-120.33319145656239
30.3,39.42626659154404,-120.33400158843018
30.3,39.42464762803114,-120.33041516179253
30.29,39.42498756430093,-120.33579142145048
30.29,39.4236426774242,-120.33615283003611
30.29,39.422416784862754,-120.33651880483569
30.29,39.4222352286326,-120.3300702384545
30.28,39.42879349189068,-120.33488293155183
30.28,39.427164788319075,-120.33528004941186
30.28,39.42643678252415,-120.33819259296314
30.28,39.42461124652987,-120.3303662951531
30.27,39.43057038247312,-120.33462160787819
30.27,39.42553442653314,-120.32841767441172
30.26,39.423966455245456,-120.33804559578412
30.26,39.42356697098863,-120.33486649902193
30.25,39.425180018551195,-120.33760268471836
30.25,39.42455655981622,-120.33017783353186
30.24,39.42759956755747,-120.33735651317947
30.24,39.42502785707674,-120.32869184364367
30.22,39.425808558388944,-120.33953976627073
30.22,39.423964786267575,-120.33388846539637
30.22,39.422724712591005,-120.32951150301915
30.21,39.42971692651775,-120.33265557948829
30.21,39.425381299965856,-120.33015851728959
30.2,39.430665772334706,-120.33229116308951
30.2,39.4290605685069,-120.33349628410676
30.2,39.42534448728891,-120.33478718644191
30.19,39.42625059524381,-120.32973037913364
30.19,39.42579547472132,-120.32877404926764
30.19,39.42465226691402,-120.33423400066974
30.19,39.424834644621406,-120.33262440799511
30.19,39.42305360233974,-120.32823105349408
30.18,39.4292548755785,-120.33918640313281
30.18,39.42528733616113,-120.32975053570141
30.18,39.423901794899976,-120.33031619544381
30.18,39.42371541909786,-120.33060352138895
30.17,39.42234762179897,-120.32983018175237
30.16,39.429216007271854,-120.33840951938686
30.16,39.427936543532304,-120.33589698338176
30.16,39.42275205198111,-120.33423476796403
30.15,39.42323525360346,-120.33467968821986
30.14,39.43044838538412,-120.33060453834383
30.14,39.42226088188655,-120.33447783328616
30.14,39.422073239289816,-120.33440117321872
30.13,39.42485557572438,-120.33501891576512
30.12,39.42924306211481,-120.3334136302027
30.11,39.427117507428484,-120.33010123642136
30.1,39.42386700310607,-120.33854458702987
30.1,39.423825197346574,-120.3309321087557
30.1,39.42309391296137,-120.33038977866337
30.1,39.42233489229959,-120.33211606830368
30.09,39.42628859694951,-120.33421517340435
30.09,39.423339138179315,-120.33082553460044
30.07,39.426542503948106,-120.33567191864604
30.07,39.42628852211006,-120.33319718916349
30.07,39.42655132208493,-120.33025795002501
30.07,39.42539543978983,-120.3297634769831
30.07,39.424576906119675,-120.33239034072237
30.06,39.42776666329111,-120.33397224117164
30.06,39.423646664262456,-120.32951349265515
30.05,39.42895586673591,-120.33513269346828
30.05,39.42621218360359,-120.32992318187327
30.05,39.42523155068967,-120.3289194291868
30.05,39.42222202076795,-120.3342099906932
30.04,39.42619527602798,-120.33398917617751
30.04,39.42317196823256,-120.33934764059985
30.03,39.42890400762943,-120.33409685584722
30.03,39.42847100064789,-120.33437206953673
30.02,39.427099584177725,-120.33838426797429
30.01,39.42975379351366,-120.3336741473672
30.01,39.425699364445414,-120.3340246098115
30.01,39.423616630303094,-120.33128450937058
30.0,39.428724789454236,-120.33763455954815
30.0,39.43003219381948,-120.3304250348564
30.0,39.423343784183416,-120.33001522974705
29.99,39.42956367106981,-120.33671125043695
29.99,39.42910680298163,-120.33340311676503
29.99,39.424857379771815,-120.33172335802304
29.99,39.423325243300106,-120.33811584162288
29.98,39.424593541999634,-120.3350378453845
29.98,39.4238899510465,-120.33352341659665
29.98,39.4235668916299,-120.32921946412858
29.97,39.43010410314533,-120.33242518351224
29.97,39.427460971685065,-120.33583033273138
29.96,39.42996128921045,-120.33267903806272
29.96,39.4270959522927,-120.33548662605139
29.96,39.4253110272358,-120.33541795386671
29.95,39.423666162729994,-120.33131366278276
29.94,39.42917307791037,-120.33913402089198
29.94,39.42692764477535,-120.33568322127384
29.93,39.429907695642065,-120.33646602850939
29.93,39.42806344669636,-120.33419551855926
29.93,39.42428996318112,-120.33869009966963
29.93,39.42476972505602,-120.33595885315542
29.92,39.430558982839926,-120.33648406326799
29.92,39.430605105993486,-120.32972526649402
29.92,39.42671976274556,-120.33774460485888
29.92,39.423678009029885,-120.32861542493976
29.91,39.425371400282664,-120.32798594675828
29.91,39.42462261248426,-120.32901297234311
29.91,39.42416719773685,-120.32912295555924
29.91,39.42218499910569,-120.33731156587278
29.9,39.43031334471483,-120.33044901974587
29.9,39.42846833297107,-120.33443174658792
29.9,39.42439866343743,-120.3317110081076
29.89,39.430087246453304,-120.33519468059511
29.89,39.427720606793315,-120.33711941961246
29.89,39.42631774340973,-120.32920814348736
29.89,39.42395160013777,-120.33673171048937
29.89,39.42389547267496,-120.33081086111896
29.88,39.426966250718934,-120.32826779422703
29.87,39.424464552116646,-120.33082480692883
29.86,39.42764317703605,-120.33834102975999
29.86,39.42732726261062,-120.33140947641297
29.85,39.42909861618787,-120.33386082349934
29.84,39.429427243214995,-120.33748842012083
29.83,39.428653936704166,-120.33475009165315
29.83,39.42630194585167,-120.33775840569785
29.83,39.422258789978905,-120.33754295644599
29.82,39.428283604073656,-120.3393854647661
29.82,39.42609189662452,-120.33751648122232
29.82,39.42331382945289,-120.3328041812125
29.81,39.42749832106022,-120.3321711950568
29.81,39.4221595703833,-120.32980186496467
29.8,39.42911886844677,-120.33556445862477
29.8,39.4271246211134,-120.33747185036027
29.78,39.428510677140174,-120.3345432642943
29.77,39.43058975487889,-120.33258011531885
29.77,39.42575342385787,-120.33787266318726
29.76,39.425634440842984,-120.33171189727072
29.76,39.425296027740735,-120.33257708927971
29.76,39.42454219024165,-120.33034254571233
29.76,39.4245937005877,-120.32962105396979
29.75,39.42658977535053,-120.33571241745234
29.75,39.42214511170916,-120.33357764380368
29.74,39.426322481404696,-120.33737767255472
29.74,39.4264285942918,-120.3348086668912
29.74,39.423970089784646,-120.33659265186496
29.73,39.42774045901155,-120.33553867548052
29.73,39.42786654218263,-120.33393388485344
29.73,39.42613292289139,-120.33291341712838
29.73,39.42613703496856,-120.33062444191114
29.73,39.42483101800624,-120.3369009362703
29.73,39.42472965746007,-120.33069785495631
29.73,39.42450413234041,-120.3299780311339
29.72,39.42756213078918,-120.3366649766347
29.72,39.42615210411413,-120.33730693980735
29.72,39.424398678697955,-120.33453455802136
29.71,39.42880329430256,-120.33756461562936
29.71,39.427503835251166,-120.33177317461151
29.71,39.42661768094034,-120.33497065992208
29.71,39.425188241415704,-120.33765398758322
29.71,39.4240291571143,-120.33856401830003
29.7,39.42944121334501,-120.33737203437413
29.7,39.425966247591106,-120.33060205910688
29.7,39.423127753535425,-120.32971069628528
29.69,39.43058708805684,-120.3326397941843
29.69,39.429722155372,-120.33383293207433
29.68,39.430004896969265,-120.33315456569612
29.68,39.42541368139298,-120.33735587021248
29.68,39.42537094267844,-120.33396011552233
29.68,39.42531410565745,-120.32836614490662
29.67,39.429197011905686,-120.33322812342095
29.67,39.42737713099804,-120.33601962942348
29.67,39.42425995645227,-120.33865553951907
29.67,39.423781386366755,-120.33587335368289
29.67,39.423573971037285,-120.33506279712523
29.66,39.427095382479784,-120.33632262462136
29.66,39.42352069705537,-120.33829214657975
29.65,39.426552633328164,-120.33677820323035
29.65,39.42695182149512,-120.32972917149753
29.65,39.425874595505896,-120.33069172157818
29.65,39.42566929565574,-120.32885183965534
29.65,39.42410808152053,-120.33460425523708
29.63,39.428549482767636,-120.33763484230612
29.63,39.42661444622111,-120.33586632843696
29.63,39.42530976831523,-120.33223038331832
29.63,39.42510797873489,-120.32842856042774
29.62,39.43033255710784,-120.33766657727793
29.62,39.427293231441645,-120.33519092729371
29.62,39.42673943204559,-120.33644254758818
29.62,39.424843611067125,-120.33822617843195
29.62,39.424871725257624,-120.32924405916917
29.61,39.43064404967926,-120.33614974794263
29.61,39.428952898685615,-120.33727675019857
29.61,39.42682073531276,-120.3350162718148
29.6,39.428574955999075,-120.33385035763425
29.6,39.425757935822084,-120.33400840141421
29.6,39.42550522030355,-120.33009207070687
29.6,39.423600267440925,-120.33937381084517
29.59,39.42407217362585,-120.33552500733839
29.59,39.42495978474767,-120.32829277130053
29.58,39.43074364200404,-120.33203920531429
29.58,39.4275512124035,-120.3361643474032
29.58,39.42506007391262,-120.33514985213854
29.58,39.42248201560479,-120.33443271622386
29.57,39.427928513568915,-120.33042863760983
29.57,39.42602740207636,-120.33848802290525
29.56,39.43073044148846,-120.3377065143286
29.56,39.42623054032532,-120.33057177174489
29.56,39.4235342586891,-120.3382241026782
29.56,39.42288953946242,-120.33794171412383
29.55,39.42486461563194,-120.33497355192065
29.55,39.42530662979605,-120.32951480588727
29.54,39.42497846247752,-120.33481881946494
29.54,39.42497086082449,-120.3321259364975
29.54,39.4245638668718,-120.32930784098441
29.53,39.43094823571984,-120.33652102426046
29.53,39.4288718871382,-120.3332859536787
29.53,39.426559050602634,-120.33781050198067
29.53,39.42565404722765,-120.33040985789982
29.53,39.42234287301376,-120.32962254674977
29.52,39.43027429738608,-120.33045982794917
29.52,39.429069336932926,-120.33553530010373
29.52,39.42699572021836,-120.33659130852628
29.52,39.423957842098716,-120.33855160193306
29.51,39.42570860730541,-120.33754216159087
29.51,39.425351604189544,-120.33368685883262
29.51,39.42522159555036,-120.33216370177087
29.51,39.4237398175006,-120.33950665038338
29.5,39.425983551861925,-120.33343160842215
29.5,39.4221873834279,-120.32855118732604
29.49,39.430300682459496,-120.33375319865297
29.49,39.42605742104975,-120.33468098817643
29.49,39.42448199446837,-120.33055208825989
29.48,39.42698131614827,-120.33624702799001
29.48,39.42653418133536,-120.32946435463928
29.48,39.423093659160145,-120.33478851848257
29.47,39.42892855792809,-120.33554746585938
29.47,39.42696784611747,-120.3383510631122
29.47,39.42650119616994,-120.33569406466331
29.47,39.42658915084012,-120.33039214508578
29.47,39.42296886249873,-120.33777511256044
29.47,39.422605938111424,-120.33436627962685
29.46,39.427248113302575,-120.33694475050376
29.46,39.42516835758999,-120.33206056272292
29.46,39.425098036350526,-120.33167282753712
29.45,39.42942866848611,-120.33373197606518
29.45,39.42841801881045,-120.33500826715303
29.45,39.427938364171155,-120.33028660091821
29.45,39.42681291932047,-120.33491663369668
29.45,39.42614306335542,-120.33735230416765
29.45,39.425497087176275,-120.3333733478157
29.45,39.423901491018604,-120.33753851489875
29.45,39.42426686721277,-120.33348340562128
29.44,39.42652771880128,-120.33588496845687
29.44,39.42450468747616,-120.33145663694913
29.43,39.42871980922184,-120.33335483187604
29.43,39.426616516139866,-120.33613365157171
29.43,39.426301804997955,-120.33007518842248
29.42,39.427083533051565,-120.3315680199443
29.42,39.423949815025544,-120.33822164577525
29.41,39.427542454253874,-120.33412537412661
29.41,39.42482390345978,-120.33466870731685
29.4,39.428928586804425,-120.33605647655915
29.4,39.4270669801268,-120.33558572828296
29.4,39.42630473257001,-120.33589309071107
29.4,39.42641782784485,-120.33120575346781
29.4,39.42352964163079,-120.32875829058463
29.39,39.42395063344741,-120.33812498084684
29.38,39.42967158606211,-120.33367010731224
29.38,39.4285260164794,-120.33349419325363
29.38,39.42736237133734,-120.33674168129971
29.38,39.42703329799011,-120.33598617894613
29.38,39.425497975740555,-120.33813621982085
29.38,39.42289863017624,-120.32812929123556
29.37,39.426327980267565,-120.33082341612244
29.37,39.423799707680175,-120.3308748701998
29.36,39.42531880721083,-120.33218501884052
29.35,39.430828805206566,-120.33605575706063
29.35,39.429493611993294,-120.3337300776059
29.35,39.42849733806147,-120.33484164963838
29.35,39.428900729546406,-120.33165981654504
29.35,39.426311395782086,-120.33766470724409
29.34,39.42831666222112,-120.33445228658908
29.34,39.42727523509403,-120.3368086551568
29.34,39.426526328985965,-120.33681762884365
29.33,39.42988459752246,-120.33227696561893
29.33,39.426772401859175,-120.32970382186214
29.33,39.42567450560209,-120.33414936212232
29.33,39.42324042880092,-120.33020992604646
29.32,39.430827488856714,-120.3346736960849
29.32,39.42945760044473,-120.33312385543329
29.32,39.42913647630401,-120.33450403733264
29.32,39.42489562672941,-120.33463278688853
29.32,39.42475139860693,-120.3324867113336
29.31,39.42460688406118,-120.33908997508514
29.3,39.42745585301043,-120.33618001781335
29.3,39.42638673158963,-120.33284317623036
29.3,39.423829882590105,-120.33576885388517
29.3,39.42371769594721,-120.33623922713339
29.29,39.429647560592116,-120.3375399803439
29.29,39.42618434773921,-120.33682116781846
29.29,39.423985112972304,-120.32915728195026
29.28,39.42380219476354,-120.33109385038401
29.27,39.42912780913815,-120.33399205586915
29.26,39.427634207741804,-120.33556271870903
29.26,39.42417110008878,-120.33687992974379
29.26,39.424767612718384,-120.33004440821749
29.26,39.42213919221509,-120.33786535346718
29.25,39.42759321743261,-120.33785120352697
29.25,39.42766707239742,-120.33525893445159
29.25,39.42410307901919,-120.33698983116611
29.24,39.42616678064729,-120.33505792633379
29.23,39.43019593825106,-120.33205683985034
29.22,39.42982897394011,-120.33630563437119
29.22,39.43004941945088,-120.33223670602175
29.21,39.42975628774593,-120.33773493778952
29.21,39.42519033604936,-120.33458874028898
29.21,39.42323332734329,-120.33695723073349
29.21,39.42240411019442,-120.33801707949068
29.21,39.422101646979286,-120.33231455796827
29.2,39.42587689365868,-120.33350398794008
29.19,39.42764205162833,-120.33617135967434
29.18,39.429741598453795,-120.3304947540119
29.18,39.42378773463951,-120.32843503459954
29.17,39.42937091204166,-120.33365151328589
29.17,39.42808030292014,-120.33424979237037
29.17,39.4280970025909,-120.33226804681854
29.17,39.42536656978213,-120.33319515250199
29.16,39.42920694144134,-120.33410410993467
29.16,39.42374933709284,-120.33608045665966
29.15,39.4243972626002,-120.33930869846677
29.15,39.422954892019625,-120.33789148781534
29.15,39.42363884388635,-120.32941385950403
29.14,39.428522941789446,-120.33360220592851
29.14,39.4278932531703,-120.33384612233768
29.13,39.42924061756358,-120.33370364636062
29.13,39.42338549695082,-120.32994474932052
29.12,39.42952244678802,-120.338769456304
29.12,39.42488505094567,-120.32894568774971
29.11,39.42285419070837,-120.33418507399576
29.1,39.42716407793894,-120.33741271179728
29.09,39.43033979031267,-120.3319366516375
29.09,39.429096268081985,-120.33567787470062
29.09,39.42505903797209,-120.33501619345947
29.09,39.42401736085269,-120.33663314983269
29.09,39.42241827486963,-120.33762205698089
29.08,39.43017716078694,-120.33710410170283
29.08,39.42720413637407,-120.33702657192255
29.08,39.42459036198833,-120.33361891160776
29.07,39.4259984651289,-120.3301162853786
29.07,39.42460484188921,-120.33498114078552
29.06,39.42425572075652,-120.32863232189618
29.05,39.42660791156872,-120.33099240417634
29.04,39.4287861158658,-120.33524396471245
29.04,39.42494019823578,-120.33806551190881
29.04,39.423999819156116,-120.33024084455855
29.03,39.429642557340294,-120.33608395270325
29.03,39.42800121115394,-120.33899744713182
29.03,39.428603158760126,-120.32792182373623
29.03,39.42687852154798,-120.3356057291196
29.03,39.423176629943434,-120.33751939772017
29.03,39.423950337101346,-120.3307206674113
29.02,39.43068312396981,-120.33664796580376
29.02,39.43022557681157,-120.33547253400549
29.02,39.42854649816965,-120.33260443918321
29.02,39.42296979773504,-120.33587289234018
29.0,39.42216203946742,-120.33464983919785
28.99,39.4288208629672,-120.33548617956683
28.99,39.42386837726256,-120.32914137332024
28.98,39.42986940338137,-120.3302236162569
28.98,39.428850918148974,-120.33320602701531
28.98,39.42645116211162,-120.32955698791771
28.97,39.42706021941499,-120.32867578335892
28.97,39.424412383952884,-120.33701140718246
28.96,39.42690107077249,-120.32984502129737
28.95,39.42743883226962,-120.33691341174858
28.94,39.429124104525094,-120.33391806730091
28.94,39.42753100164517,-120.33496974989782
28.94,39.424812125540356,-120.33375578173292
28.94,39.42440666247183,-120.3315319867127
28.93,39.42822645160485,-120.33462727627644
28.93,39.4252593564013,-120.32947431184985
28.92,39.42434881971462,-120.3286279833092
28.91,39.42977622075266,-120.33768119933194
28.91,39.43041982337529,-120.33065531029477
28.91,39.42751187937398,-120.33210314626581
28.91,39.425383748416756,-120.33935725309819
28.9,39.42876058369188,-120.33185399100023
28.9,39.42770323230765,-120.33507747207246
28.9,39.42387619752556,-120.33720262017185
28.89,39.42475759776049,-120.32865949468034
28.88,39.425371612321634,-120.33900163876795
28.87,39.4255618655428,-120.33749167875973
28.86,39.43072012851946,-120.33687884586469
28.86,39.428720053639026,-120.33742690572679
28.86,39.4245675181264,-120.3288728446448
28.86,39.42309027447138,-120.3290192064519
28.85,39.42980839731962,-120.33284459139264
28.85,39.42879119830694,-120.33438526340026
28.85,39.42677077797872,-120.3298971594488
28.85,39.4266295935974,-120.32995767009265
28.85,39.42430307712462,-120.33765243151473
28.85,39.422928466834,-120.32844249652422
28.84,39.425786703083084,-120.33752055418373
28.84,39.42697320132263,-120.32795510398178
28.84,39.424801524190805,-120.33501244124051
28.84,39.42316888848402,-120.3394556450308
28.83,39.427137148786095,-120.3372701403631
28.83,39.426794516198946,-120.33093539837918
28.83,39.424658249207816,-120.33864714572255
28.83,39.42548760106657,-120.33064345335349
28.83,39.42383590984165,-120.33120239019121
28.82,39.42647807048599,-120.33766145493675
28.82,39.42236008202949,-120.32911951927862
28.81,39.43031534035786,-120.33201307591771
28.81,39.429160631456654,-120.33317925229292
28.81,39.42871087655604,-120.33492722584069
28.81,39.428425322836055,-120.33362922149034
28.81,39.42623344475914,-120.33638966832045
28.8,39.42692015778455,-120.33169360699605
28.8,39.42625032793782,-120.33362031907456
28.8,39.42410581141016,-120.33845708809775
28.8,39.42486471605812,-120.32904775810746
28.79,39.427642358446,-120.33843769962085
28.79,39.4262430047911,-120.3298610712487
28.79,39.4238733309778,-120.33138491315957
28.78,39.42676638018844,-120.32913218187038
28.78,39.42645475709159,-120.3286129869535
28.77,39.42904406830753,-120.33570839359015
28.77,39.42554647096277,-120.3341901505425
28.77,39.42455505784952,-120.33805419690692
28.77,39.42560415809829,-120.33093802522097
28.77,39.42418014067066,-120.33683456656121
28.77,39.42535123780593,-120.32961497463462
28.76,39.42671601369134,-120.33665262830165
28.76,39.42743274531476,-120.33199109701548
28.75,39.42954336607568,-120.33398957446114
28.75,39.42730747679114,-120.3363228754028
28.75,39.42453902154728,-120.33790325913716
28.74,39.4300519456301,-120.33296472377852
28.74,39.4221054077487,-120.32877746921389
28.73,39.42323803957413,-120.33665589811672
28.73,39.42218672608238,-120.3396630570052
28.73,39.42374276216208,-120.33069775122908
28.73,39.42205170272469,-120.32821370604643
28.72,39.429721601611654,-120.33901976756646
28.71,39.42612779254831,-120.33608671340896
28.71,39.423907406460536,-120.33658320684734
28.71,39.425123502926816,-120.32941547311484
28.71,39.42201391917906,-120.33039401532685
28.7,39.423060304269484,-120.33745514389958
28.7,39.4238408355971,-120.33113137592112
28.69,39.42823775132008,-120.33457056876522
28.69,39.42388191507995,-120.33087890674999
28.68,39.429003849571735,-120.3335494878692
28.67,39.42233981857255,-120.33204505556942
28.66,39.42888379355125,-120.33623497196406
28.65,39.42848474293873,-120.32939594499767
28.65,39.42317398136109,-120.33808804049306
28.64,39.4295399233724,-120.33900573548371
28.64,39.42484250282429,-120.33323302508465
28.64,39.42204818377192,-120.33198110773039
28.63,39.426700000671,-120.33701068135018
28.63,39.42424450529996,-120.33766863663529
28.62,39.428672644738995,-120.3348413601106
28.62,39.42645963823069,-120.33497688774484
28.62,39.42461297063154,-120.33119092400403
28.6,39.42705077982831,-120.33622244932202
28.6,39.426089675949356,-120.33854580374242
28.6,39.42235991806606,-120.33786857824035
28.59,39.429339309890224,-120.3343193107518
28.59,39.42897610122289,-120.33350358594616
28.59,39.428672352557314,-120.33359300568925
28.59,39.42823486258973,-120.33439991038163
28.59,39.425390874034775,-120.3339063792826
28.57,39.42865553310999,-120.33404774036417
28.57,39.426537925807224,-120.3390272283515
28.57,39.4231125043789,-120.33742462879522
28.56,39.428234047050864,-120.33449658107781
28.56,39.424048185358025,-120.336571043952
28.56,39.423904493060036,-120.33590358325458
28.55,39.42742797837093,-120.32946877924219
28.55,39.422112672645866,-120.33767446052951
28.53,39.4279471733124,-120.33001090024368
28.53,39.427515865877275,-120.32879612585454
28.53,39.42216577587313,-120.33523278379299
28.53,39.423284293050244,-120.32911016301087
28.52,39.423403040062816,-120.33300451736844
28.51,39.43063734204017,-120.33771084161248
28.51,39.42571044169804,-120.33373757699322
28.51,39.426440389573344,-120.32877770376741
28.51,39.42385271694112,-120.33306223877698
28.49,39.42666482209504,-120.33630781238223
28.48,39.427529262713755,-120.33696875981249
28.48,39.42525831971979,-120.3339698500856
28.48,39.42410408832015,-120.33661451135674
28.47,39.42460108084936,-120.33773071460827
28.47,39.423690070847776,-120.33207320453677
28.46,39.43024294484896,-120.33751455285137
28.46,39.42737273857207,-120.33474564531063
28.46,39.42539957502165,-120.33492732015007
28.46,39.42528110356306,-120.33357778028945
28.45,39.42801253540276,-120.33227534999502
28.45,39.426806227105786,-120.33647764479454
28.45,39.4265967418495,-120.33026145240102
28.45,39.42523348203337,-120.33178000384918
28.45,39.422379142897704,-120.32865348226497
28.44,39.42785452579746,-120.3356142717882
28.44,39.427123365971426,-120.32914588528912
28.44,39.42650318432873,-120.3298051296064
28.44,39.42298558814851,-120.33528453898184
28.44,39.42332808983838,-120.32930699290614
28.43,39.42767184102265,-120.33597558696349
28.42,39.426295910445084,-120.33616878440824
28.41,39.428911806204574,-120.33752923343611
28.41,39.426674650950694,-120.33565678413463
28.41,39.42431092863177,-120.33877002288294
28.4,39.42772752585482,-120.33578872246208
28.4,39.42549386391615,-120.3342690025259
28.4,39.42228548028495,-120.33694623811284
28.4,39.42341626407979,-120.32937366922576
28.39,39.430835520667785,-120.33217988202337
28.39,39.429327306183566,-120.33317598952102
28.39,39.426987953462174,-120.3375096640836
28.38,39.426619972264355,-120.33033003433735
28.38,39.42245567112137,-120.3293341574797
28.37,39.43028374028511,-120.33550466247834
28.37,39.42658391311043,-120.33768574940262
28.37,39.42194816342809,-120.33049257892559
28.36,39.4269180331716,-120.33656458284173
28.36,39.42415321088133,-120.33669200122372
28.35,39.43068167332822,-120.33322981545172
28.35,39.42743246179262,-120.33356643234913
28.34,39.423518222597,-120.33807316700083
28.33,39.42946232202898,-120.33615525868004
28.33,39.428789108664475,-120.33745066330317
28.33,39.42667560921236,-120.33861408460602
28.33,39.42688131737804,-120.3296200943988
28.33,39.42473016928559,-120.33833257225196
28.33,39.424273972621535,-120.33238309427658
28.31,39.428646478212286,-120.33742583115499
28.31,39.428741162853306,-120.33621014218069
28.31,39.42897958318066,-120.33334723673838
28.3,39.42709211392186,-120.33670930121447
28.3,39.42540077064789,-120.32964412760268
28.3,39.423308672775704,-120.33033033909378
28.29,39.42231211030138,-120.33533159105747
28.28,39.43029174739898,-120.33250184696522
28.28,39.42820322353937,-120.33455869143677
28.28,39.42724511156482,-120.33473809894792
28.28,39.42650026365645,-120.33759637775779
28.28,39.424582209286854,-120.3345855698519
28.27,39.42397910338623,-120.33603831290193
28.26,39.42708309733296,-120.33726366395197
28.26,39.42567472411075,-120.33822126453272
28.26,39.424980043329626,-120.33744905938804
28.26,39.42453202990284,-120.33155086813996
28.25,39.422548429020274,-120.3393754819614
28.24,39.42846510524398,-120.32838333437951
28.24,39.4268098771721,-120.33039534725185
28.23,39.430713494014825,-120.33279234823793
28.23,39.42697189292247,-120.33684972442705
28.23,39.42585534905399,-120.33759264462685
28.23,39.424581393605045,-120.33468223566433
28.23,39.4224941368003,-120.32965032985757
28.23,39.42230469099968,-120.33004565546763
28.22,39.42912709215831,-120.33561576405177
28.22,39.42575463034243,-120.32925685363267
28.21,39.430860739030315,-120.33149775872116
28.21,39.42749326690979,-120.33636255249156
28.21,39.426462851571735,-120.33741384494732
28.21,39.422416917530356,-120.33522222691502
28.21,39.42339981153385,-120.32927106790424
28.2,39.428688430317955,-120.33425296013762
28.2,39.4266843315714,-120.3306551318521
28.2,39.42404910724267,-120.33901926068954
28.19,39.43079493004504,-120.33673490877432
28.19,39.42636585620959,-120.33762284980465
28.19,39.42689741612844,-120.33028003162192
28.19,39.424034211607385,-120.3333549092312
28.18,39.427412226495214,-120.33519550508588
28.18,39.426325968210634,-120.33722132926957
28.18,39.42645866352397,-120.33586121311806
28.18,39.42572156573013,-120.33780111003422
28.18,39.42585948094692,-120.33428570025742
28.18,39.42553753996858,-120.33062427351362
28.18,39.425617436879456,-120.33013066369637
28.17,39.42825272674742,-120.33792055525008
28.16,39.428771520067215,-120.33517834857166
28.16,39.42491036665925,-120.32928158427296
28.15,39.42990778284893,-120.33183653373085
28.15,39.42626547472907,-120.33053531279216
28.15,39.424003879623086,-120.32975751911087
28.14,39.42747424901844,-120.33451395091481
28.14,39.42636564077133,-120.33739252051308
28.14,39.42445491811303,-120.33684426413264
28.14,39.42570862928127,-120.32958034648074
28.13,39.42714741596578,-120.33707977155109
28.13,39.42255535134463,-120.33753591432325
28.12,39.427475487755565,-120.33871961783836
28.11,39.42457423939303,-120.33245001463388
28.1,39.43089318730804,-120.33124229620816
28.1,39.42244234451451,-120.32963251880673
28.09,39.427713019230126,-120.33391743216627
28.09,39.42734533979961,-120.33131874471017
28.09,39.42403840781776,-120.32976939345795
28.09,39.4234818435231,-120.32955375489385
28.08,39.429245505992405,-120.33312361402517
28.08,39.42632780135924,-120.33110207936706
28.07,39.427819998119915,-120.33560239402448
28.07,39.427521992778345,-120.3355241162159
28.07,39.42647688218878,-120.32984455772852
28.07,39.424806345625086,-120.33341448120905
28.07,39.42498351373912,-120.33113659058189
28.07,39.422989865391315,-120.33887297186946
28.07,39.422842268834515,-120.3379012159324
28.06,39.42820325644642,-120.33506769703165
28.06,39.427821899667194,-120.33332470704833
28.05,39.42713529972355,-120.32927117485895
28.04,39.42960143952771,-120.33582742359063
28.04,39.42805710909416,-120.33469021235672
28.04,39.42567326187127,-120.33762695049762
28.03,39.427403435094874,-120.33598020305621
28.03,39.426536403612566,-120.33690592560845
28.03,39.42732931834973,-120.3293621371805
28.01,39.4243462141231,-120.33715830076834
28.01,39.42370603617731,-120.33736221105018
28.0,39.42823326420323,-120.3351022575779
28.0,39.42748384312493,-120.33696525317943
28.0,39.42789884549473,-120.3344661067511
28.0,39.42725965290843,-120.33762737521332
28.0,39.42268032887113,-120.33427068772252
27.99,39.42842207089604,-120.33785762656278
27.99,39.42772529365009,-120.33630906607954
27.99,39.425512334530936,-120.33746252035287
27.99,39.42634175914916,-120.33330033064532
27.99,39.423905745090636,-120.32881491995389
27.98,39.42682757553409,-120.33600023983614
27.98,39.4269259779549,-120.3302292619953
27.98,39.42420262493781,-120.33468524878103
27.97,39.43070323336102,-120.33298272704455
27.97,39.428274725691686,-120.33429243385949
27.97,39.42810042023062,-120.33391738413209
27.95,39.43026992059257,-120.33200957226165
27.95,39.42314025123843,-120.33747052850144
27.94,39.428356559148064,-120.3348538166479
27.94,39.427080019383546,-120.33737167431177
27.94,39.42549207810178,-120.33524998312423
27.94,39.4252805109582,-120.33390477287145
27.94,39.4240458353359,-120.33223191957478
27.94,39.4226364191744,-120.3353704384442
27.93,39.42942626807834,-120.33888179594668
27.93,39.42778773047392,-120.33557917487047
27.93,39.42626034797329,-120.3360232457224
27.93,39.42651272992605,-120.33304405598611
27.92,39.43103640630654,-120.33658771639952
27.92,39.42732560764588,-120.33725014379164
27.92,39.4264948526336,-120.33618874764466
27.92,39.424154461511485,-120.33705598050115
27.92,39.42278114911512,-120.33617154086426
27.92,39.42232833465928,-120.32826036124536
27.91,39.42401011738161,-120.335697552498
27.9,39.42670801682601,-120.33118437471929
27.89,39.42250389356166,-120.33594286963739
27.88,39.42985979833536,-120.33624352336065
27.88,39.429813324017786,-120.33277357137035
27.88,39.427780479096796,-120.33464352887096
27.87,39.43007801983029,-120.33038020090316
27.87,39.42831625444077,-120.33450062199182
27.87,39.4222907277278,-120.33016203114643
27.86,39.430915551477796,-120.3332133118114
27.86,39.42968682371274,-120.3377595159243
27.86,39.428200147928884,-120.33466670358435
27.86,39.426725744986854,-120.33831624519672
27.86,39.42594396679255,-120.33862897897134
27.86,39.42574171352521,-120.33797770189757
27.86,39.4252414257848,-120.33340659370519
27.86,39.42284248348787,-120.33429010909296
27.85,39.42963569269715,-120.33894173208871
27.85,39.42674421618229,-120.3376681863153
27.85,39.42670669885709,-120.33031138763309
27.85,39.42345873120306,-120.3286975517822
27.84,39.42605270764713,-120.33933291853411
27.84,39.42527083508735,-120.33710071360557
27.84,39.42536956008096,-120.33206917321674
27.84,39.42420570056075,-120.33457724260356
27.83,39.43075258170201,-120.33329056476333
27.83,39.43060119133807,-120.33173570346031
27.83,39.42795770058139,-120.33569824030384
27.83,39.427708872972545,-120.33671545918473
27.83,39.42691174810126,-120.33858625811936
27.83,39.426817997437844,-120.32942865876498
27.83,39.42245143048616,-120.3395844728779
27.83,39.4222745727809,-120.32899317210499
27.82,39.42905602676221,-120.32888952717323
27.82,39.42561981891453,-120.32933167453302
27.82,39.422329911126766,-120.33783401935271
27.81,39.42633587408202,-120.3296264049512
27.81,39.42396030206089,-120.33442012284281
27.8,39.425757028990695,-120.3359106949828
27.8,39.425706807974876,-120.33468156798702
27.8,39.42471501791531,-120.33243784358211
27.8,39.42256277639234,-120.33819284430503
27.79,39.42659095237937,-120.32992014373573
27.79,39.42526938086872,-120.32905362109902
27.78,39.43094814367218,-120.33217014392221
27.78,39.42403959880702,-120.33142997905381
27.78,39.42206096353223,-120.33020419258585
27.77,39.4269956935223,-120.33608231142847
27.76,39.4297796508727,-120.33317403854842
27.76,39.428547528724756,-120.33556181614811
27.76,39.42891689951856,-120.33333779387924
27.76,39.42790235374332,-120.33199507670706
27.76,39.426429035630925,-120.33244569668882
27.75,39.43024561400061,-120.3374548744497
27.75,39.426846472688716,-120.33581284108296
27.74,39.423730511148435,-120.33779476968286
27.74,39.42498463773416,-120.3281680182099
27.74,39.422318609949095,-120.33789072172264
27.73,39.428260253985165,-120.33626284235815
27.73,39.425133271526484,-120.33570824160529
27.73,39.4242284685331,-120.337517699599
27.73,39.42435855891523,-120.33390272721948
27.73,39.42416213306427,-120.33461072939457
27.73,39.42306057385018,-120.33921237088975
27.72,39.42733298946824,-120.33688911812575
27.71,39.42733239791093,-120.33388345605256
27.71,39.42327737682435,-120.3345608785543
27.7,39.42868794847721,-120.33328327777845
27.69,39.426468714740466,-120.3326168855567
27.68,39.42676802181092,-120.33690077600163
27.68,39.42674754732512,-120.32982857750854
27.67,39.42979218620966,-120.33630509764707
27.67,39.428816262373736,-120.33166712051299
27.67,39.4244771947196,-120.32983546771092
27.67,39.42416615534489,-120.32898929861662
27.66,39.4263761025678,-120.33359087049186
27.66,39.42374161684977,-120.3295461466553
27.65,39.42702000513731,-120.33730255246702
27.65,39.42570127519368,-120.33943014305078
27.64,39.42682539019249,-120.3375385687716
27.63,39.42634870874408,-120.33581126962052
27.62,39.42657609722678,-120.33142984735078
27.62,39.42507212138526,-120.33397851360643
27.62,39.424332868811724,-120.33745666845095
27.61,39.42687607190703,-120.33589573572252
27.61,39.42650696985684,-120.33603537336656
27.61,39.4269549538704,-120.32832450172592
27.61,39.42365081453331,-120.33902765236641
27.6,39.4290983938096,-120.33363048551671
27.6,39.42553115592306,-120.3357481650128
27.6,39.4247918917552,-120.33256123013808
27.59,39.42808225095479,-120.33581380035784
27.59,39.42747753248203,-120.33181260256345
27.59,39.42402119847454,-120.33541052663921
27.59,39.42233008229323,-120.33704640725911
27.58,39.42632061598571,-120.3311844373904
27.58,39.42214557629055,-120.33172377648931
27.57,39.42460835751484,-120.33533378139518
27.56,39.42945393437463,-120.33355888096789
27.56,39.427614757486594,-120.32913310066158
27.56,39.42284584505986,-120.33543035879399
27.56,39.42205085027249,-120.33192143588549
27.55,39.4268004811031,-120.33664533036784
27.55,39.42632382741617,-120.32848313197564
27.55,39.42245015553637,-120.33436116782195
27.54,39.43078896692288,-120.33667226019898
27.54,39.429050714250266,-120.33363832256491
27.53,39.42814888260539,-120.33663657309586
27.53,39.42730126876976,-120.33038257116824
27.53,39.42533932836603,-120.33846943344078
27.53,39.42530947035305,-120.32917647193857
27.53,39.42336717487366,-120.33827568563102
27.52,39.42470037622164,-120.33852833603021
27.52,39.42520924173983,-120.32977215134844
27.51,39.42973693703138,-120.33361987243447
27.51,39.42777825063382,-120.33234019106122
27.51,39.424133017786964,-120.32855377191278
27.5,39.43067972313368,-120.32986000224955
27.5,39.42559603994776,-120.3390788523687
27.5,39.42548882252915,-120.33281305872589
27.5,39.42496772003409,-120.32941037179464
27.5,39.42304349902324,-120.33457737609484
27.5,39.42251621318272,-120.3285673226586
27.49,39.42690964864148,-120.32933899352378
27.49,39.42264841655986,-120.32906114251304
27.49,39.42221466365964,-120.32994198870584
27.48,39.42977232427637,-120.33788588640968
27.48,39.42285422925267,-120.33904443544283
27.48,39.422596785462304,-120.33288474370114
27.47,39.425949652013955,-120.33693432632911
27.47,39.4257431535171,-120.33422144925413
27.47,39.426722408385885,-120.32921400749399
27.47,39.42443250859356,-120.3366790165684
27.47,39.423633534089895,-120.33851273957386
27.47,39.42309321608629,-120.33816931898578
27.46,39.42464303225644,-120.33839954175538
27.46,39.424170837838204,-120.33280811198367
27.46,39.42307903102395,-120.3380553755364
27.46,39.42362702321237,-120.33262106914593
27.44,39.42668807468643,-120.33688539125788
27.44,39.42454662041398,-120.33777257094528
27.44,39.42312466973654,-120.33444776171406
27.44,39.423013491166984,-120.33454281824592
27.43,39.43039507569782,-120.3346218979462
27.43,39.42878001975559,-120.33647800998952
27.43,39.42881991090923,-120.33354681129387
27.43,39.42763142595763,-120.33742806799451
27.43,39.42785370931847,-120.33571094196236
27.43,39.42721758408684,-120.33492252968071
27.43,39.42682506705538,-120.33527225442741
27.43,39.42666838310985,-120.33152218086258
27.43,39.42517869111915,-120.33571174733504
27.43,39.42220329631077,-120.33745115813186
27.42,39.429312078361484,-120.33292837072156
27.42,39.426343618703065,-120.33102269015937
27.42,39.422641688994354,-120.33423316111045
27.42,39.42206779294364,-120.33067913298531
27.41,39.42778289001158,-120.3338445159629
27.41,39.42579966155287,-120.33777950290279
27.41,39.423904989804036,-120.3294205602719
27.4,39.42662212106338,-120.3372626196872
27.4,39.42620804783305,-120.33836839215596
27.4,39.42740418276758,-120.33204186630205
27.4,39.42568677557295,-120.33654092867177
27.4,39.425469258440586,-120.33513306718116
27.4,39.42558511088552,-120.33422767863864
27.39,39.42861944196543,-120.33242350801133
27.38,39.42572315324847,-120.33094259590965
27.37,39.42640092143487,-120.33064248870394
27.37,39.42234756754149,-120.32932121736555
27.36,39.42778954133622,-120.33945785616513
27.36,39.42580300638934,-120.33942878808814
27.36,39.42471292551644,-120.32985594643225
27.36,39.423917621278044,-120.32843122846216
27.35,39.42712334710419,-120.33659885813297
27.35,39.42675983246055,-120.32939653671755
27.35,39.42232825381756,-120.33751838062716
27.35,39.42316379229073,-120.32851130226089
27.34,39.42752104131025,-120.33358478276882
27.34,39.42725348757159,-120.33400173723969
27.34,39.425784461024875,-120.33419930262798
27.34,39.423680036351065,-120.32837376325226
27.33,39.42947179003419,-120.33323780796395
27.33,39.42836782495649,-120.33428810231692
27.33,39.42518948822393,-120.32954722973074
27.33,39.423003953828896,-120.32898952188981
27.32,39.429305561066734,-120.33370174788084
27.32,39.426745776587914,-120.33594786295636
27.31,39.42817456105102,-120.3364151467793
27.31,39.42851164251306,-120.33365891381465
27.31,39.42693371583572,-120.33162555865948
27.3,39.42925138630903,-120.33934275265432
27.3,39.429216646684274,-120.33910053450565
27.3,39.43084825136486,-120.32989372682007
27.3,39.424329958167725,-120.33344451525521
27.3,39.423228694137315,-120.33494402965944
27.29,39.426298987353185,-120.33606077516816
27.29,39.42573572973572,-120.3374060693646
27.28,39.42567119515015,-120.33735963080623
27.27,39.42544155020161,-120.3327725624309
27.27,39.42469753309426,-120.33502514333075
27.26,39.43058574439836,-120.33741434315223
27.26,39.42717061821406,-120.33663935787025
27.26,39.4256408524311,-120.33940935440282
27.26,39.4243197992576,-120.33233826513298
27.25,39.424968010501445,-120.33528784088483
27.25,39.42230493010209,-120.32847043179598
27.24,39.42737822512691,-120.33383862596395
27.24,39.42655609281221,-120.33611286541449
27.24,39.422050265114635,-120.33507187212417
27.23,39.4271699924238,-120.33645736064463
27.23,39.42243314290719,-120.3322710382424
27.22,39.43034443664233,-120.33677383248269
27.22,39.426575690255646,-120.33763444554421
27.22,39.425827677667314,-120.33009390381709
27.22,39.42559606736748,-120.32829345299064
27.22,39.423415377179175,-120.33308146899545
27.22,39.42317346726712,-120.32864792576297
27.21,39.42943088995234,-120.33321162011394
27.21,39.42973146737543,-120.32989743788023
27.21,39.42726937569067,-120.33494034569537
27.19,39.42618807401127,-120.3374041449429
27.18,39.427581161184776,-120.33518090565742
27.18,39.424446578972855,-120.33475704523934
27.18,39.423025827333866,-120.33461976972089
27.18,39.42278009966543,-120.32858536104341
27.17,39.42255232793009,-120.33917081540552
27.16,39.427777020953094,-120.33017051702303
27.16,39.426392495007505,-120.33600811191185
27.16,39.426343259374995,-120.33158001676672
27.15,39.42844986923047,-120.33943055179955
27.15,39.42732923293164,-120.33579713235498
27.14,39.426635506598465,-120.32951131995206
27.14,39.425044366511365,-120.32930343050475
27.13,39.430116737557334,-120.3370833137116
27.13,39.42246127641427,-120.33893348299723
27.13,39.422354402245446,-120.33877553435501
27.12,39.424354283861966,-120.33850621563816
27.12,39.42384227156694,-120.3335312531511
27.11,39.42678501405003,-120.33565839324997
27.1,39.42867819500609,-120.33212862536699
27.1,39.427537677960494,-120.3367413963816
27.09,39.426958609167414,-120.33867509350891
27.09,39.42219000134581,-120.3321025895232
27.07,39.42881476094628,-120.3333874932094
27.07,39.4242405873807,-120.33736433034916
27.06,39.430844950290236,-120.32977139958314
27.06,39.4261279966378,-120.33066980709712
27.06,39.42389895102104,-120.33296907786566
27.05,39.42666874217983,-120.33096485174978
27.05,39.42651742875483,-120.3304280705601
27.05,39.42338926907794,-120.32872213645585
27.04,39.42788869988158,-120.33669249143715
27.03,39.42294691639699,-120.33473804306266
27.02,39.42577502034218,-120.32966377058165
27.02,39.42251800782167,-120.32809534784009
27.01,39.42381407668778,-120.33302471220222
27.0,39.4288324611642,-120.3371868389341
27.0,39.42802625129533,-120.33424331813185
27.0,39.42680915969785,-120.33766629146072
27.0,39.42686732606291,-120.33154213142147
26.99,39.4300752245687,-120.33122757587766
26.99,39.42757101764935,-120.33407460556573
26.99,39.42452894763185,-120.33781496467165
26.98,39.42463465429275,-120.33015621851787
26.97,39.42758476239128,-120.33372788898389
26.97,39.42641698411734,-120.32898778609326
26.97,39.42263375102497,-120.33543011064498
26.97,39.42325822179834,-120.32937990900177
26.96,39.422510412511166,-120.33003157852183
26.95,39.42744803794531,-120.33608037869459
26.95,39.42666155358341,-120.33669448667426
26.95,39.42549323467117,-120.3340870095398
26.95,39.42347182974844,-120.33228897661395
26.95,39.42271712237525,-120.3296421887867
26.94,39.42749647390963,-120.33495787249488
26.94,39.42660072170823,-120.33672203427936
26.94,39.42517314456874,-120.33277719026687
26.93,39.42673164282536,-120.33685190466754
26.93,39.42409854691009,-120.32905087483687
26.92,39.423676414068915,-120.33677034570245
26.91,39.430541254468075,-120.33550841673423
26.91,39.429289057226114,-120.33591386481024
26.91,39.426350169873054,-120.33075833698062
26.91,39.42409436566716,-120.33545993166851
26.91,39.42504152561055,-120.32964176320844
26.91,39.422912245662545,-120.32857021437286
26.9,39.42845366770615,-120.3366808317537
26.9,39.425183562819875,-120.33897329695226
26.9,39.422309331940994,-120.3292353621522
26.89,39.42974630340855,-120.33250813608302
26.89,39.42731752433959,-120.33590217368973
26.89,39.42690697297614,-120.33736061649266
26.89,39.42503932748826,-120.3283564794269
26.89,39.42399476522364,-120.33109948928072
26.88,39.43045525456801,-120.33774514945384
26.88,39.424933482822205,-120.33527596375087
26.88,39.423155311438464,-120.33901471828293
26.88,39.422167133009445,-120.33763260552705
26.87,39.42415171265534,-120.33558872263589
26.86,39.42976528214025,-120.33667153803313
26.86,39.427626327518304,-120.33444507634073
26.86,39.42539914580969,-120.33881721429455
26.86,39.424513081788675,-120.3335438571382
26.86,39.42362772179542,-120.32919191136938
26.85,39.42814069042866,-120.33376157225474
26.85,39.42776069878821,-120.33390959544701
26.85,39.425759600805826,-120.33816563486278
26.84,39.429256901848284,-120.33177020493767
26.84,39.42454186210706,-120.33705594927879
26.83,39.424341230419984,-120.32875867210379
26.83,39.42234813834115,-120.33644671883863
26.82,39.43086976264706,-120.33376716884878
26.82,39.426441190402,-120.33280131511707
26.82,39.424736988732704,-120.33496600541748
26.82,39.425196287588015,-120.33182780279375
26.81,39.42982272606936,-120.33934542502355
26.81,39.42640463963223,-120.33636373075879
26.81,39.424301850012434,-120.33779742962105
26.8,39.42694374755627,-120.3312048584684
26.8,39.42453278989914,-120.3332597979784
26.8,39.42340448788225,-120.3307753015505
26.8,39.42235875411886,-120.33519010216342
26.79,39.4277864088507,-120.33419717201178
26.79,39.42691319781869,-120.33200629665247
26.79,39.42571353666945,-120.33747114591408
26.79,39.42302375210388,-120.3381938944394
26.79,39.42327062977032,-120.33510387161546
26.79,39.422094803086694,-120.32952511981826
26.78,39.42857854172307,-120.33239732093037
26.78,39.42646873882669,-120.33594950966703
26.78,39.425191116405465,-120.33398308926346
26.77,39.43049529050352,-120.33684997046593
26.77,39.428600629506974,-120.33362892902424
26.77,39.424498101048805,-120.33736809091202
26.77,39.4248053339339,-120.32916063649529
26.76,39.43096245445126,-120.33381117364976
26.76,39.42946979972195,-120.33783028027189
26.76,39.43021983929715,-120.33050169304397
26.76,39.4285316779154,-120.33513219887554
26.75,39.42671746182419,-120.33109067488084
26.75,39.42474774901837,-120.32880152534754
26.75,39.42442818811921,-120.32897034719764
26.74,39.42718217203479,-120.33398932481747
26.74,39.424892060305716,-120.3291419888567
26.74,39.42310833316517,-120.33073403953027
26.73,39.42434814405143,-120.33488072321862
26.72,39.42339933487093,-120.33293053470649
26.71,39.42742728875993,-120.33623078546192
26.71,39.422597453945436,-120.33690814128872
26.71,39.42236523742829,-120.32927882284261
26.7,39.429277774108954,-120.33314683255163
26.7,39.42760319408131,-120.33590349624463
26.69,39.42956922469645,-120.3334894672101
26.69,39.42519077322671,-120.3322258105372
26.69,39.4244667614647,-120.33030448659999
26.68,39.4267896741004,-120.3386896846507
26.68,39.42634157311983,-120.33691161218873
26.68,39.426762197848035,-120.33040318618464
26.68,39.42287704523378,-120.339161348393
26.67,39.43046723619584,-120.33222287257007
26.67,39.42408366238775,-120.33518964863696
26.67,39.42411563607606,-120.32933546657466
26.66,39.42830087570462,-120.3350406834942
26.65,39.42503538280854,-120.32985777846973
26.64,39.42701440057421,-120.33617357813806
26.64,39.425360741622505,-120.32822464564903
26.64,39.423546150732754,-120.32936986479339
26.63,39.42578528194492,-120.33794421640332
26.63,39.42545340617049,-120.33470346828598
26.62,39.42981576640924,-120.3324835528846
26.62,39.423978753019625,-120.33377208774367
26.61,39.43052747816259,-120.33252233602323
26.61,39.42948788712491,-120.33158303567515
26.61,39.42625431934248,-120.3392932153654
26.6,39.42357468296572,-120.33677170436408
26.59,39.42644472193734,-120.33648658757781
26.58,39.42943046288217,-120.33608370261433
26.58,39.42870387910699,-120.3390816591441
26.58,39.42765777978192,-120.33456496486218
26.58,39.42661943697685,-120.33116602744552
26.58,39.42393086199249,-120.33123504649383
26.57,39.42471641176901,-120.33867927427525
26.57,39.42409711804685,-120.33359467352281
26.55,39.42896357466233,-120.33703804078793
26.55,39.42296825890192,-120.33810209465506
26.55,39.42296466092254,-120.33057556783092
26.54,39.42882252541704,-120.33580184657924
26.54,39.42672197681613,-120.33671527334764
26.54,39.42453035670838,-120.33123521994968
26.54,39.42318588604269,-120.33770435440718
26.53,39.4271003111522,-120.33625160749989
26.53,39.42665154626356,-120.3381331738143
26.52,39.42749865408445,-120.33726120141046
26.52,39.42689177595781,-120.337622001465
26.52,39.42849911128124,-120.32923122365094
26.52,39.42674195854434,-120.33152324939975
26.51,39.42877713363175,-120.33630735025031
26.51,39.42787944227053,-120.33650752285388
26.51,39.42649918197209,-120.33644472917415
26.51,39.42478058668914,-120.33030335194812
26.51,39.4235958146093,-120.33606400035305
26.51,39.4224584446576,-120.3354303987217
26.5,39.430328562291244,-120.3358351837184
26.5,39.429515455477706,-120.3319076127101
26.5,39.426564929010404,-120.33301353624185
26.5,39.42653324567099,-120.3303486809969
26.5,39.42436707171039,-120.33237876051611
26.49,39.42681750026616,-120.33591194284206
26.49,39.42722926514573,-120.32967916624793
26.48,39.4303853101428,-120.33629100172573
26.48,39.42918228680057,-120.331635469862
26.48,39.42725637684534,-120.33417239329188
26.48,39.42490261854804,-120.33200551898904
26.48,39.42522789927208,-120.32935442951748
26.48,39.42413938391999,-120.33268823000559
26.48,39.42236989497148,-120.33592101187341
26.46,39.429292892018346,-120.3390419332325
26.45,39.425997314452594,-120.32896464490048
26.45,39.42338650330856,-120.3385489360506
26.45,39.42408168844634,-120.328996605225
26.44,39.429265475987705,-120.33357888774576
26.44,39.42773659412748,-120.33625235922396
26.44,39.427917553732925,-120.33455737418228
26.44,39.42713344611766,-120.33719615366334
26.43,39.426865782329514,-120.33043881154305
26.43,39.425028660673185,-120.33271537641785
26.43,39.42258270955394,-120.33813911131777
26.42,39.42730685053956,-120.33614087783556
26.42,39.4253970634626,-120.32957014306959
26.41,39.428085077337876,-120.3349664489101
26.41,39.42667494584134,-120.33741409892635
26.41,39.42649410708967,-120.33781239669926
26.41,39.42604261403901,-120.32975579897462
26.41,39.423322123002684,-120.32924435141034
26.4,39.428960009145406,-120.33566735701872
26.4,39.42986168345272,-120.33114200898393
26.38,39.42811351159493,-120.33621236034156
26.38,39.42809967324487,-120.33503206438539
26.38,39.42828950812877,-120.33407937857724
26.37,39.42506500191503,-120.33507883693548
26.36,39.426480974320135,-120.33834110278158
26.36,39.425200962456074,-120.33717362413117
26.35,39.42803224956849,-120.33481496850536
26.35,39.42574308715918,-120.33653606336671
26.35,39.42674683684115,-120.33094323695431
26.34,39.424032135741015,-120.33308759571953
26.34,39.42334357059773,-120.33209944743263
26.33,39.43012906979304,-120.32919797146172
26.33,39.42727219537466,-120.32946367764464
26.33,39.42314231772063,-120.33773783884257
26.33,39.42305157189061,-120.33259279972715
26.32,39.422333258739265,-120.328189348255
26.31,39.42515954393026,-120.33233625255603
26.29,39.43094561426756,-120.33759875306713
26.29,39.42665662465975,-120.33676550333475
26.29,39.42565352250243,-120.33740202529263
26.28,39.42706936909594,-120.32964841256248
26.27,39.42632115139645,-120.3303484477361
26.26,39.42812491592284,-120.3297205872105
26.26,39.42596904350101,-120.33873455576672
26.26,39.42601175578034,-120.3377797579517
26.26,39.423907723489066,-120.33218441754768
26.25,39.427545774996304,-120.33193302417672
26.25,39.425055857714305,-120.3335972505521
26.25,39.424748731834114,-120.33254638538551
26.25,39.42500549426065,-120.3290355803851
26.24,39.42462603058848,-120.32834765191117
26.21,39.4256934627262,-120.33933050599788
26.21,39.42590035960629,-120.33764448534546
26.21,39.42444262904447,-120.3377852690226
26.21,39.424985500767384,-120.33270053152472
26.21,39.424430096254206,-120.33414546218877
26.2,39.42653509667465,-120.33552394663421
26.2,39.42284914058294,-120.3355526727614
26.2,39.422695646992544,-120.33604518461904
26.19,39.42690199505741,-120.33641364047124
26.19,39.42696580345836,-120.33192744147608
26.19,39.42591922015102,-120.32898626160821
26.19,39.42341764897149,-120.3364026117392
26.18,39.427034273582045,-120.335101846549
26.18,39.42738562968336,-120.32935726617602
26.18,39.42616926192238,-120.33245329479651
26.18,39.42401809106192,-120.33500955636119
26.18,39.422609423455754,-120.33805135676577
26.17,39.426755949568324,-120.32960121570483
26.17,39.42326217692916,-120.33199874544783
26.15,39.42895818587917,-120.33613937368472
26.15,39.428641691693784,-120.33620016020933
26.15,39.425791263270725,-120.3385158493724
26.14,39.42824195541885,-120.33612323871003
26.14,39.42666877431309,-120.33378849028
26.13,39.42892243289739,-120.33627250288419
26.12,39.42765438680833,-120.33624831635137
26.12,39.42681687341566,-120.33572994651125
26.11,39.42347313769949,-120.33084738321787
26.11,39.423303700111894,-120.32808681684075
26.1,39.428401564000374,-120.33208195127744
26.1,39.42870251691036,-120.32871947582214
26.1,39.42839951776746,-120.33000892951385
26.1,39.428094906677444,-120.3296860289488
26.1,39.423008534260994,-120.33794629616253
26.09,39.42593757680875,-120.33810567857891
26.09,39.426676460798426,-120.33004649954506
26.08,39.42671040325227,-120.33552365876798
26.07,39.42983691803697,-120.33228480364458
26.07,39.42858172459003,-120.32918692298576
26.07,39.426511994623056,-120.33800033157847
26.05,39.4305542710136,-120.33678542639694
26.05,39.424781894805676,-120.33349089914327
26.05,39.42451067280024,-120.3343428339369
26.04,39.423079049676836,-120.33856434507427
26.03,39.42912117661301,-120.33323839479777
26.03,39.42793870864966,-120.33435863076473
26.02,39.4288887221764,-120.33616395308066
26.02,39.42751574307271,-120.33421313611358
26.02,39.423751215314084,-120.33662642251622
26.02,39.42442659277754,-120.33147825052028
26.0,39.429031881791325,-120.33202001966417
26.0,39.42754986318694,-120.33427334805603
26.0,39.42348158374619,-120.33677603242306
25.99,39.43027145334729,-120.33079818507204
25.99,39.4280768161053,-120.3382478425009
25.99,39.42722477192794,-120.33484017100746
25.98,39.42702228709258,-120.33780020852416
25.98,39.427364546861334,-120.33520334091969
25.97,39.42842328533999,-120.33387089888484
25.97,39.42656319901467,-120.33885414202202
25.97,39.42822426256834,-120.33051823649305
25.97,39.42654481874252,-120.3366785652912
25.97,39.423532435261365,-120.33203110621874
25.96,39.4241334187793,-120.33262558752831
25.96,39.42397085118026,-120.33033994464915
25.95,39.42764170367524,-120.33390501974833
25.94,39.42782444595715,-120.33840339485718
25.94,39.4249002194033,-120.33280450014168
25.94,39.42210124054698,-120.33518634946542
25.93,39.42984934099239,-120.33671257622852
25.93,39.42952755347523,-120.33791074649801
25.93,39.423742148441065,-120.33616281125252
25.93,39.422549911063776,-120.33561939516835
25.92,39.42790247751609,-120.33685477730901
25.92,39.425063807986895,-120.33573282011552
25.91,39.42935071870636,-120.33296590009742
25.91,39.42808359960483,-120.33437211513584
25.91,39.42787220604569,-120.33274819006371
25.91,39.427865609375104,-120.33250354540704
25.91,39.423349410828,-120.3288296087886
25.9,39.42694817400441,-120.33530248424809
25.89,39.42934994328332,-120.33357158596506
25.89,39.42827252563602,-120.33018339134411
25.89,39.42416961635186,-120.33295310990691
25.88,39.430793927272525,-120.33377743989796
25.88,39.42586731230796,-120.33873591170888
25.88,39.42536956442902,-120.33924330580759
25.88,39.426251176916516,-120.32940338213224
25.87,39.42693624630489,-120.33517719400756
25.86,39.4270792015442,-120.33746834343096
25.86,39.4232111781808,-120.33804024610394
25.85,39.43063647838578,-120.33678947004213
25.85,39.429111829570495,-120.33203539952858
25.85,39.42671781052644,-120.33567163113844
25.85,39.42728285640954,-120.32922497262844
25.85,39.42705969520325,-120.32951178156765
25.85,39.422831413162264,-120.33892752256644
25.84,39.42629391667676,-120.33742843893485
25.83,39.42751737363641,-120.3340197966327
25.83,39.42689211064719,-120.33604667792407
25.83,39.42641969220638,-120.33739899695628
25.83,39.42674041086969,-120.33555821879008
25.83,39.42556431888954,-120.33720167748008
25.82,39.42986556339527,-120.33325206733062
25.82,39.429886268085895,-120.3325926372
25.82,39.42666412179967,-120.32996954496635
25.81,39.427655706504034,-120.33429763792394
25.81,39.4224863140864,-120.33417971808142
25.8,39.42679682539492,-120.33758933544115
25.8,39.424574005503615,-120.32809951771043
25.8,39.42346509257446,-120.33283197134664
25.79,39.427176684385536,-120.33489634169418
25.78,39.428250052869004,-120.33413851987878
25.78,39.427102449641005,-120.32957495960304
25.77,39.42602989180539,-120.33921600039683
25.77,39.42513937338953,-120.32984506889112
25.76,39.43079645898631,-120.32987591353765
25.76,39.4247618801403,-120.3353502363823
25.76,39.422380022132415,-120.33702723267702
25.75,39.42632803522827,-120.3374886513769
25.74,39.42998659491834,-120.33301495946702
25.74,39.42726292430959,-120.33724069776603
25.74,39.422333604944704,-120.32943759325318
25.73,39.42642046032195,-120.3362843426175
25.72,39.42746969407489,-120.33402763325293
25.72,39.42556007136062,-120.33898164719596
25.71,39.42664609683947,-120.33056927078597
25.7,39.42999401468226,-120.33649572482783
25.7,39.42767131330714,-120.33782959589054
25.7,39.425831666196245,-120.33655441699452
25.7,39.423828182728116,-120.33212070620856
25.69,39.425633132672395,-120.33648611933738
25.69,39.424173057668185,-120.33511133493518
25.69,39.425125474864025,-120.32866482268734
25.68,39.43074707623994,-120.33137382871932
25.68,39.426947678600825,-120.33766547139085
25.68,39.42765937514596,-120.33386262324221
25.68,39.425816340073816,-120.33862142590567
25.68,39.42430040788322,-120.33771210500625
25.67,39.426638708515014,-120.33606857379944
25.67,39.42487308944952,-120.33576416095453
25.66,39.42981464441269,-120.33748839121243
25.66,39.42982178512693,-120.33638799586417
25.66,39.425020999297764,-120.33900219762977
25.65,39.42844652441428,-120.33778120625884
25.65,39.42802367930364,-120.33583000781398
25.65,39.42794834200061,-120.33398626026714
25.65,39.42765514465174,-120.33513364297298
25.65,39.426977962030215,-120.3351067130575
25.65,39.42227057480984,-120.3281799107332
25.64,39.42656307679319,-120.33066190293951
25.64,39.42607894143297,-120.32929567563112
25.63,39.43079317435878,-120.3320683621161
25.63,39.42798203924397,-120.33742750148205
25.63,39.42207267674548,-120.3352371137483
25.62,39.42282895580905,-120.33921751283081
25.61,39.42372234189394,-120.33927039002879
25.61,39.4238059285885,-120.33399136013914
25.6,39.42876789609261,-120.33329865896603
25.6,39.42737258191899,-120.3355333123198
25.6,39.42511094095814,-120.33706994434698
25.59,39.42882575639315,-120.33925690338452
25.59,39.42584611407516,-120.33791667013664
25.59,39.42337788437452,-120.33470451309545
25.59,39.42301872719472,-120.32877648104886
25.58,39.428180524297545,-120.33647779306898
25.58,39.42290834961463,-120.33058043758926
25.57,39.42580119807321,-120.33041199268348
25.56,39.430510478890014,-120.33325576196505
25.56,39.43051003147624,-120.33279507701228
25.56,39.42846902500425,-120.33563176199337
25.56,39.425737701804465,-120.33049922018783
25.56,39.42389899151081,-120.3368105588857
25.55,39.42428115878136,-120.33230073870263
25.55,39.42241070021088,-120.33442030419552
25.54,39.42399122041569,-120.33588494393297
25.54,39.42379579145365,-120.33621761891429
25.53,39.42702151351156,-120.32993491793586
25.53,39.4257044479285,-120.33649853395548
25.53,39.42376703615838,-120.3365470373446
25.52,39.42999481967951,-120.33306626521961
25.52,39.42766543932828,-120.33031392123495
25.51,39.43064123823053,-120.33750615207727
25.51,39.428905573690756,-120.32876507147996
25.51,39.426830768902235,-120.3384372094801
25.51,39.42472364828978,-120.32832063064048
25.5,39.428920604475216,-120.3334117822058
25.5,39.427805002809116,-120.33276143085509
25.5,39.42671578499591,-120.33308966240406
25.5,39.42544712508654,-120.33621611658842
25.5,39.4243656258782,-120.33229343593253
25.5,39.423523621670945,-120.33230678982038
25.5,39.42285855753665,-120.33495001050657
25.49,39.42833191934809,-120.33520890880196
25.49,39.42640659745934,-120.33894568847525
25.49,39.42647905794286,-120.33677712935061
25.49,39.42381267270053,-120.33678086469385
25.48,39.42614144836301,-120.33805463098659
25.48,39.42585597318924,-120.33777463855441
25.47,39.42745729618794,-120.33626534611996
25.47,39.42419357142896,-120.33857210891277
25.47,39.42407977418462,-120.33257078227469
25.46,39.429236564625484,-120.3318722806709
25.46,39.428298955303866,-120.33398567706811
25.46,39.42372645763616,-120.3349455950862
25.45,39.43040305426729,-120.3377756674248
25.44,39.42742619153271,-120.33225545403917
25.44,39.42677453657982,-120.33048014094172
25.43,39.42738463299704,-120.3343619364019
25.43,39.424623996063445,-120.33270949296015
25.42,39.43034498507536,-120.332604993644
25.42,39.42221693954224,-120.33506861403397
25.41,39.427484417240514,-120.33612925012466
25.41,39.42461464393806,-120.33150657255378
25.41,39.42269104358365,-120.33889134905243
25.4,39.428823693159764,-120.33898957199527
25.4,39.42333720511865,-120.33490864626175
25.4,39.4229592524433,-120.33481499450008
25.39,39.43079109573378,-120.33180102366077
25.38,39.426618674624976,-120.3384369525005
25.38,39.428055276998826,-120.33002384239043
25.38,39.4266426295951,-120.33637289010458
25.38,39.42622156798583,-120.33728236243903
25.38,39.42736435881524,-120.33034367646589
25.38,39.42605130105553,-120.33540599649483
25.38,39.42388633583966,-120.32803269496213
25.37,39.427560413082006,-120.33533131295961
25.37,39.42743708639648,-120.33507075013745
25.37,39.426738662517636,-120.33755720684078
25.37,39.42555899332816,-120.33398844437804
25.37,39.42305995181104,-120.33903038398304
25.37,39.425022874098616,-120.32825387603448
25.35,39.42713778941112,-120.33411948257591
25.35,39.42460187644603,-120.3371250685508
25.35,39.42366829059888,-120.3392639124287
25.35,39.424579797593495,-120.33256099039525
25.35,39.42333525041094,-120.33667722063896
25.35,39.42286311807881,-120.32849273135108
25.34,39.42725267234119,-120.33409840662874
25.34,39.42209876064255,-120.33496737429
25.33,39.423566739664054,-120.33847764202768
25.33,39.422255039166366,-120.33645104724246
25.33,39.42277760828773,-120.33248645506947
25.32,39.42806174639825,-120.33670354780789
25.32,39.42845890072141,-120.32989604621332
25.32,39.42756910657099,-120.32889926584711
25.32,39.42687500568514,-120.32830912642183
25.32,39.42647114509472,-120.3300122430648
25.32,39.42541931224031,-120.32820843263107
25.32,39.42230689961302,-120.33799575544228
25.31,39.42970147260351,-120.33217761956577
25.31,39.4286433253348,-120.33600681776353
25.31,39.42423874436406,-120.32936568515889
25.3,39.4253853170288,-120.33379540217345
25.3,39.42361187928592,-120.33672390903332
25.3,39.42439337463425,-120.33233933446556
25.29,39.42852226006645,-120.33573490837651
25.29,39.42759035530223,-120.33434787074387
25.28,39.422485044027376,-120.32918672752658
25.27,39.42911172999644,-120.3333320974697
25.27,39.422115836312706,-120.33525195955714
25.26,39.42984486671165,-120.33775329390393
25.26,39.428158584067795,-120.33394951041039
25.26,39.426036885020885,-120.33941230560491
25.26,39.42348545161872,-120.33606239068976
25.26,39.4232729388699,-120.32865789659415
25.25,39.428330461334205,-120.32998517917038
25.25,39.42435210933724,-120.33287046022124
25.25,39.423637748812986,-120.3362238437696
25.25,39.42316756638771,-120.33705579002726
25.24,39.4246536676957,-120.33714288549825
25.23,39.430333643530716,-120.33215268252786
25.23,39.42848276660392,-120.33014663026866
25.23,39.42698722285742,-120.32834771737609
25.23,39.423316635408355,-120.33195688550703
25.22,39.42655312311689,-120.32978594891846
25.21,39.4295383477325,-120.33586631471256
25.21,39.42774515839257,-120.33009896526082
25.21,39.42470461728727,-120.3367483874433
25.21,39.424817421472206,-120.33312745184104
25.2,39.427564990723084,-120.33632663241727
25.2,39.42749217384494,-120.33521088811578
25.2,39.426428465918335,-120.33610531672456
25.19,39.42671843746188,-120.33585362721946
25.18,39.42872329099306,-120.3331984832151
25.18,39.42229729479091,-120.33503566444162
25.17,39.429151385285046,-120.32887384680448
25.16,39.42847946577934,-120.33002430702084
25.16,39.42256861842951,-120.33571065614886
25.15,39.42738644124316,-120.32926059655595
25.15,39.42400231072605,-120.33277438373626
25.14,39.428422877784705,-120.33391923436211
25.14,39.42675555612349,-120.33862947125782
25.14,39.427188643387545,-120.3355306307599
25.14,39.42830103441004,-120.32962361443376
25.14,39.424450274527516,-120.33200747713762
25.14,39.42310507528797,-120.33676769389979
25.13,39.42934653385485,-120.33909674723571
25.13,39.42829876997233,-120.33810606259725
25.13,39.42692341889138,-120.33746322462882
25.13,39.4252425443351,-120.33890875935451
25.13,39.42492941342765,-120.33293572446802
25.13,39.42341077367582,-120.33208620684287
25.12,39.42926592805921,-120.33788133084569
25.12,39.42832814811605,-120.33411690803743
25.1,39.42826876564773,-120.32960039779265
25.1,39.42564810928998,-120.33599441167227
25.1,39.42580235399275,-120.33438723476974
25.1,39.425124933824684,-120.33746254939811
25.1,39.42222156337005,-120.32912035566162
25.09,39.426768862964444,-120.33731310279363
25.09,39.42537359995537,-120.33723301466301
25.08,39.42221070129089,-120.33759912147967
25.08,39.42263845166516,-120.32818523611799
25.07,39.43090290518723,-120.3318879592684
25.07,39.42759829274164,-120.33648351522177
25.07,39.42807318423482,-120.33252646807789
25.07,39.42667882094571,-120.33105314787306
25.07,39.42305328400835,-120.3367498776024
25.05,39.430682976495156,-120.33794469190728
25.05,39.42884066014914,-120.33672913426076
25.05,39.42865797845997,-120.33375772656387
25.05,39.42576511220141,-120.33725863600432
25.04,39.427531177463194,-120.3318674098293
25.04,39.42426510431019,-120.32802964702284
25.03,39.42910279071911,-120.33208076640406
25.03,39.42673589551719,-120.33044261423049
25.03,39.42229193202037,-120.33899640398016
25.02,39.429896442786664,-120.33754077205684
25.02,39.42765200207368,-120.33422365084594
25.02,39.42834008164363,-120.32961280607388
25.02,39.42481188115861,-120.32889628876987
25.01,39.43011878099492,-120.3335088384551
25.01,39.42538216469998,-120.33288543866085
25.01,39.422212358395896,-120.33791475969413
25.0,39.42635489052997,-120.33610424353111
24.99,39.426576635169695,-120.33290849553252
24.99,39.42209047946331,-120.33773953373716
24.98,39.427754835454415,-120.33537395704938
24.98,39.42719994350958,-120.33547392420346
24.98,39.42670321496147,-120.33560601678762
24.98,39.42584258301242,-120.33705503438335
24.97,39.428718506164195,-120.32836141102621
24.97,39.42659916771167,-120.33895134847943
24.96,39.42654963702554,-120.33892218865483
24.96,39.42586337151712,-120.33408102405866
24.95,39.42784394330724,-120.33404729947507
24.95,39.425393423074574,-120.33514333603141
24.95,39.42520085271816,-120.33513768625969
24.95,39.42260581433256,-120.33566286093723
24.94,39.4272759979396,-120.33569398762735
24.94,39.426954765189244,-120.33554712605685
24.94,39.42747762985762,-120.32871026478401
24.94,39.42448258766841,-120.32841950489296
24.94,39.42311159435916,-120.32854182381905
24.93,39.426581301201,-120.33492178966031
24.93,39.423659473719034,-120.33236563268429
24.92,39.42397252638318,-120.33297014783366
24.92,39.422795361763185,-120.33679445101613
24.92,39.42322127666225,-120.33197256054656
24.92,39.42354447202505,-120.32905422095583
24.91,39.42744092216548,-120.33768973819129
24.91,39.422588866678836,-120.33792310408508
24.9,39.42884882945629,-120.33576241934489
24.9,39.42770810100797,-120.33783013337428
24.9,39.425410503302224,-120.3326043448911
24.9,39.42518059466047,-120.33343414353457
24.89,39.42389778050172,-120.33130849547335
24.89,39.42286045321632,-120.32855240399242
24.88,39.42546181728728,-120.33447611111673
24.88,39.425126226485006,-120.32805917214229
24.88,39.4239803439222,-120.33306978182881
24.87,39.42624930018846,-120.33117202790604
24.86,39.42979918400941,-120.33650141278491
24.86,39.42837032063726,-120.32987770007321
24.85,39.42769053526666,-120.3286138232111
24.84,39.4282993628849,-120.33393734167403
24.84,39.425604412974785,-120.33399194904851
24.84,39.42589726229711,-120.32928166867957
24.83,39.42989105855754,-120.33099456466881
24.83,39.42766452450094,-120.33402193881557
24.82,39.4270511294067,-120.33515611979908
24.82,39.42611128508839,-120.33496612496647
24.82,39.423066696974345,-120.33797842341895
24.82,39.423395873148756,-120.32896676562784
24.81,39.430987535270646,-120.33391675610022
24.81,39.42351453929031,-120.33850815656375
24.81,39.42290735845247,-120.33095575127781
24.8,39.429177671793,-120.33295485247206
24.8,39.42775154070554,-120.33242795399356
24.8,39.42550888621361,-120.33863683513884
24.79,39.427746953540975,-120.33425631283768
24.79,39.426480869024125,-120.3329725042088
24.78,39.42714347066259,-120.336266454946
24.78,39.424088813200676,-120.33252541861083
24.77,39.42826257516096,-120.33393680616582
24.77,39.42825196074277,-120.33005513085831
24.77,39.426754244240726,-120.33673849266634
24.76,39.42393560809829,-120.33144268616063
24.75,39.43026426816586,-120.33088054761616
24.75,39.427251107571394,-120.33530974318882
24.75,39.42344931371593,-120.33342032914042
24.75,39.42366694355891,-120.32890245047703
24.74,39.42993604234305,-120.33618491855465
24.74,39.427900511575146,-120.3391324667272
24.74,39.428403807292305,-120.32975591041006
24.74,39.42489166548996,-120.3338194957367
24.73,39.423322609167236,-120.33484303513147
24.72,39.42818059140143,-120.32953371672338
24.72,39.42539852944126,-120.33197007190235
24.69,39.428934669996316,-120.33199870172194
24.69,39.42882204707229,-120.33200843981898
24.69,39.42636289586804,-120.33592521778051
24.69,39.42690731748655,-120.3306469934073
24.69,39.42423762352646,-120.33566674821496
24.68,39.42714763915439,-120.32934812981985
24.67,39.42730014301847,-120.33770189947978
24.67,39.423515396613396,-120.33225548874411
24.67,39.42398233220184,-120.32819900371433
24.66,39.428126756213395,-120.33822866722491
24.66,39.42906979202305,-120.33317224363242
24.66,39.42745665794812,-120.32863034098796
24.66,39.426509025006574,-120.33065543151798
24.65,39.42836380895058,-120.33578947012064
24.65,39.42828894773764,-120.3349153909537
24.64,39.425520829989516,-120.33492055632198
24.64,39.42346975160031,-120.33202166521123
24.63,39.428644706034035,-120.33225041439358
24.63,39.428018248364864,-120.33442234818563
24.63,39.427274773100685,-120.33583899172659
24.63,39.4266928327379,-120.33144576026977
24.62,39.42820714830123,-120.33486301424254
24.62,39.42407700161913,-120.33392706345361
24.62,39.42371008582366,-120.33303741697674
24.61,39.4257395038216,-120.33951600767887
24.61,39.42750658442207,-120.33041682909288
24.61,39.426174246934764,-120.3362238801779
24.6,39.42597254852718,-120.33908720320947
24.59,39.427527329146194,-120.3354047637513
24.59,39.426717736219715,-120.33849527158071
24.59,39.427147084501144,-120.33481344711909
24.59,39.42800533815195,-120.33004302331246
24.59,39.42639461436529,-120.33729341996614
24.59,39.42559711050475,-120.32842711256546
24.58,39.42729224283222,-120.328622272609
24.57,39.42690008625801,-120.33535865441267
24.57,39.423814715826076,-120.33653920278618
24.56,39.42975879885981,-120.33897196932983
24.56,39.4292846697142,-120.33899062729837
24.56,39.427658903579186,-120.32877260560201
24.56,39.42750792642641,-120.3294841559456
24.55,39.429165265198556,-120.33903437908845
24.55,39.426695618357684,-120.33573670910366
24.55,39.424355470760474,-120.33734326039978
24.54,39.42824249188482,-120.33477822101479
24.54,39.427815445303615,-120.33229239067384
24.54,39.424724086961575,-120.33572502323096
24.53,39.42700470739452,-120.33038964308244
24.52,39.425375706703505,-120.33851830464766
24.52,39.42707713470031,-120.32923905279722
24.51,39.42709262500288,-120.33485530712595
24.51,39.42406928159272,-120.33021626113582
24.5,39.42834687981535,-120.33189347848298
24.5,39.42690553054736,-120.33727528881343
24.5,39.42417038877376,-120.33234746741041
24.49,39.424526784512395,-120.3326881753904
24.49,39.42273562712517,-120.33848255283799
24.48,39.42491791069728,-120.33609465763158
24.48,39.42347986722769,-120.33544244398087
24.48,39.4231959851427,-120.33446017389198
24.47,39.42398381340027,-120.33573697711846
24.47,39.424450896897056,-120.3280693011411
24.47,39.422167374991204,-120.33453049551262
24.46,39.42231476238293,-120.33962228016675
24.45,39.42202800596499,-120.33411902179125
24.44,39.42417933727246,-120.33128414910675
24.43,39.42853671049084,-120.32913508560871
24.43,39.4251348687189,-120.33218234587135
24.43,39.422665735049975,-120.33804649284357
24.42,39.43021405737954,-120.3352989013936
24.42,39.42957574067687,-120.33271608721243
24.42,39.42985462751647,-120.33043667698092
24.42,39.427756622243855,-120.33439294576515
24.41,39.426433274970854,-120.33783994330041
24.41,39.42658252497449,-120.33477678693579
24.41,39.42332486058813,-120.33200818640839
24.4,39.4262706666001,-120.33685086303204
24.4,39.42298022036628,-120.33489491511983
24.38,39.430749200579754,-120.33215019051023
24.38,39.42822235763501,-120.3299722370322
24.38,39.42416772206794,-120.33240714098814
24.37,39.42410567310155,-120.32845954237476
24.36,39.4285909606854,-120.33682501649915
24.36,39.42622183999794,-120.33903966622903
24.36,39.42553181006298,-120.33643914490499
24.36,39.422154766331985,-120.32908526747364
24.35,39.42301690500346,-120.336701008854
24.34,39.429807631638326,-120.33113553690845
24.34,39.42393564844698,-120.33861667653156
24.34,39.423627917622824,-120.33354235138087
24.33,39.42777386266261,-120.3377315685974
24.33,39.426739903037095,-120.329450275217
24.33,39.424275231932114,-120.3304325069441
24.33,39.422488822109536,-120.33208418442254
24.31,39.422977709081,-120.3380084005645
24.3,39.4249420841634,-120.33912046945275
24.3,39.42409296676836,-120.33306004603612
24.3,39.422803879532026,-120.33911194045113
24.29,39.42742821731621,-120.33867911657086
24.28,39.429446397727936,-120.33854938281127
24.28,39.428468805892926,-120.33540142601034
24.28,39.425723044407334,-120.33890441261248
24.28,39.425484528845374,-120.33075146161227
24.27,39.42469271136833,-120.32917037845529
24.26,39.42665779534547,-120.33560251105037
24.26,39.42623871505588,-120.33011408278765
24.25,39.42551198197884,-120.33903781383657
24.25,39.42703535101961,-120.33060619794787
24.25,39.424771794775616,-120.33622616947518
24.25,39.422337351482824,-120.33899991163688
24.25,39.423578305339554,-120.32837513372307
24.24,39.42793317170434,-120.33859834868663
24.24,39.428094933102486,-120.33482441252917
24.24,39.42721918146201,-120.33422019234301
24.24,39.427062652286835,-120.32838577577402
24.24,39.42219537543588,-120.3353156728312
24.23,39.42736165899659,-120.33503268457113
24.23,39.42636550163451,-120.33919816187634
24.23,39.423124573185184,-120.33625332217997
24.22,39.428736766188045,-120.3321124147668
24.22,39.42805221476439,-120.33244654251729
24.22,39.427668069127535,-120.33205991858233
24.22,39.42616068638067,-120.33629192693796
24.22,39.42516825775509,-120.33335718996946
24.21,39.42397223980162,-120.3388958685375
24.21,39.42461003029921,-120.33282587185616
24.21,39.422428902476916,-120.33636543925974
24.21,39.4232501519965,-120.33085552065855
24.2,39.422568047117565,-120.33654660239304
24.2,39.42215746786751,-120.33749598272455
24.19,39.426597371928644,-120.33558172532499
24.19,39.42400701286287,-120.33247304764377
24.19,39.42347720566357,-120.3326786029305
24.19,39.42196092200326,-120.32871566597557
24.18,39.4271672365302,-120.33499004163052
24.18,39.42293060939458,-120.32921877431205
24.17,39.428876847007466,-120.3370566800083
24.17,39.42663240862852,-120.33142497800681
24.17,39.42634432989627,-120.32990803692816
24.15,39.427262450166474,-120.33293837381635
24.15,39.42521520831402,-120.32983479452206
24.14,39.43078610604965,-120.3370106194845
24.14,39.422462830091156,-120.33670429632397
24.13,39.42938280311131,-120.33326779359672
24.13,39.42733469053637,-120.33822277764413
24.13,39.427382438326326,-120.3353912774153
24.13,39.42420839724389,-120.33220300407126
24.13,39.42238729162205,-120.33898073840157
24.13,39.42258631887085,-120.33617722912733
24.12,39.43016339795979,-120.33129426075864
24.12,39.42984043536908,-120.3303227243967
24.12,39.42870588017926,-120.33398022636925
24.12,39.426959641627306,-120.3298288092463
24.12,39.422077537706926,-120.33414817650413
24.11,39.43001598963045,-120.33620030321501
24.11,39.424215036008974,-120.33295661385996
24.1,39.424489456266095,-120.33120903502103
24.1,39.423789992231555,-120.33254382229578
24.09,39.427729755891086,-120.33526837881253
24.09,39.42636798299067,-120.33506654528422
24.09,39.42586817225648,-120.33016842239078
24.09,39.423996345628794,-120.3327117413706
24.09,39.4239036536276,-120.33266774221642
24.08,39.428575548461914,-120.33352335015789
24.07,39.430665039865694,-120.33340588289605
24.07,39.4268044239381,-120.33745864313686
24.07,39.4264927219044,-120.33490343784169
24.07,39.424016281995264,-120.32853786422422
24.06,39.42638508813283,-120.33586014017247
24.06,39.42582043298446,-120.33813808879209
24.06,39.424477069041465,-120.33062310319892
24.05,39.428387254610165,-120.33608839123188
24.04,39.42639571617421,-120.32997418328195
24.03,39.427046389472096,-120.33494847094498
24.03,39.42677829245894,-120.3310631224952
24.02,39.427789295308806,-120.33820951696791
24.02,39.42847257846149,-120.32904031709447
24.01,39.427785397968734,-120.33841419839433
24.01,39.428543138076066,-120.3296584040112
24.01,39.42686991828185,-120.33611175593107
24.0,39.42358526633803,-120.3321825751668
23.99,39.42710242800374,-120.33753692813919
23.99,39.42374402630213,-120.33670877705697
23.99,39.423534107327455,-120.33517026623824
23.98,39.42638141253304,-120.33629514708893
23.97,39.43032789153774,-120.33000561578619
23.97,39.42779617286491,-120.33586081319594
23.97,39.42583520071363,-120.3374160525933
23.97,39.42689312554341,-120.3305330454251
23.97,39.423639317999005,-120.33218904746792
23.96,39.427604038528344,-120.33631582778602
23.96,39.428491345699236,-120.32964059146498
23.96,39.42753812015912,-120.3338693890438
23.96,39.42519722813594,-120.33325808944672
23.95,39.424442607215674,-120.33727628989011
23.94,39.42651750481912,-120.3370933232727
23.94,39.42576168291506,-120.33894194331856
23.93,39.428236495855245,-120.33804828037395
23.93,39.428103889625845,-120.32913165751363
23.93,39.425861505239425,-120.33737662757436
23.93,39.42590978666537,-120.33704179794043
23.93,39.42226043540708,-120.32938819551818
23.92,39.424151550684186,-120.33637635456807
23.92,39.424255487661476,-120.3325221545611
23.91,39.42847066294286,-120.33261471112156
23.91,39.424134528806874,-120.33710971495444
23.9,39.424270456699084,-120.33485400034951
23.89,39.42800949208586,-120.33571605705625
23.88,39.42852221997561,-120.33008748659933
23.88,39.42346812413245,-120.33221499391833
23.87,39.427701126170014,-120.33430114289018
23.87,39.42657809460802,-120.33632645188578
23.87,39.42324979628339,-120.33756880430579
23.87,39.42326896555868,-120.33478822884764
23.86,39.42916185320744,-120.33303424436791
23.86,39.42878186231468,-120.33318227347117
23.86,39.42839256795253,-120.33263632462747
23.86,39.42789143678935,-120.33431813208794
23.86,39.42663308669348,-120.33211596837965
23.85,39.42804087265346,-120.33199424576382
23.85,39.4266373402782,-120.33751023019002
23.85,39.428018611155224,-120.32923563482095
23.84,39.42759396348119,-120.33622752980013
23.84,39.42621718844523,-120.33600839860267
23.84,39.426470831349114,-120.33339320146237
23.84,39.426118472955864,-120.33488376755722
23.84,39.42484860743525,-120.33533159617627
23.84,39.424818601219066,-120.32835328356093
23.84,39.422599344918105,-120.32949262559823
23.83,39.428410574953496,-120.33819300495564
23.83,39.42805277615672,-120.33443422541863
23.83,39.429111932480815,-120.3289329916503
23.83,39.425477417335145,-120.32953718592022
23.82,39.42893582759619,-120.33699213755216
23.82,39.42783860823644,-120.33416665256227
23.82,39.42694221017037,-120.33523983912266
23.82,39.42657725019634,-120.3359141261928
23.82,39.42553202944317,-120.33102228322656
23.82,39.42247263211295,-120.33554434067871
23.81,39.428284871579784,-120.33257504312367
23.81,39.426979654824784,-120.33593136900282
23.81,39.423792714412144,-120.3363256244099
23.81,39.42493539520024,-120.32887817372293
23.81,39.422892080893014,-120.33533720069308
23.8,39.42856730009721,-120.32884263637587
23.8,39.4267347443239,-120.3372528900674
23.8,39.4256833143655,-120.3292444461459
23.8,39.42394307168137,-120.33492316018044
23.79,39.42846333375801,-120.33681746634024
23.79,39.42760969235722,-120.33462113606815
23.78,39.42751322508526,-120.3368178160768
23.78,39.422833513980734,-120.3284098443399
23.77,39.42884013774557,-120.33909218322093
23.77,39.42343296392041,-120.33202113071306
23.75,39.42918571279696,-120.333284831894
23.75,39.42718066682846,-120.33621865699716
23.75,39.428491233563214,-120.32862257622796
23.75,39.42783368534075,-120.3296083085219
23.74,39.4304024137314,-120.33375183561928
23.73,39.42428861137802,-120.33295768381996
23.72,39.42827435176858,-120.33484977533021
23.72,39.42704837656503,-120.33753045153178
23.72,39.42667354460401,-120.33834676118194
23.72,39.42752737453193,-120.33309009254096
23.72,39.427119183491016,-120.33041689587566
23.72,39.42639467469286,-120.3298405222091
23.71,39.43068836963377,-120.3321777434943
23.71,39.428131310759525,-120.33922399465874
23.71,39.428182508671874,-120.33239440803457
23.71,39.42262233936082,-120.33729236155686
23.71,39.42204046445813,-120.32877937192575
23.7,39.42473458292986,-120.3306268397744
23.69,39.425036813304246,-120.33457228682065
23.69,39.42421522526979,-120.32855780584362
23.69,39.42220117857983,-120.33616592454763
23.68,39.42767936767495,-120.33200321110782
23.68,39.42632880414412,-120.33637399845156
23.68,39.42473274701069,-120.33623697373174
23.68,39.422655248412404,-120.33416511727484
23.68,39.42202992523595,-120.33517393675943
23.67,39.43041088021515,-120.33171872042108
23.67,39.424778044997254,-120.32957538734016
23.67,39.42404119317913,-120.32892208914775
23.67,39.42326249043676,-120.33093247175637
23.66,39.427831420838345,-120.33424901200141
23.66,39.42695377785943,-120.33078415816063
23.66,39.42700686083255,-120.32936030729452
23.65,39.42667391760748,-120.32931851586532
23.65,39.42572310352562,-120.33043360776993
23.63,39.42509689209172,-120.33565937197552
23.62,39.42851284257792,-120.32888450170024
23.62,39.42758428533218,-120.32863787659545
23.62,39.42527993771617,-120.3385823048338
23.61,39.423205194682154,-120.3374686335638
23.6,39.42737295889305,-120.33497597780124
23.6,39.42684532309749,-120.33748483243744
23.6,39.42323921565149,-120.33266945614028
23.59,39.42737282817693,-120.32881964601403
23.58,39.42726695776389,-120.33573935289414
23.58,39.427187728871395,-120.33410030469847
23.58,39.42304757627593,-120.334094057281
23.57,39.43042294104608,-120.33670388606339
23.57,39.42760413598288,-120.3345101554997
23.57,39.427499626026275,-120.33304419173116
23.57,39.4269724060885,-120.33499573342105
23.56,39.43041458613278,-120.33179271019299
23.56,39.42619973416675,-120.3362811224978
23.56,39.42385275456458,-120.3369037173416
23.56,39.42289298123966,-120.33676744182864
23.55,39.43012140842344,-120.33062538668668
23.55,39.426656810128826,-120.33083956270873
23.55,39.42671035794259,-120.32807072847753
23.54,39.42666479424337,-120.33579881761308
23.54,39.42235614416083,-120.33626770304245
23.54,39.42248019700935,-120.33490469064918
23.53,39.42849853005904,-120.32955823081655
23.53,39.426919476086084,-120.33664991052154
23.53,39.42411233590547,-120.33717479015428
23.52,39.429063616204296,-120.3287588298733
23.52,39.428443611400304,-120.32913942379417
23.51,39.42789388276679,-120.33402812136055
23.51,39.424642477059486,-120.33539399144604
23.51,39.42199714617664,-120.33367216505843
23.5,39.42849992918458,-120.33709667491296
23.5,39.4260735759779,-120.336867890833
23.5,39.426002754868314,-120.32986327468019
23.49,39.43059409162078,-120.33283611112496
23.49,39.428419053233384,-120.3323182251791
23.49,39.42710945801625,-120.32977126678892
23.49,39.422263218180134,-120.3285409120198
23.48,39.430216995144995,-120.33084004991045
23.48,39.42858336280144,-120.33695571209815
23.48,39.42789504541625,-120.33619779896704
23.48,39.42670001828455,-120.33136340184859
23.48,39.42668359171057,-120.32945514610557
23.48,39.42408194560183,-120.331541488175
23.47,39.42332253128731,-120.3371575717883
23.47,39.42400764446001,-120.33265503687643
23.45,39.42529865906404,-120.33918255518157
23.45,39.424682663853446,-120.3375527680183
23.45,39.42313907945137,-120.33914243416044
23.45,39.42347891449306,-120.3335032189078
23.44,39.4269019450677,-120.32845169400242
23.43,39.42760061802798,-120.33415750032432
23.43,39.423998155935266,-120.33223975699742
23.42,39.428434516714304,-120.3286757833934
23.41,39.42800353849727,-120.33282972033923
23.41,39.423338761244956,-120.3370298551415
23.4,39.42543443192136,-120.33720546795497
23.4,39.42337100376538,-120.3365441019226
23.39,39.428052368383305,-120.33448256064511
23.39,39.427922035261645,-120.32939631997276
23.38,39.42774678258601,-120.32990562507416
23.38,39.426041282920714,-120.33633568129339
23.38,39.42740573396498,-120.32902485976996
23.38,39.42345954225119,-120.32860088740277
23.37,39.42749175724013,-120.33012088223174
23.37,39.427438923601606,-120.32996940660885
23.37,39.42518429955596,-120.33350812804422
23.37,39.42248388096179,-120.3298406874772
23.36,39.42971439853631,-120.33192756511447
23.36,39.42674140419681,-120.33004459784898
23.36,39.42293024731271,-120.33440512284344
23.35,39.4266216346834,-120.33578397054427
23.34,39.42645426948288,-120.33458724519205
23.34,39.42659615792957,-120.33058845095775
23.34,39.425430736678486,-120.33379890671428
23.34,39.42520982498181,-120.33407435315314
23.34,39.42511050114165,-120.33327673222873
23.33,39.42408273756037,-120.33709189815862
23.33,39.422596419887896,-120.33677448713486
23.32,39.425101569469376,-120.33484904774214
23.31,39.42607458491287,-120.3364925607972
23.31,39.42309878693697,-120.33878926259104
23.31,39.4244184130509,-120.33193592785705
23.31,39.4230131656331,-120.3286655079734
23.3,39.42717671591613,-120.33540534006524
23.3,39.427397439772186,-120.33027022352488
23.3,39.423009281545774,-120.3363227253481
23.3,39.42299685589069,-120.33471886672336
23.29,39.42989408104156,-120.33037753234802
23.29,39.42714971941032,-120.33808642665987
23.28,39.427503592318836,-120.33385751216495
23.28,39.42539409469361,-120.33301072583153
23.27,39.427956617433395,-120.32991719864671
23.27,39.42759968353124,-120.33041249260782
23.27,39.42435587964078,-120.33729492765983
23.26,39.428225379856734,-120.33398460600307
23.26,39.42714503270109,-120.32811114327828
23.26,39.42569808817788,-120.3290313974654
23.25,39.4304871221115,-120.33166011039877
23.25,39.426058483335154,-120.33018540028442
23.25,39.42542473375826,-120.33322727698526
23.24,39.42342137719481,-120.33698556654382
23.24,39.422558189409976,-120.33668862768667
23.23,39.42878718113225,-120.33588663998677
23.22,39.425150845966016,-120.33413889466374
23.22,39.42329425737735,-120.32818051264928
23.22,39.42221049674299,-120.32940737534247
23.21,39.42679230422021,-120.33145573543378
23.2,39.42728811455791,-120.33554061160997
23.2,39.42693478696691,-120.32995356517267
23.2,39.42678833769433,-120.32883677120408
23.2,39.424948777294055,-120.32908878466264
23.19,39.426138085374824,-120.33640533814805
23.19,39.4259136282908,-120.3358191427808
23.19,39.425173089566414,-120.32995361012277
23.19,39.423831162401356,-120.3366418063491
23.19,39.42277768932233,-120.33683684395513
23.18,39.4295468648949,-120.3315184882103
23.17,39.42545748785874,-120.32959092342813
23.16,39.42903269165128,-120.33858883237204
23.16,39.42731893854948,-120.33547850245527
23.16,39.42712742220346,-120.32866253890786
23.15,39.42321612682859,-120.3384782034154
23.15,39.423471291873696,-120.33645741933292
23.14,39.427106405021966,-120.33501759086171
23.14,39.425118225674396,-120.33004380593695
23.14,39.42354703269132,-120.33209671697192
23.13,39.426964796128,-120.32998812299108
23.13,39.42450278664834,-120.33091066554051
23.12,39.423748867217014,-120.33228731595167
23.11,39.42687955685797,-120.33573939116934
23.11,39.42361740798311,-120.3363259103209
23.1,39.42731586214418,-120.33558651324323
23.09,39.428802782742096,-120.33557691207889
23.08,39.4294990244995,-120.33897954434741
23.08,39.42702938665061,-120.33285820840973
23.08,39.42447934500615,-120.33625886828678
23.07,39.42879504845506,-120.33700430044978
23.07,39.42621423980128,-120.33917035731457
23.06,39.42255386057654,-120.33643266008914
23.05,39.425545441026635,-120.33789805944129
23.05,39.42214511015478,-120.33691006871662
23.05,39.42300400943855,-120.32949849089489
23.04,39.43053507141043,-120.33239163644562
23.02,39.42972040484766,-120.33532298630372
23.02,39.42925535966415,-120.33298157511436
23.02,39.42867190638797,-120.33313233244199
23.01,39.42598110187197,-120.33705421315388
23.01,39.42544313976901,-120.33924438217946
23.01,39.42640710990544,-120.33325009774605
23.01,39.424975830220504,-120.33256390405803
23.01,39.42321735473099,-120.33833320749704
23.0,39.42890971530986,-120.33675289121055
23.0,39.42943076230743,-120.33168457741567
22.99,39.42726684253369,-120.337545016761
22.99,39.42623652185823,-120.33628165918303
22.99,39.42346532862519,-120.33639477712343
22.99,39.421946944631586,-120.33063757243247
22.97,39.428712978801556,-120.33570356587916
22.96,39.42797034744316,-120.33419985020275
22.96,39.42580254023287,-120.33410857355773
22.96,39.42517133944064,-120.33658174662828
22.95,39.42700238079489,-120.33452129620507
22.95,39.42610584336802,-120.33689111001163
22.95,39.42459402826242,-120.33318391532683
22.95,39.42204191269075,-120.32886469369633
22.94,39.42959516638735,-120.33784917393783
22.94,39.42814913692025,-120.33404321174238
22.94,39.42687857675067,-120.3366237216662
22.94,39.42625295793949,-120.33073702152446
22.93,39.42807195779072,-120.33035678518931
22.93,39.423842829476165,-120.32857516045375
22.92,39.4269121178668,-120.33751993065769
22.92,39.42834825286404,-120.32915510365936
22.92,39.42699015922223,-120.3308330265929
22.91,39.42777730246797,-120.33655721699512
22.91,39.42598336713266,-120.33371027033324
22.89,39.422401725008605,-120.33548359611159
22.88,39.427413858579975,-120.33500216590384
22.88,39.42840763504518,-120.32904221973783
22.87,39.42806900268888,-120.33814820230333
22.87,39.42743616661219,-120.33364041916893
22.87,39.42719187569926,-120.33463495511971
22.87,39.42628507816281,-120.3338625246573
22.86,39.425520910205215,-120.33080032903544
22.85,39.426660695179415,-120.33294952754552
22.85,39.42719462499188,-120.32864929443218
22.84,39.42879134562729,-120.3369303120677
22.84,39.42586148174473,-120.3368676384577
22.84,39.42377556744237,-120.3280794299508
22.83,39.42886015385333,-120.32876156993184
22.83,39.42591719164302,-120.3292279307597
22.81,39.427099149438206,-120.334081953732
22.8,39.42840415847852,-120.32919856791636
22.8,39.422127122942214,-120.33954560669727
22.8,39.422704030696664,-120.33530886937542
22.79,39.426658306498624,-120.3375901556551
22.78,39.428353177461624,-120.32908408481953
22.78,39.42499327851354,-120.33511475700561
22.77,39.42646337311409,-120.33555986699304
22.77,39.42497827212146,-120.33227390496127
22.76,39.42768732868034,-120.33747153821501
22.76,39.4283740921129,-120.32865500294405
22.76,39.42217481120957,-120.32824392185927
22.75,39.42846070262569,-120.33405343481006
22.73,39.42584854593387,-120.33711767870606
22.73,39.423597909784014,-120.33684028552577
22.72,39.42596021510306,-120.33901024783772
22.71,39.42977052864772,-120.3322013724527
22.71,39.42811835527655,-120.33896503733327
22.71,39.42841813579117,-120.33371158165095
22.69,39.423917778985675,-120.33893772363338
22.67,39.43053596751534,-120.33331300667083
22.67,39.427297276699434,-120.33419858089786
22.67,39.42338528454162,-120.33202896820825
22.66,39.43091420366733,-120.33183124923075
22.66,39.427046778499786,-120.33874178459513
22.66,39.42558134131411,-120.33646830261894
22.65,39.42863849668104,-120.32964272476733
22.65,39.42415543805803,-120.32871901627495
22.64,39.42865996245476,-120.33583075583878
22.64,39.4257269972121,-120.32842330631863
22.64,39.425235779001234,-120.3281574363912
22.64,39.42282656224675,-120.32872251664622
22.63,39.42834830087459,-120.33813522256814
22.63,39.426924285508406,-120.33454290721367
22.63,39.42520441487487,-120.3331757329085
22.63,39.422885406799104,-120.33740709531347
22.63,39.42238709788443,-120.33490902104559
22.62,39.42757686066799,-120.33543392156132
22.62,39.4231460200637,-120.3378118214878
22.62,39.42282356306838,-120.33780995404014
22.6,39.42798105287747,-120.33447014761174
22.6,39.426860268777936,-120.33315147844259
22.59,39.4273305813891,-120.33435546214186
22.59,39.42695840545767,-120.33460311881932
22.59,39.42646623005255,-120.33522152787162
22.59,39.4248417957161,-120.33485663707901
22.59,39.42404741757523,-120.33152961297488
22.58,39.4266465030978,-120.3305209364772
22.58,39.425725074227415,-120.3343121782217
22.57,39.42861522144056,-120.33702726770993
22.56,39.42552573247499,-120.32971133958222
22.55,39.42979677782163,-120.33780946468865
22.55,39.42730038671949,-120.33459956931958
22.55,39.427521601339855,-120.32862843799977
22.55,39.424935561554555,-120.3327197097847
22.55,39.42368831470294,-120.33638665673465
22.55,39.423015462125576,-120.33661568577679
22.53,39.428029755135114,-120.33177228372449
22.53,39.42855988472601,-120.32869466092144
22.53,39.427062825132964,-120.3281071096917
22.51,39.425393183741775,-120.33875457022097
22.5,39.427158584867904,-120.32984875522793
22.5,39.422320710394224,-120.33482559603787
22.49,39.430937002913886,-120.33810480809646
22.49,39.42696685004817,-120.33488475380166
22.49,39.42248046834204,-120.32870044374414
22.47,39.42915700692451,-120.33796504862896
22.47,39.42397693692069,-120.33424407195179
22.47,39.42308031951669,-120.33508688143573
22.46,39.42793379276219,-120.32980028040255
22.46,39.42647716380985,-120.3328985184004
22.45,39.42203155728474,-120.3349806119628
22.44,39.427865133213565,-120.33435755932565
22.44,39.422502477778146,-120.3363665126606
22.44,39.422491241350095,-120.32947968522154
22.43,39.42877522490256,-120.33242861607884
22.43,39.42714560604028,-120.33421912105541
22.43,39.42397537630218,-120.33263182026103
22.43,39.42360808874931,-120.33229948713384
22.43,39.421883406908634,-120.32841030448128
22.42,39.42400823379171,-120.33232805003838
22.42,39.42383600094466,-120.3322203399131
22.41,39.42370719500174,-120.33286676933665
22.41,39.42215175024072,-120.32970223383066
22.4,39.424670270715716,-120.33312531156221
22.39,39.4282047003844,-120.33515302619779
22.39,39.42827027438089,-120.33250942797619
22.39,39.4267248858008,-120.33739492344634
22.39,39.424082258293836,-120.33278976336501
22.38,39.42466512022128,-120.33296600264764
22.37,39.42429679519103,-120.3283798498578
22.36,39.42583104563784,-120.32891958345357
22.35,39.42932306543469,-120.33162329644941
22.35,39.427432188925366,-120.33565076783897
22.35,39.42617095206598,-120.33610156055705
22.35,39.42580860186751,-120.3356981838326
22.34,39.430747920090475,-120.33794279719775
22.34,39.43085634935407,-120.33304751553632
22.34,39.4228003147803,-120.33723240572473
22.33,39.4269892928632,-120.33555900365214
22.33,39.42295604705558,-120.33621958639365
22.33,39.42235306707728,-120.33637570638638
22.32,39.42673711534823,-120.33543589824214
22.32,39.426570670135284,-120.33284585092629
22.31,39.4257133209514,-120.3372408187002
22.29,39.429787385746764,-120.33225564708005
22.28,39.43003453020731,-120.33707926976152
22.28,39.42732669036731,-120.33456014247771
22.28,39.42640342750584,-120.32905583443811
22.28,39.42229337327108,-120.33908172625142
22.26,39.42330430904011,-120.33470344137213
22.25,39.42730918390726,-120.33765653443747
22.25,39.423564824999126,-120.33691373160356
22.25,39.42327913022061,-120.33640343418739
22.24,39.42218610470033,-120.33948107229313
22.24,39.42223758394141,-120.33672375609231
22.23,39.427711588381825,-120.33767378711586
22.23,39.42773863623246,-120.33601068419107
22.22,39.426802640645754,-120.32996871015824
22.21,39.42779302973764,-120.33212713684246
22.21,39.425541884954335,-120.33652744040306
22.21,39.42406316230305,-120.33607934707865
22.19,39.429014376559046,-120.33794021534011
22.19,39.42519248504744,-120.33305044603918
22.19,39.42450070552082,-120.33295792472498
22.18,39.4269708846646,-120.32926310505916
22.18,39.42353479226247,-120.33637019979206
22.17,39.42754319314541,-120.33301070245139
22.17,39.42503885215575,-120.33433062076084
22.16,39.42415596500172,-120.33866823627666
22.15,39.42477963542165,-120.33683478642669
22.15,39.42434462714649,-120.33452808389958
22.14,39.43085499970866,-120.33166545409001
22.14,39.42957696188992,-120.33257107844737
22.14,39.42936920418841,-120.33282683013005
22.14,39.42602315292073,-120.3284645603716
22.14,39.423404088330955,-120.33647065587255
22.12,39.426399901706866,-120.33615608368153
22.12,39.42544881559367,-120.33370817798766
22.12,39.423602579745584,-120.32857736808317
22.11,39.43042460488992,-120.33368675370977
22.1,39.42846736212461,-120.33531609652768
22.1,39.42374421772335,-120.33643012378063
22.1,39.42421273475076,-120.33245897727038
22.09,39.42866255832484,-120.33192934465895
22.09,39.427355464071965,-120.3319160413357
22.09,39.4264153345613,-120.33330140098641
22.09,39.42377557701497,-120.33219955782388
22.09,39.42323139779469,-120.33256982320923
22.09,39.42241401749884,-120.32810805947356
22.08,39.428947581866446,-120.33790511571156
22.08,39.422549000518586,-120.33803057015814
22.07,39.43019516723736,-120.33266253280577
22.07,39.42524522956653,-120.33935806991047
22.06,39.42884602221671,-120.33711878982821
22.05,39.430776678439315,-120.3314567260127
22.05,39.42865892724207,-120.33569709049762
22.05,39.42531334407695,-120.33642458336523
22.04,39.426113267919355,-120.33139184759445
22.04,39.42377958794856,-120.33685431101689
22.03,39.425470294016,-120.32832291046714
22.02,39.43041815351444,-120.33265440015481
22.02,39.42527864933321,-120.33720034983541
22.02,39.42286062941498,-120.33521731973464
22.01,39.42784323604667,-120.33284729445576
22.01,39.42316393821835,-120.3346672758188
22.0,39.427314387362884,-120.33499218577693
22.0,39.42597533097095,-120.33671290685074
22.0,39.42351981417438,-120.33686189301352
21.99,39.427325246024544,-120.33447481435925
21.99,39.42417905196069,-120.33568295492874
21.99,39.42482294661915,-120.3286092586884
21.98,39.427800834431196,-120.32991209604609
21.97,39.42316663012679,-120.32817297829567
21.96,39.430525762851,-120.33169763970679
21.96,39.4299588465975,-120.33065430809997
21.96,39.42813624108359,-120.33915297671786
21.96,39.422400719107735,-120.33585890710377
21.95,39.42862621788801,-120.32826907893025
21.94,39.42413608558951,-120.33256591398695
21.93,39.42765817191971,-120.33169295274392
21.92,39.42681798513059,-120.3373905959899
21.92,39.42529084362399,-120.33473237866755
21.92,39.4236051969189,-120.33212883976385
21.91,39.42839425285922,-120.32883159873508
21.91,39.425574152402646,-120.33655065925913
21.91,39.422805027674656,-120.33693107492972
21.91,39.422091555584316,-120.32991176998641
21.89,39.42333184637496,-120.33886944275149
21.89,39.42276979026426,-120.33521030912512
21.88,39.43013858751756,-120.33192804092062
21.88,39.42830574521656,-120.33779336753838
21.88,39.42804066089467,-120.33458760324282
21.88,39.42668145962975,-120.33613175534265
21.88,39.42727339043057,-120.33112433747822
21.88,39.42562515945219,-120.33384154542948
21.88,39.42392399146872,-120.33256567423257
21.86,39.42711470837579,-120.33326323472919
21.86,39.426691922856236,-120.33052443902297
21.86,39.42276935006259,-120.33474967345927
21.84,39.42852370354858,-120.33582023793231
21.84,39.42351136680304,-120.33324778336495
21.82,39.42237890914511,-120.33254321401624
21.81,39.4269492662243,-120.33645413996354
21.81,39.42689289807566,-120.3354410126647
21.8,39.42783866357204,-120.33004629324424
21.8,39.42609066966954,-120.33766148291689
21.8,39.42522255351246,-120.33743554024241
21.8,39.423634957156196,-120.33808908996838
21.79,39.428505267057176,-120.33697732095064
21.79,39.42823823812758,-120.32859616321413
21.79,39.42525866371763,-120.32878333462541
21.77,39.42965518037664,-120.33791829869719
21.77,39.42864866216582,-120.33588746348418
21.76,39.43058698220613,-120.3339365185734
21.76,39.43044101572309,-120.33328034465798
21.76,39.428005305522795,-120.33851409543924
21.76,39.42832577178137,-120.33260123019878
21.75,39.42736734676882,-120.33768866337113
21.75,39.428663351043284,-120.32951796579547
21.75,39.42734564750012,-120.33025241082271
21.75,39.424412084407656,-120.33243059692356
21.74,39.42556726187558,-120.33889929081344
21.74,39.42443298532911,-120.33431611158542
21.73,39.42858635972983,-120.33249696120848
21.73,39.42705360898376,-120.33537510997394
21.73,39.42450367161774,-120.33414653336123
21.73,39.424403277081055,-120.32858612020176
21.72,39.427600210361796,-120.3342058352502
21.72,39.42634920649086,-120.33395729458093
21.71,39.42996934456293,-120.33634180643688
21.71,39.428647028709634,-120.33608080594692
21.7,39.42582154468372,-120.32850429359617
21.68,39.426259094331826,-120.33565925586576
21.68,39.426609573027406,-120.33362270326857
21.68,39.422113333514055,-120.33887437052691
21.65,39.427527843447166,-120.33739243224971
21.65,39.42719730423995,-120.33604259868147
21.64,39.426795027144095,-120.33472869879829
21.64,39.42727503579486,-120.32912533449975
21.63,39.42968547240166,-120.33253568838398
21.62,39.428689311893145,-120.33235058945101
21.62,39.427951868785065,-120.32970954753672
21.62,39.42472658215202,-120.33312044366646
21.62,39.423005260678835,-120.33833295083521
21.62,39.42212608374494,-120.32992364409318
21.61,39.42688670302376,-120.33949867266222
21.61,39.426820072059215,-120.33816691578281
21.61,39.42660392661481,-120.3301790939716
21.6,39.42883663273059,-120.33873952179663
21.6,39.42617885950746,-120.33823716331739
21.59,39.42710436418005,-120.32831529078408
21.58,39.424932304156385,-120.33310637499436
21.57,39.429139662397326,-120.3330993253414
21.57,39.42833707057674,-120.33254452229316
21.57,39.42321209560726,-120.33049101232122
21.56,39.42677435626877,-120.33307345302191
21.56,39.42246879318255,-120.33676693769078
21.55,39.42963425134772,-120.33885640115878
21.55,39.42533796642943,-120.3327369344319
21.54,39.42411367040986,-120.33240066847677
21.53,39.430702922597,-120.33173433758327
21.53,39.42739634029355,-120.3342568947204
21.53,39.42493949079465,-120.33302401874269
21.53,39.42441214083637,-120.32881941170722
21.52,39.42782796461161,-120.33209067785334
21.52,39.42604733538521,-120.33843428742557
21.52,39.42251042472428,-120.33516956540107
21.51,39.42712963282792,-120.33508617480874
21.51,39.42492645865819,-120.33892119752697
21.5,39.42593611401895,-120.3375113623864
21.5,39.42355194974285,-120.33869068250017
21.5,39.422983967137235,-120.32853428884695
21.49,39.42842402195993,-120.33275621363244
21.49,39.42842895505429,-120.32856480201629
21.49,39.42279329326154,-120.33652714198413
21.48,39.42781600930104,-120.33812175612493
21.47,39.422991306726615,-120.33895829496151
21.46,39.430291971859255,-120.33273218874479
21.46,39.42286155292218,-120.32919502651859
21.45,39.42740269226246,-120.33760387250865
21.45,39.42579245025944,-120.33735287103022
21.44,39.4270816256609,-120.33333668601415
21.43,39.42504244346518,-120.33287765511521
21.43,39.42299933185081,-120.33928824682879
21.43,39.42422837056624,-120.33265824583349
21.43,39.42240469031794,-120.32921968370187
21.42,39.430604256674506,-120.33778429444043
21.4,39.427665561506586,-120.33415560229508
21.4,39.427808890882936,-120.33255674906897
21.4,39.42654607450051,-120.33370992892917
21.39,39.42834991632124,-120.3374328743221
21.37,39.427763630805956,-120.33893994397046
21.37,39.42851996799063,-120.3282931331322
21.37,39.427708723373215,-120.32954109457566
21.37,39.42616554570194,-120.33006468170136
21.37,39.424016613535926,-120.33441525600284
21.36,39.42504048290024,-120.33413728790315
21.35,39.42536543733596,-120.33870866859255
21.35,39.42442227957256,-120.33404582745787
21.35,39.42390835550689,-120.33236640652801
21.34,39.42275652017617,-120.32907408229235
21.33,39.42316269835387,-120.33865371361142
21.32,39.42708662691605,-120.3342836641753
21.32,39.42722185076887,-120.32953119344512
21.31,39.424414609452434,-120.33315855794837
21.31,39.424104631439064,-120.33244603217179
21.31,39.424116880266595,-120.33150503077358
21.3,39.430722389083776,-120.33353468393508
21.3,39.42524605231167,-120.3349108659155
21.3,39.42509242254177,-120.33336746063884
21.3,39.42369548888736,-120.33297180588583
21.29,39.430683579681016,-120.33761767493384
21.29,39.425670853411624,-120.32995514124909
21.29,39.42369201784724,-120.33646063986914
21.28,39.427692151968216,-120.3353645125937
21.28,39.42685720000344,-120.33094483887928
21.27,39.42576784143468,-120.33872592666066
21.27,39.422924647599665,-120.33711764184717
21.26,39.42763986417793,-120.33770970592711
21.26,39.42281514588753,-120.33803730252916
21.25,39.427609948036825,-120.33253679545967
21.25,39.42715824277218,-120.3286004269602
21.24,39.42240906902946,-120.33461363001805
21.24,39.422236274989295,-120.33534185925137
21.23,39.428467990876406,-120.33035968692377
21.23,39.42526623494323,-120.3355964407399
21.23,39.423346911817866,-120.33273073350996
21.22,39.42770377450817,-120.33757414748341
21.22,39.422311042180255,-120.33468897332043
21.21,39.42709318499154,-120.33401930857646
21.2,39.4277621787226,-120.33450392655854
21.2,39.4236318361211,-120.33717914828907
21.2,39.42468940959105,-120.32904806166147
21.19,39.42717875638138,-120.33516366687914
21.19,39.423060664374994,-120.33638887320896
21.17,39.42786111637316,-120.33585891669098
21.17,39.42462779448001,-120.33764295745671
21.16,39.42673034634627,-120.32852598484537
21.16,39.42398403189236,-120.33596729882068
21.16,39.424188466627555,-120.33225673990188
21.14,39.42950464905126,-120.33293401493219
21.14,39.42685010726377,-120.33204518966198
21.14,39.42572791565301,-120.3373064324829
21.14,39.42223109971549,-120.33902394798531
21.13,39.43079333414378,-120.33410445740212
21.13,39.423824702311485,-120.33227704434061
21.12,39.42947708336661,-120.33260943755454
21.12,39.425814643264616,-120.33728779437347
21.12,39.42556165393287,-120.32929955309568
21.12,39.42289151208146,-120.33617315067838
21.11,39.43084510133212,-120.33129847213596
21.11,39.425060561838485,-120.33329591012406
21.1,39.42741956851929,-120.33432547869806
21.1,39.4237062516713,-120.33759253187274
21.1,39.423398664622425,-120.33506308609593
21.1,39.422893359399886,-120.32875760482511
21.09,39.42603620923348,-120.337703340168
21.07,39.42769808059959,-120.33926884117353
21.07,39.42796975320869,-120.33452685493741
21.07,39.42539871891489,-120.3383565618624
21.07,39.42419836216834,-120.3326236882147
21.06,39.42492322420971,-120.33264275660211
21.06,39.42359177725627,-120.33756526900926
21.06,39.42219328028599,-120.33888975649596
21.05,39.42581331805825,-120.32845299132254
21.04,39.423525993489946,-120.337154855556
21.04,39.42402120302351,-120.33258699146003
21.03,39.42791108773165,-120.32889568934897
21.02,39.42808344418499,-120.33233609612911
21.0,39.424280631651435,-120.32901654812414
20.99,39.42737320905612,-120.33571531004716
20.99,39.42626270352671,-120.33804787233173
20.99,39.42569672229421,-120.33843484904273
20.98,39.42687273836986,-120.33012612194085
20.97,39.42338540700104,-120.33688836533439
20.97,39.423975032873756,-120.32906898937934
20.95,39.429407532617326,-120.33161599237908
20.95,39.42277305377406,-120.33917404418067
20.93,39.42627436947218,-120.33692484883161
20.91,39.42948174095628,-120.33179906405108
20.9,39.42759446468472,-120.33821520013527
20.89,39.423079804998565,-120.3369407726834
20.89,39.42252099311478,-120.33673642233933
20.88,39.42232953867968,-120.33890027926405
20.88,39.42321123918519,-120.32827314325205
20.87,39.42536589768974,-120.33250417421814
20.87,39.42446184772931,-120.32856990769113
20.86,39.42586417432167,-120.33731695278254
20.86,39.42371012421097,-120.33687888796656
20.86,39.42339513695113,-120.33188694065579
20.85,39.42771142355778,-120.33461977430592
20.85,39.42734265992772,-120.33369308624606
20.85,39.42653432965332,-120.33330597561445
20.85,39.42614365400567,-120.3290634447176
20.85,39.423881342613214,-120.33736192765036
20.85,39.423829910563946,-120.33627782870566
20.83,39.42292739498227,-120.33909384335081
20.82,39.422604499841185,-120.32965192971574
20.81,39.42478578407181,-120.33328622595094
20.8,39.42487578599656,-120.3362134690986
20.79,39.42976801827556,-120.33813890981773
20.79,39.42501998281917,-120.33937752216336
20.79,39.4239840706172,-120.32902362534361
20.78,39.429671954719836,-120.33311275506871
20.78,39.42794011099093,-120.32930558702076
20.77,39.43086690964576,-120.33410552862709
20.77,39.42739204164937,-120.33450991003271
20.77,39.42734732318055,-120.33056807127616
20.76,39.425494855047155,-120.33722625470257
20.76,39.42469020170872,-120.33307157561298
20.76,39.42292116092703,-120.33727397778574
20.74,39.43028797613811,-120.33807541693359
20.74,39.425124885461045,-120.33644458153138
20.73,39.42351353957441,-120.33939244588294
20.71,39.43046098515394,-120.33373562594716
20.71,39.42318439676268,-120.33660109055255
20.71,39.4240498570733,-120.33123961756539
20.69,39.42262207168442,-120.33604411154214
20.67,39.42853989692651,-120.32823939299138
20.67,39.42798976149371,-120.32854706707985
20.67,39.42404806579478,-120.33453513852841
20.66,39.42865415114651,-120.3393311705678
20.66,39.424577639147664,-120.33743180861141
20.65,39.43037096066151,-120.33363194290197
20.65,39.429291203692124,-120.33155174251776
20.65,39.42828279580597,-120.33513141546536
20.65,39.424295980782645,-120.33259667287454
20.63,39.427737514921496,-120.32972065772297
20.63,39.42700036564171,-120.33013366012686
20.63,39.42348272384549,-120.33510411881008
20.62,39.427737634906826,-120.32893298672877
20.62,39.425050109027815,-120.33709749104581
20.6,39.42838932840517,-120.32890261763241
20.59,39.42713785673113,-120.33513747877035
20.59,39.42328838797331,-120.33658839099367
20.58,39.42801108689523,-120.33936441570903
20.58,39.42249087352261,-120.33901637388833
20.56,39.429628304934845,-120.33930276903902
20.56,39.42802000274517,-120.3288119593506
20.56,39.42339477226784,-120.32832413835816
20.55,39.430054345803626,-120.33216568572139
20.55,39.427886059112055,-120.3292991164896
20.55,39.42325039848358,-120.33724182093407
20.53,39.42735492682075,-120.32863171116941
20.53,39.42580825414056,-120.33111728515755
20.53,39.423269964308965,-120.33825436095117
20.53,39.42461867346872,-120.32870866493643
20.52,39.428731837640825,-120.33935789986538
20.51,39.43073880985779,-120.33646109404002
20.51,39.42755304668371,-120.33286866686814
20.51,39.426932101799125,-120.33464254544481
20.5,39.42846306946612,-120.33274540694534
20.5,39.425071561585284,-120.3391650156506
20.5,39.423078656686386,-120.33912164648916
20.5,39.422180861746384,-120.33344452574562
20.49,39.42726008130559,-120.33424637996256
20.49,39.42561411662121,-120.33463756526807
20.49,39.42332724400178,-120.33685623881293
20.48,39.42416660314381,-120.33741158852092
20.48,39.42304138226038,-120.33713356314198
20.48,39.42475261466927,-120.3282215287098
20.47,39.42790173413427,-120.3346367643445
20.47,39.42722712544484,-120.32890284231142
20.46,39.428342228678304,-120.32858345125882
20.45,39.42985178107026,-120.33308977774043
20.45,39.429620570054915,-120.33304660348888
20.45,39.426107066604004,-120.33341350082635
20.44,39.427237889876146,-120.334311458853
20.44,39.42682312617534,-120.33139362496412
20.43,39.4293773432849,-120.33186010771007
20.43,39.42246227287931,-120.33804920653557
20.42,39.42888473811824,-120.33919236276817
20.42,39.423515559936796,-120.32966229350251
20.42,39.422310885885054,-120.33547658521213
20.41,39.42853930680109,-120.33037209598784
20.41,39.425509200937704,-120.3332199751817
20.4,39.42818501727158,-120.33594610472935
20.39,39.4253903172307,-120.33909290418332
20.37,39.42643188628187,-120.33928159556245
20.37,39.42252241015341,-120.3363127792149
20.36,39.42787823855512,-120.32919947752193
20.36,39.42307816991409,-120.33713410023734
20.36,39.42240928959366,-120.33484394670272
20.35,39.42701432890639,-120.33001727686501
20.34,39.43074443237657,-120.33809915000676
20.34,39.4236730321234,-120.33229758754119
20.33,39.42465270901842,-120.3346946483234
20.32,39.42820836089337,-120.33189430962273
20.32,39.42438722933378,-120.32843518484859
20.31,39.42810742705064,-120.33795539898286
20.31,39.42894248832195,-120.33209834244757
20.31,39.42788413618574,-120.33287348152491
20.31,39.424282422212805,-120.3326647185476
20.29,39.4226932555209,-120.32939162487135
20.28,39.42357795171355,-120.33638504657704
20.28,39.42257084813717,-120.33519034960776
20.27,39.42812390769215,-120.3390760190328
20.27,39.42746989600446,-120.33759063629017
20.27,39.428335849394976,-120.33268952857289
20.27,39.42713274084719,-120.33034884711252
20.26,39.42842894860583,-120.33268519496347
20.26,39.42582703592976,-120.33889171591939
20.26,39.42515901773382,-120.32905202209481
20.24,39.42367768687797,-120.33764329633186
20.24,39.42318590612656,-120.33821332469685
20.23,39.426120072621664,-120.32955218853726
20.23,39.423029126091315,-120.33909248796718
20.22,39.4221179882937,-120.33704615437343
20.22,39.4223307864171,-120.33491388739155
20.2,39.428284833031505,-120.33924045870452
20.2,39.42775465641222,-120.33282894485748
20.19,39.42461166342795,-120.32851236461336
20.18,39.42493040659421,-120.33538397098536
20.18,39.422498276712375,-120.33481396589974
20.17,39.42672638491507,-120.33900723652381
20.16,39.42859787775258,-120.33035588399635
20.16,39.42696396174832,-120.33471409840413
20.16,39.42788037641213,-120.32997580845567
20.15,39.42765571331945,-120.32966828728608
20.15,39.42625493782249,-120.32998635941158
20.11,39.42861392319783,-120.33050682856245
20.1,39.42816291799918,-120.33420549769392
20.09,39.42570362391356,-120.33326261238699
20.08,39.42791462054806,-120.32924834578169
20.08,39.42381385276759,-120.33279439105019
20.07,39.423238301134106,-120.33790415876322
20.07,39.42209524398462,-120.33461474593265
20.06,39.42507959628137,-120.33232087319949
20.06,39.4235102478123,-120.3392701306172
20.06,39.42409866267023,-120.32826324346803
20.05,39.424082135752656,-120.33741888529418
20.03,39.42331685844548,-120.33936113407572
20.02,39.42484487148785,-120.33474862995445
20.02,39.422555142648385,-120.3293441291556
20.01,39.42788941960941,-120.3281247626699
20.0,39.4238396979737,-120.33946830384251
19.99,39.4306667217576,-120.33140678622944
19.99,39.42513618599131,-120.33638787673563
19.99,39.421915907796134,-120.32866383363638
19.98,39.42497772381938,-120.33310987908058
19.97,39.42219020093437,-120.33899775948511
19.96,39.427346230540124,-120.32992540887489
19.95,39.424512429414705,-120.33618542098087
19.94,39.422852284218436,-120.32901007175055
19.93,39.42428645703517,-120.3383374604493
19.93,39.422768840551505,-120.33660355673945
19.93,39.422028040664344,-120.33462798393245
19.92,39.42687434598407,-120.3345620847157
19.92,39.42214943800894,-120.3371660348963
19.91,39.42372997537086,-120.33247470760062
19.89,39.42299540093796,-120.33847497674383
19.88,39.42787543518883,-120.33902688697455
19.88,39.428608141087715,-120.33530393039926
19.88,39.42779978198364,-120.3344077922369
19.88,39.42718489037708,-120.32800366490989
19.87,39.42773265277055,-120.32849500269485
19.87,39.42740753033603,-120.32855285305718
19.87,39.42542780812108,-120.33311926892098
19.87,39.425647338121415,-120.32914724574681
19.87,39.42273626613243,-120.3391735060501
19.87,39.42308968677001,-120.3373077160123
19.85,39.429652888702336,-120.3312640986638
19.85,39.42408767117687,-120.33368836963989
19.84,39.42751493494528,-120.32968046422316
19.84,39.42452574593687,-120.33255451773206
19.84,39.42386560252181,-120.3323032296325
19.83,39.428361105672735,-120.33020173783378
19.83,39.42377394927157,-120.33239288734437
19.82,39.42438808266915,-120.33296766073158
19.81,39.429779298972235,-120.33757318495891
19.81,39.429625048420355,-120.33251490435059
19.81,39.42527586936697,-120.32828028667697
19.81,39.424179563978626,-120.33151447141785
19.8,39.427853790293334,-120.32927590012648
19.8,39.427674950933934,-120.3289235478573
19.8,39.425611040944865,-120.33474557354602
19.79,39.42306499329889,-120.33664484259728
19.78,39.43039189095349,-120.3332028503715
19.78,39.430467685720764,-120.33268355724668
19.78,39.42251772327984,-120.33712307446065
19.77,39.42663863652267,-120.3281066563139
19.77,39.42478674017681,-120.3352254860582
19.76,39.42825294121173,-120.33815089055254
19.76,39.425742141817835,-120.33843835651192
19.74,39.427840569099075,-120.33290697104522
19.73,39.428827764625034,-120.33415546201807
19.72,39.42773286247595,-120.33566936967783
19.72,39.424727212805635,-120.33330243471518
19.72,39.42304363763697,-120.32916070075576
19.71,39.42496927523048,-120.33282825205045
19.71,39.42227322705778,-120.33890514249899
19.69,39.428211190953995,-120.33387065528959
19.68,39.42816135688002,-120.33259315269649
19.68,39.42534673214616,-120.33861740330795
19.66,39.422226893608396,-120.32900101147052
19.65,39.42804415747406,-120.33878196176049
19.65,39.42665089237953,-120.3312859128721
19.65,39.423698630913215,-120.3372142446678
19.63,39.42889952891872,-120.33897930669075
19.63,39.42794856753283,-120.32958722520672
19.63,39.42402458015044,-120.33372725966301
19.62,39.43061862048756,-120.33377773201298
19.62,39.42252828448908,-120.33484852361501
19.59,39.42612776379536,-120.33557772241899
19.59,39.42474854664496,-120.33051046025341
19.58,39.42381830818562,-120.33892773857676
19.58,39.421957379130056,-120.33016856992982
19.57,39.4242422228222,-120.33717099969358
19.57,39.42443720749774,-120.33304514842611
19.57,39.423086250847305,-120.33464055361641
19.56,39.424510558990285,-120.33281589510891
19.55,39.42565275641027,-120.33467509363831
19.55,39.42381096161339,-120.332623743175
19.55,39.42254553081996,-120.33869587102473
19.54,39.42786392070725,-120.33885325943842
19.54,39.42623928247476,-120.33825795114078
19.52,39.42626340282033,-120.32846235229363
19.51,39.42982692791376,-120.33089979273126
19.51,39.42342281982011,-120.33707089010723
19.5,39.42790390381008,-120.3289780493943
19.5,39.42680328419313,-120.32834505410362
19.5,39.42514554494373,-120.33476722737787
19.48,39.427595757815375,-120.33242284599976
19.47,39.428174915426375,-120.33252510336078
19.46,39.429237829307745,-120.33223628544566
19.45,39.42745161491682,-120.33411836443467
19.45,39.4277682240326,-120.32864054064133
19.45,39.423662444523416,-120.33688672228975
19.45,39.42251256299476,-120.32900230667781
19.44,39.424345285149826,-120.32827534429173
19.43,39.42910562483812,-120.33789889407294
19.39,39.426902093926614,-120.33460798571099
19.39,39.426751127359765,-120.33300487005813
19.39,39.42492174304709,-120.33487201918773
19.39,39.42296222787727,-120.33651254659793
19.35,39.4277069349208,-120.33232778018723
19.34,39.423892062017345,-120.33429970485228
19.33,39.42462196034986,-120.33295115767957
19.33,39.42308348284415,-120.33650578565512
19.31,39.423947539534566,-120.33156797058774
19.29,39.429658267825396,-120.33165375820123
19.29,39.42766191459821,-120.33945030144417
19.29,39.427776179668655,-120.33489654550405
19.28,39.423143497461986,-120.33657490307712
19.28,39.42368089191669,-120.3329061948214
19.28,39.424195874964454,-120.32828455496474
19.27,39.429243876815534,-120.33331695814569
19.27,39.42318449834319,-120.33479552859379
19.26,39.42466441658542,-120.33458961066303
19.25,39.42777760228206,-120.33882356118103
19.24,39.42407391279426,-120.33736758324056
19.24,39.42250792431562,-120.33879199613413
19.23,39.42235131327251,-120.33453317434318
19.22,39.42813268176628,-120.32931122147896
19.19,39.422927074343285,-120.33631868265975
19.17,39.42327093244301,-120.33686110370624
19.16,39.427341356970466,-120.33050542619549
19.15,39.42376850353728,-120.33714133569575
19.15,39.4238366329101,-120.33240232871329
19.14,39.427240167627374,-120.33865077478781
19.14,39.42826152640195,-120.32917375217325
19.14,39.427292234488355,-120.33274260080158
19.14,39.423945957079525,-120.33227027621707
19.13,39.422585823591994,-120.33904903984083
19.13,39.422890286687675,-120.33631814598023
19.12,39.42888896530536,-120.33690330082453
19.12,39.42641222037309,-120.3329004175271
19.12,39.42550323606134,-120.33315733147424
19.11,39.42700486148528,-120.33474028621058
19.1,39.42265361537001,-120.33819985864
19.1,39.4245726163325,-120.32852317301017
19.1,39.42441909281624,-120.3285067325562
19.09,39.42325984801786,-120.33714812636566
19.08,39.42792210286548,-120.33222000742937
19.07,39.42707110106808,-120.33278772603146
19.06,39.42855090285715,-120.33721116388931
19.06,39.4236058710881,-120.33281980122487
19.05,39.424467409378295,-120.32868088298181
19.04,39.42225863321113,-120.33883953152744
19.02,39.42782401140203,-120.32947167608864
19.01,39.425422361872414,-120.33453524988984
19.0,39.42853890470351,-120.33273513514513
19.0,39.424174543103526,-120.33288209542845
18.98,39.4308498658474,-120.33817178362142
18.98,39.42743083193095,-120.33375977161327
18.98,39.42225469937636,-120.33802626979463
18.97,39.42797304962191,-120.33464917752855
18.97,39.42212291737041,-120.33697514218797
18.97,39.423068114667736,-120.33139881171061
18.96,39.42288047747561,-120.33747810821804
18.94,39.424201660442336,-120.33274600434125
18.93,39.427129980860556,-120.33786149673817
18.91,39.42739037891673,-120.32956491563726
18.91,39.42560151261317,-120.32919207773487
18.9,39.4258093456154,-120.33842512137261
18.9,39.42751818173651,-120.32929378505312
18.89,39.4278926066359,-120.32903475751738
18.88,39.42646753370697,-120.33327088146898
18.88,39.42240921169709,-120.33715845413556
18.86,39.42440159639155,-120.32827047264213
18.85,39.425627896917355,-120.33479984564518
18.84,39.42804722907261,-120.32788818513477
18.82,39.425172884877036,-120.33486146065496
18.81,39.4306583162169,-120.331634160117
18.81,39.425008953798454,-120.33299943767335
18.8,39.42858940484864,-120.33905439204003
18.79,39.42240679863238,-120.33846637238251
18.78,39.423822598780355,-120.33432428429342
18.78,39.42282936564704,-120.3348187891241
18.77,39.42363457313488,-120.33198140860267
18.77,39.42267451546129,-120.33675287982858
18.77,39.423458499300665,-120.32846723177528
18.75,39.427170163267405,-120.33053137795874
18.74,39.429831964766805,-120.3390213818811
18.74,39.42895005662354,-120.3381241117225
18.74,39.42842125268012,-120.33795429747012
18.74,39.427797535745604,-120.33876982449355
18.73,39.42538578012413,-120.33860660024474
18.72,39.42702086799646,-120.33438223115037
18.72,39.42765855429435,-120.32932994235516
18.72,39.423157358887295,-120.3387730586346
18.71,39.42730064203909,-120.33251523762432
18.71,39.423765618324396,-120.33697068775396
18.7,39.42769382537034,-120.33285649612998
18.7,39.42572224608251,-120.32821566170759
18.7,39.42459619367787,-120.32803443931107
18.68,39.42537901547111,-120.33914960875566
18.67,39.4293327591283,-120.33893445769671
18.67,39.42426056771283,-120.33448705136594
18.66,39.42456635513714,-120.33415597634512
18.65,39.427201442751084,-120.3365772492847
18.65,39.427596736538874,-120.3297328345719
18.65,39.42215914487983,-120.33832058376949
18.65,39.42393181512684,-120.32854517134459
18.63,39.43005931013849,-120.33542745496379
18.63,39.42850916204267,-120.33677263740968
18.63,39.42474293922182,-120.32808490228199
18.62,39.42201462475937,-120.32927942880818
18.61,39.429633644917935,-120.3391834133775
18.61,39.42824930489831,-120.33242950220273
18.59,39.42952024334037,-120.33262428331517
18.58,39.42830046497285,-120.33226531665267
18.57,39.4281787422126,-120.3379678154743
18.57,39.422584921293605,-120.32914836740127
18.56,39.428276167304496,-120.33821947659294
18.56,39.42653029108136,-120.3381399323625
18.54,39.424734990384394,-120.33289308859771
18.53,39.425732085728804,-120.33885904870962
18.53,39.42604682977487,-120.33079943109928
18.53,39.42551268253674,-120.33306363345415
18.53,39.42292914329137,-120.33658599218019
18.51,39.42384915656955,-120.33502415547066
18.5,39.424837798852145,-120.33353436460835
18.49,39.43094644955892,-120.33416924834933
18.49,39.423924694862784,-120.33709812112842
18.47,39.428242083469605,-120.33917727392331
18.47,39.42391134969685,-120.33739648708341
18.47,39.422920188185856,-120.33866722828802
18.46,39.427879939016805,-120.3384952010361
18.45,39.42823300801185,-120.33820462774895
18.45,39.42596738846667,-120.33841890114014
18.45,39.42517392098322,-120.33499511954219
18.44,39.427959489918756,-120.33471722627613
18.43,39.430662917271306,-120.33031475041307
18.41,39.42947844174954,-120.33167673903837
18.4,39.425558758000626,-120.32912890123681
18.39,39.42750573230907,-120.33231916869576
18.39,39.42676109412482,-120.33438982236518
18.39,39.4277433705536,-120.32876529837071
18.39,39.42680613355114,-120.33212701360938
18.39,39.423654869470056,-120.3375263825665
18.39,39.42309773723031,-120.33430519934548
18.37,39.43072786075024,-120.33031284885301
18.37,39.428805573232694,-120.33422054234696
18.37,39.42524197874403,-120.32845040513895
18.37,39.42357459966062,-120.33242126754475
18.37,39.42254280323177,-120.3292671790812
18.35,39.42888074212348,-120.33685199542006
18.35,39.427753160085544,-120.32811425939252
18.35,39.426681615020975,-120.33020581268165
18.35,39.42461644240863,-120.33334916217713
18.35,39.42460573455829,-120.33307887750715
18.34,39.42735121281956,-120.33267805624162
18.34,39.42554740388053,-120.32867662059569
18.33,39.42863841643699,-120.33325412099327
18.33,39.42437315536519,-120.33396833909971
18.33,39.4244457983297,-120.332539138269
18.32,39.430158196475425,-120.33294067592975
18.32,39.42552029199101,-120.33626552340657
18.31,39.42435947848976,-120.33250944895002
18.31,39.42306720444081,-120.33047753663242
18.28,39.429712996374114,-120.3323512504499
18.27,39.42763751389513,-120.33286136443094
18.25,39.42698911866004,-120.33069936440918
18.25,39.422530824193316,-120.33608543144531
18.24,39.430356119597846,-120.33615976614638
18.23,39.425799207099274,-120.33680985924767
18.22,39.430564346254236,-120.33354091524909
18.22,39.426240250988656,-120.33353202311667
18.21,39.425207663368894,-120.3356126477411
18.21,39.423587642980166,-120.33703064503015
18.2,39.42963918146491,-120.33878538171714
18.2,39.428420946198166,-120.33054952637845
18.2,39.42632056724868,-120.33067544504621
18.19,39.430271266429145,-120.33339162253436
18.19,39.42987519202751,-120.33056494041726
18.19,39.429420771871364,-120.33261430616788
18.18,39.42962658607723,-120.33130352797234
18.18,39.42429475954176,-120.3327416710522
18.17,39.42936581883255,-120.33168647770995
18.17,39.42756301592653,-120.33809531013158
18.17,39.42456397927977,-120.33264037733065
18.17,39.422366381006704,-120.33556838214795
18.16,39.426906171302385,-120.3341246411154
18.16,39.42515652706838,-120.3288330378732
18.15,39.42259569658036,-120.32812206280293
18.12,39.423153187745655,-120.33722049767805
18.12,39.42210076805986,-120.33805814092769
18.12,39.422855641058376,-120.3296413533973
18.11,39.42348850884244,-120.32850178731623
18.1,39.428809295694585,-120.33864528228042
18.1,39.42209994969018,-120.33815480338478
18.09,39.42485121451494,-120.32962478698384
18.08,39.42879194615625,-120.3366033036384
18.06,39.43080112805694,-120.33138030105691
18.06,39.424158789069025,-120.33731195380003
18.05,39.426929328634436,-120.33086057925276
18.03,39.43056191761609,-120.33151616837503
18.03,39.42539741381943,-120.32901282374299
18.03,39.42354306418131,-120.33743944695468
18.02,39.42746198772632,-120.32851098812283
18.02,39.4239056887922,-120.33242607988883
18.01,39.42784480670526,-120.32983026962685
18.01,39.42433136403733,-120.33302086147174
17.99,39.42884218534782,-120.33885050458099
17.99,39.426159269411215,-120.33671559137217
17.99,39.42505570830577,-120.33438489233396
17.97,39.42265948572929,-120.33622663395214
17.96,39.4235680941868,-120.33652707387562
17.94,39.42381661464929,-120.33759414387555
17.93,39.428457970750706,-120.3364278128568
17.93,39.422656190866604,-120.33610432027471
17.9,39.42709588781927,-120.33446863044642
17.83,39.428421268807504,-120.33179787644801
17.83,39.4226062776933,-120.33663246177788
17.81,39.42967846836727,-120.33233937393867
17.81,39.428194403574246,-120.33918510722225
17.81,39.42283694888252,-120.3385295283168
17.8,39.42239528338989,-120.33829275806211
17.78,39.423572718543916,-120.33904925750835
17.78,39.42355126407946,-120.33698177577953
17.77,39.424685498126436,-120.3333729145127
17.77,39.42386025922823,-120.33010802241967
17.76,39.42409418837891,-120.33291504826835
17.76,39.42283342205231,-120.33766792837827
17.76,39.422763503045225,-120.3367229012641
17.75,39.42915376899978,-120.33219525279956
17.74,39.424732248485185,-120.33475836321917
17.74,39.42265486160391,-120.33856383039765
17.7,39.42941701370624,-120.33869682315114
17.7,39.423503584387674,-120.3369896100177
17.68,39.43090225274277,-120.33402073191097
17.68,39.427269634836684,-120.33054135193107
17.67,39.42744909890638,-120.3367230420919
17.67,39.422414611781846,-120.33856600481488
17.66,39.42354029635325,-120.33263971228702
17.64,39.43060548436478,-120.33148267675693
17.64,39.427745916643154,-120.33412264920628
17.64,39.42759161276718,-120.33471186727714
17.64,39.42813801219636,-120.3291918675485
17.64,39.42703253917935,-120.33376819264427
17.64,39.42348509430129,-120.33712866764378
17.64,39.425136307301074,-120.3281474659777
17.63,39.423226626391155,-120.33902713496872
17.63,39.42201981656417,-120.33457668365295
17.63,39.422713302466086,-120.32855027307852
17.62,39.42971823870324,-120.33121386162507
17.62,39.42632892606249,-120.33942795288608
17.61,39.43041986250699,-120.33347909526687
17.61,39.42799352639977,-120.3291300583277
17.61,39.42494034474987,-120.33343633506585
17.6,39.42822023045328,-120.33382528919702
17.58,39.430724507297526,-120.32968149846472
17.58,39.42803636058103,-120.33919132597205
17.58,39.42528310052413,-120.33282712834047
17.57,39.42236071433099,-120.33726295094922
17.57,39.42222004676359,-120.3354695743303
17.56,39.42440338508335,-120.3342332203921
17.55,39.42976162565477,-120.33145904668906
17.55,39.429563625906475,-120.33055473217702
17.53,39.42449229717091,-120.33318527904977
17.52,39.42677569032914,-120.33445543652307
17.52,39.424744069401,-120.3333567058149
17.52,39.42555870088431,-120.32861991425528
17.49,39.43034962666695,-120.33795119557975
17.49,39.42999254422752,-120.3359013753361
17.45,39.42698674794003,-120.33432201959691
17.45,39.422879289321735,-120.33864103974003
17.42,39.426101139654456,-120.33385984738655
17.42,39.425567535327794,-120.33579703498064
17.41,39.424076517248466,-120.33295744291632
17.4,39.426204426687285,-120.32852689932025
17.4,39.42400879707049,-120.33431562181232
17.4,39.42388928077108,-120.33283245241543
17.4,39.42223690240462,-120.33552384405395
17.4,39.422089908380414,-120.33473408949268
17.38,39.42400788169508,-120.32876521753997
17.37,39.42841105054071,-120.33532096296577
17.36,39.42412862794963,-120.33857400288558
17.36,39.42412157934002,-120.33120369412133
17.36,39.42320990622847,-120.32920576102046
17.35,39.42447132814429,-120.33310535725495
17.33,39.42525694105869,-120.33925303214461
17.31,39.42674116255235,-120.33444355948966
17.31,39.42283375732133,-120.33609269322167
17.3,39.427483045529875,-120.33141458220523
17.29,39.42271364682462,-120.33877794402363
17.28,39.42519881614787,-120.33255577168987
17.27,39.425506013490875,-120.3346246166627
17.23,39.42463936470013,-120.3321694584152
17.23,39.42416256267792,-120.32812768331507
17.21,39.42946529872311,-120.33836197793889
17.19,39.42266082376274,-120.33862647208404
17.19,39.42246741688462,-120.33820851096031
17.18,39.4271244472627,-120.33825951466119
17.18,39.42402972967261,-120.333886567221
17.18,39.42330671005685,-120.33723695633853
17.17,39.42934452955117,-120.33267291432024
17.16,39.42402171268404,-120.33739809879165
17.16,39.424407157912405,-120.33250161166599
17.16,39.42249413083436,-120.3381207565738
17.14,39.42256412646557,-120.33624230322044
17.13,39.42458891700354,-120.333533586736
17.13,39.422570688679144,-120.33597796432726
17.12,39.42649271871872,-120.33925405017429
17.12,39.42421661455822,-120.32813415263777
17.11,39.4227419105096,-120.33646099426956
17.1,39.430142008096766,-120.33691021813844
17.1,39.428225780854255,-120.32930688353328
17.09,39.42841145863864,-120.33527262750431
17.08,39.42384311252484,-120.33727606636648
17.08,39.4224704009302,-120.33606464650245
17.08,39.42219120332849,-120.32964309509539
17.06,39.42981902462773,-120.33927143547037
17.06,39.42793818787932,-120.33287995472703
17.05,39.42210101488623,-120.33213257353394
17.04,39.42730923924641,-120.33483287090571
17.04,39.42578271530017,-120.33055105640786
17.04,39.42299675541885,-120.33652442399844
17.04,39.42314015143717,-120.33261114784317
17.03,39.42399293220805,-120.33721854181327
17.02,39.429763608646276,-120.33302309095788
17.01,39.427805348665366,-120.33886946438432
17.01,39.42483939971581,-120.32871186187805
16.99,39.42804209302768,-120.33184924006372
16.99,39.426301179896605,-120.33938205040553
16.98,39.42960863942993,-120.3306065711736
16.98,39.42426940938304,-120.3318967982655
16.98,39.423000891861854,-120.33705904358135
16.97,39.43056701350696,-120.33348123643562
16.97,39.42883086643149,-120.33839820188427
16.97,39.42653966389939,-120.33318662461595
16.96,39.428023814526625,-120.3388840338104
16.95,39.43066210489459,-120.33041142440051
16.95,39.42500120283074,-120.33725032488753
16.95,39.42236333287892,-120.33618535003801
16.94,39.4257153128266,-120.33598117427952
16.93,39.422364048752726,-120.33840319319327
16.92,39.42884035024223,-120.33214804354563
16.92,39.427089809092344,-120.33056433477492
16.92,39.427027302942015,-120.33027622863403
16.92,39.42232993068202,-120.33834298361951
16.88,39.427933261123385,-120.33295097290087
16.88,39.42796399817974,-120.33187085426805
16.87,39.42889943239848,-120.32898109835602
16.87,39.42289382283256,-120.33717974653024
16.85,39.428310573935974,-120.3356863239233
16.84,39.43051296180258,-120.33347476254889
16.84,39.42359711556903,-120.33744592318021
16.84,39.42262008595743,-120.32934222693724
16.83,39.42781748514565,-120.33922509065803
16.83,39.427358550367366,-120.3346316957911
16.82,39.42804114047195,-120.33273358482639
16.81,39.427124859098726,-120.33436952772777
16.81,39.426889944299525,-120.33425236471312
16.8,39.4224880731073,-120.33602225355487
16.77,39.42838723050704,-120.33044097999506
16.76,39.42585796564575,-120.33086777790486
16.76,39.42288734126537,-120.33512956376642
16.74,39.42529435044145,-120.33943556286314
16.72,39.42293837358098,-120.32880943792304
16.71,39.42989279720733,-120.33899383497919
16.71,39.422975484352754,-120.33903767875437
16.7,39.428998799789085,-120.33209347346472
16.7,39.42309613937907,-120.33500749666369
16.69,39.426095210458115,-120.33814779153535
16.69,39.42381680804646,-120.33731549032191
16.69,39.42425707153343,-120.33181984593196
16.68,39.424539976637796,-120.33317744219686
16.67,39.426782632306,-120.33131910472062
16.66,39.42911754981417,-120.33802418852015
16.65,39.42335441178251,-120.33773809375997
16.64,39.426882577022276,-120.33896402421853
16.64,39.425282879773874,-120.3284765887801
16.63,39.42615745114312,-120.33385497996635
16.63,39.42455394272953,-120.33306106348141
16.62,39.42489715926607,-120.32879231567212
16.61,39.42593245176415,-120.33845535613492
16.61,39.427830210782325,-120.32795897749668
16.6,39.42369800596155,-120.337032256173
16.59,39.427015311410756,-120.33427125150375
16.58,39.42407398244601,-120.32810934043022
16.56,39.426993561697095,-120.3347969927287
16.56,39.42546600058608,-120.33269614355694
16.55,39.428284867299226,-120.33539874474519
16.54,39.42693228860915,-120.33436387988098
16.53,39.42878489154896,-120.33538897184681
16.53,39.42753863348962,-120.32840404219206
16.53,39.42229559836201,-120.3380524577689
16.51,39.42878785918317,-120.33708666069599
16.51,39.42769401110041,-120.32845747654704
16.51,39.42365163357914,-120.33893098784668
16.51,39.42319507142961,-120.3363624000788
16.48,39.43019265136768,-120.33910912461033
16.48,39.422649053129845,-120.32924312829765
16.47,39.43031627878427,-120.33344346380368
16.47,39.42637005811301,-120.32838996495471
16.46,39.422485926763656,-120.33857842093114
16.46,39.42415311991035,-120.32822138023077
16.44,39.428347737504694,-120.33230581421681
16.44,39.42205600899622,-120.33490419743774
16.43,39.43049882714586,-120.33155506377416
16.43,39.42819901702139,-120.32888564256686
16.41,39.42560341155679,-120.33436727667934
16.41,39.42477480993843,-120.33227663497757
16.4,39.43074825882702,-120.33636738966884
16.39,39.422431891999466,-120.33908090894326
16.38,39.429013908866416,-120.32900834963381
16.38,39.42638619287322,-120.3313645319313
16.36,39.4301148529304,-120.3332045076795
16.35,39.42456443842905,-120.33643356078521
16.33,39.426295851533325,-120.33515080006252
16.33,39.42381062910723,-120.33702252658787
16.33,39.42266157989231,-120.33700290908102
16.32,39.427498587830975,-120.33291052857422
16.3,39.43091587522286,-120.33932160803026
16.3,39.4248093707532,-120.33562105831056
16.3,39.42383314476755,-120.33024411385342
16.29,39.42735521875473,-120.334000374613
16.29,39.425323310142296,-120.33882747927225
16.28,39.42528694763101,-120.3392875930194
16.28,39.426195789506,-120.33264419652555
16.28,39.423209666582,-120.33642801139999
16.28,39.42266185583783,-120.33876012638336
16.27,39.428347268128825,-120.33800155776996
16.26,39.42768596532547,-120.33224785508892
16.25,39.42626485127138,-120.32854767903925
16.25,39.42221730748238,-120.33835271094958
16.24,39.42507105119591,-120.33666843108291
16.24,39.422154657207585,-120.33936119070302
16.24,39.423451894250995,-120.32822260243715
16.22,39.42806286255839,-120.33887323049126
16.22,39.42347303493756,-120.33880895226102
16.21,39.43017347650313,-120.33138256119406
16.21,39.42680002838533,-120.33285202964842
16.21,39.42222791780475,-120.3365871332782
16.19,39.42758490765526,-120.33294021966037
16.17,39.42974593744959,-120.33306548890258
16.16,39.42500239788627,-120.3332637857473
16.14,39.429402957339704,-120.33344439313615
16.14,39.42767628048804,-120.33877658208155
16.14,39.42319158570237,-120.33651873663824
16.13,39.42845931063682,-120.32804201704812
16.13,39.42528039197166,-120.33520140212549
16.12,39.427158459205636,-120.33295107932072
16.12,39.42526865195413,-120.33479745563709
16.11,39.42702717448323,-120.33106389189044
16.1,39.424191983514056,-120.33029481387017
16.1,39.42326488565253,-120.32832794466033
16.09,39.42815356632915,-120.3358262147334
16.08,39.42996119246466,-120.33781755423131
16.08,39.427967071371526,-120.33176284235425
16.08,39.426391609216054,-120.33943740068524
16.08,39.42733035992346,-120.3341251297881
16.07,39.422789678445994,-120.33848902977068
16.07,39.422400171002266,-120.33720381616708
16.06,39.42767570551101,-120.33243822600404
16.06,39.42784376680178,-120.32789092760392
16.06,39.4244520991258,-120.3382005521801
16.06,39.42341786676995,-120.3309859083837
16.04,39.42391692099783,-120.33417495566731
16.01,39.42883489461952,-120.3289346652837
15.99,39.42260965540888,-120.33879064033381
15.98,39.429457992093276,-120.33589926668083
15.98,39.42230128025197,-120.32890541454954
15.97,39.42836955380654,-120.335621780855
15.97,39.427950214067316,-120.33170856920772
15.97,39.42255353986486,-120.33851685498901
15.96,39.43006328423231,-120.3334170332603
15.96,39.42788262573847,-120.3389445279602
15.96,39.42763283302299,-120.32904236802923
15.96,39.42623005977818,-120.33474037346217
15.95,39.42738455935402,-120.33334393673509
15.95,39.42541769067598,-120.3284017666346
15.94,39.42187541235602,-120.32858931997654
15.92,39.426985711112785,-120.3341883573694
15.92,39.42230290963539,-120.3361645650598
15.91,39.430783995440464,-120.3329014342083
15.89,39.42978706093812,-120.33332201695745
15.89,39.428499054581934,-120.3287222159777
15.87,39.425149854483934,-120.33886475150103
15.86,39.42354748491534,-120.3284372426927
15.85,39.43061639625551,-120.33813993429406
15.85,39.42612490589197,-120.3359160599431
15.84,39.4302577545186,-120.33781051248457
15.84,39.422279581348334,-120.33841048862678
15.82,39.4225903275074,-120.33851739278427
15.81,39.425833462259334,-120.33557343182281
15.81,39.42420796907636,-120.33891637664325
15.81,39.422524351726636,-120.33838563272052
15.8,39.42955521931854,-120.33309683880381
15.8,39.42333307473173,-120.3387244466078
15.78,39.4252521516393,-120.33751843368492
15.78,39.424108363592055,-120.33585253089043
15.78,39.422021752028876,-120.32868811340441
15.75,39.42858102092564,-120.33544002881845
15.74,39.42750966694147,-120.3285031478669
15.72,39.42470531632082,-120.33461579756656
15.69,39.430465192300765,-120.33014979159653
15.69,39.42632545118639,-120.33523369380015
15.69,39.42504885851835,-120.33673350726075
15.68,39.43026085294177,-120.33821151747446
15.68,39.42467734732921,-120.33433957405597
15.67,39.43021006519237,-120.33397653068373
15.67,39.426900054537064,-120.33484965798833
15.66,39.427339110992456,-120.32871110200995
15.65,39.429661142871645,-120.33798094639323
15.64,39.42675883062752,-120.33824279655077
15.64,39.42321726390157,-120.33629732545492
15.64,39.42353595572318,-120.32826362723202
15.62,39.42288073081547,-120.33872636269702
15.61,39.42820133252429,-120.32938330646873
15.61,39.42294261678349,-120.33499104278292
15.6,39.42968064580467,-120.33746652837578
15.6,39.42813363413028,-120.3358799524966
15.6,39.42672038050476,-120.33408497009702
15.59,39.42634538309648,-120.33517995720223
15.58,39.42732422576626,-120.33869181385067
15.58,39.42545949424784,-120.33115487457664
15.55,39.42520596847031,-120.33478801200562
15.55,39.42296252850314,-120.33877873992017
15.55,39.4228233870852,-120.33859757150513
15.53,39.42469241667878,-120.33537481511013
15.52,39.42899877287794,-120.33440819176477
15.52,39.427550504823316,-120.32982600231458
15.52,39.42509572008798,-120.33348977831122
15.5,39.42220168076436,-120.338153446696
15.45,39.42263500533317,-120.3357940822548
15.44,39.42637968566765,-120.33931211072704
15.43,39.42734651018326,-120.33297940625316
15.42,39.42550412521379,-120.32944942467972
15.41,39.428080535718244,-120.33883083495215
15.39,39.42680921525789,-120.33484264744904
15.39,39.4271722446084,-120.33079870299429
15.37,39.428743746244166,-120.33897418450546
15.37,39.42348449239739,-120.33745565207741
15.36,39.42713852914633,-120.3306901583687
15.35,39.42230574083529,-120.33249381310888
15.34,39.42258970445538,-120.33833540706662
15.33,39.42512120856531,-120.33354701881416
15.33,39.422505646316324,-120.33829437110406
15.32,39.42872522322283,-120.32962407671853
15.32,39.42895609144946,-120.32841888019861
15.32,39.42368327814699,-120.33877221869545
15.31,39.42445976161816,-120.32830259273679
15.31,39.424270088073754,-120.32846761002834
15.29,39.42970163279927,-120.33805547333205
15.29,39.42891604523695,-120.33292545488847
15.26,39.428087374363635,-120.33264041831026
15.26,39.42442957296047,-120.33266685787797
15.24,39.428562079369016,-120.32998000727356
15.24,39.4275050850338,-120.32982250016582
15.22,39.42285890859721,-120.33772516856317
15.22,39.4223146184309,-120.33605953104949
15.21,39.42831776793788,-120.3304655646696
15.21,39.427175999000646,-120.33138168776979
15.2,39.426180861434474,-120.33697751081681
15.2,39.42323190811769,-120.33738087800896
15.2,39.422723114669395,-120.33484283177765
15.19,39.42697907977672,-120.33343471860003
15.19,39.42758277353686,-120.32984921882576
15.16,39.43052181643961,-120.33370807435999
15.15,39.42745987371131,-120.33467866887793
15.15,39.422587248477576,-120.3386253963821
15.14,39.42629720648116,-120.33139451858953
15.14,39.42506960829488,-120.33658310558327
15.11,39.42761232287857,-120.329423110435
15.1,39.42671488589049,-120.33934260687147
15.08,39.430969899115176,-120.3344681796092
15.08,39.42752666928151,-120.33471376480496
15.07,39.42614615175982,-120.33391168595841
15.06,39.42695010924051,-120.33353382149335
15.05,39.424353737820425,-120.33267712916621
15.05,39.422159587601044,-120.33929017863933
15.04,39.424026130435344,-120.32839583495736
15.03,39.42757127314964,-120.33481393983304
15.03,39.423615255421524,-120.3388821175971
15.03,39.422082426888224,-120.33690062366222
15.02,39.429653543775366,-120.33811164380461
15.0,39.42913792838251,-120.33894013903259
15.0,39.42794018064662,-120.33212927518298
14.99,39.42860275062934,-120.32977585658942
14.99,39.425019451163635,-120.33637195618316
14.98,39.42871727986616,-120.33545054601699
14.98,39.42423092193935,-120.33722770366617
14.96,39.42852882121723,-120.3354705476622
14.95,39.430824565056206,-120.33399400754398
14.93,39.427111235110225,-120.33110492201529
14.92,39.42807225727601,-120.32929044058548
14.9,39.42961675605462,-120.33811110616321
14.9,39.42786904608245,-120.33183819530981
14.9,39.42467804024776,-120.33553952656726
14.9,39.42274134052345,-120.32933545400677
14.89,39.42998052193967,-120.33809082944045
14.89,39.42313423968969,-120.33638994664304
14.87,39.42336667463457,-120.33628813145744
14.86,39.422809825250816,-120.33866561466795
14.86,39.4247111350836,-120.32852233545637
14.82,39.42854324176701,-120.33067641998024
14.81,39.42644751121883,-120.33948087171355
14.8,39.429538678424144,-120.33864172907109
14.8,39.42690355966433,-120.33006401083553
14.79,39.42655335348834,-120.33950516883152
14.79,39.42233322335124,-120.3384652968472
14.76,39.427030093806216,-120.33405819992689
14.76,39.425775758197894,-120.33086374125705
14.75,39.42562411707824,-120.33704047092084
14.74,39.42958007713869,-120.33297207943772
14.74,39.427472531123115,-120.32905995044948
14.74,39.42442649898983,-120.33277486447092
14.73,39.42350423165705,-120.33768057055234
14.72,39.428814847929324,-120.32797038566127
14.72,39.42697099351686,-120.33541940263514
14.72,39.422211754433555,-120.3382417383679
14.72,39.422163296050066,-120.33501380842061
14.7,39.42743260603811,-120.33277876468385
14.7,39.42292173710908,-120.33643802746646
14.69,39.42354434991742,-120.33882136879849
14.68,39.429469672457415,-120.33246145985272
14.68,39.42893597616881,-120.33287171572978
14.68,39.427044614601606,-120.33310581937977
14.68,39.424941974109565,-120.33324300245134
14.68,39.423294950921,-120.3363240494851
14.67,39.428095082425585,-120.32940735889258
14.67,39.42509916204785,-120.33282445373976
14.66,39.42621238801685,-120.33478276891607
14.66,39.42571680758535,-120.33708447672511
14.66,39.42725464403128,-120.32871840926371
14.65,39.426656313804955,-120.3393588111637
14.64,39.42763103480132,-120.32951437620014
14.63,39.42222798549489,-120.33811402392557
14.62,39.42433729078493,-120.32845436589477
14.61,39.42215979982367,-120.33003218083995
14.61,39.42215152019167,-120.32947191798203
14.6,39.4254474121052,-120.33797340155938
14.59,39.42894329406173,-120.3386671470375
14.55,39.42854024767198,-120.33795887987996
14.54,39.4247829323789,-120.33362455728837
14.53,39.42829254737397,-120.33679506819281
14.52,39.42823737431146,-120.3323042101822
14.51,39.42811236933395,-120.33172798624918
14.5,39.42382405724844,-120.33876006009818
14.49,39.424740688889194,-120.33221642628705
14.49,39.422937647659325,-120.33839451733371
14.48,39.423983073731954,-120.33736056981306
14.47,39.42707091981357,-120.33075173552952
14.47,39.42719902574112,-120.32941427651048
14.46,39.42766974023865,-120.33237558048471
14.46,39.42728186932061,-120.32960030903445
14.46,39.426943365275946,-120.32944753717607
14.46,39.42271519772453,-120.33654874956963
14.45,39.42955653659882,-120.33165512417189
14.44,39.42353786934235,-120.33626219468343
14.4,39.43039052576587,-120.33797738644255
14.4,39.43028952889004,-120.33302220913163
14.4,39.42873530294293,-120.32971237516543
14.4,39.42329233117518,-120.33740166427015
14.39,39.425176588926746,-120.33493544522979
14.39,39.424765138928244,-120.33214000796556
14.38,39.428474485823,-120.33805744549454
14.37,39.43053515281739,-120.33340968045488
14.35,39.42894792292628,-120.3288765865428
14.34,39.430719960344476,-120.3315099326369
14.34,39.42761168657,-120.32924111216093
14.34,39.42712915755888,-120.32948719640477
14.33,39.42266234447133,-120.33588831264942
14.32,39.42575011902795,-120.33390876486905
14.32,39.4222163114634,-120.33488662928559
14.31,39.429628618604774,-120.33106184648487
14.31,39.42544429022522,-120.3370634370842
14.3,39.42859566384144,-120.33319093944152
14.29,39.42603801432337,-120.33672235225077
14.26,39.42447977610695,-120.33338698237871
14.25,39.42204039869792,-120.33007594310811
14.24,39.42505903360306,-120.33219261776775
14.24,39.42349185016154,-120.33658567316165
14.23,39.42504012838056,-120.33955411275296
14.22,39.42508582708997,-120.33312282532758
14.22,39.42429233444041,-120.32891151008523
14.21,39.428466672253705,-120.33795780476967
14.21,39.42805795754787,-120.33510254647157
14.18,39.422581213817594,-120.3290743857737
14.17,39.42682333447298,-120.33393860437597
14.16,39.42789380640221,-120.33301011452664
14.15,39.42521727106182,-120.33908184250465
14.15,39.42571973890677,-120.33443152779303
14.13,39.425461951503884,-120.32905925467838
14.13,39.4248986635568,-120.32938662314945
14.11,39.424811346286994,-120.33436142958756
14.1,39.42736066206226,-120.32846402367473
14.08,39.42865360499119,-120.33067802153785
14.04,39.429711724852496,-120.33865279035767
14.03,39.42832753678664,-120.33162021110292
14.02,39.42699405934066,-120.32882268994734
14.01,39.428200347588636,-120.32795296046257
14.01,39.42450511618362,-120.33423185814468
13.98,39.422224535436705,-120.3349379297397
13.96,39.42627962348375,-120.33527852235234
13.96,39.42492507025033,-120.33550331916645
13.94,39.42886732450198,-120.33048491260365
13.93,39.42823804751092,-120.33299521589613
13.93,39.42625494099907,-120.33947521031149
13.92,39.427488917506686,-120.33277389633238
13.91,39.42693548861593,-120.32883890282086
13.9,39.43020473600141,-120.3379377036163
13.9,39.427086032462284,-120.33461066491394
13.89,39.43001908653303,-120.33326851909511
13.89,39.42829590127016,-120.33177899357734
13.85,39.42992769793115,-120.33793934278398
13.85,39.42714767948598,-120.3344864461061
13.85,39.426946313820686,-120.33012718906093
13.84,39.42352025914581,-120.33399004520533
13.84,39.422515310585624,-120.33843099467084
13.82,39.42256484132773,-120.33846015253275
13.81,39.427169597173624,-120.32905271766195
13.77,39.42872509543679,-120.33555018681619
13.77,39.42675270777076,-120.32818223974935
13.76,39.423263357521826,-120.33750076052345
13.75,39.42746917133883,-120.32842862853434
13.74,39.42998229878748,-120.33326798391435
13.74,39.42610640340201,-120.32860225482492
13.74,39.42358101346387,-120.33294455033912
13.73,39.423738598479666,-120.33016312652803
13.71,39.42225265337345,-120.33826792644844
13.7,39.42801763926017,-120.33859105290226
13.7,39.428937784109564,-120.32827927719238
13.7,39.42748269381136,-120.3347955878953
13.7,39.42688002359569,-120.33106175574436
13.7,39.42223096791788,-120.33597016656009
13.68,39.42953365906728,-120.33334392325509
13.68,39.427361411448416,-120.32966402064403
13.68,39.42385262249704,-120.33870929597737
13.66,39.427635619208054,-120.3323153693377
13.65,39.43024890507839,-120.3314206244336
13.65,39.429425609967495,-120.33152525811832
13.64,39.42789299193937,-120.33310678478267
13.63,39.42663643633225,-120.32862699233345
13.63,39.424006433393615,-120.32867989345237
13.63,39.42201248257652,-120.3285031608486
13.62,39.42735021535056,-120.33305339295497
13.62,39.42476454825317,-120.33529056242293
13.62,39.422421665843764,-120.32848633899938
13.61,39.42782244708019,-120.33531238362694
13.56,39.429003503532996,-120.33845759831961
13.55,39.4296255460179,-120.33116986090972
13.54,39.429538901090474,-120.32808608114308
13.53,39.42343044101195,-120.33744917585466
13.53,39.42275433239917,-120.33857381479322
13.52,39.42758360916591,-120.33489089620326
13.52,39.42336838212023,-120.33762171783268
13.51,39.42615263418474,-120.32850908816019
13.51,39.42560898156915,-120.3298490345236
13.5,39.42691913378596,-120.33822523465557
13.48,39.42946878676473,-120.33820562790773
13.48,39.42762326102726,-120.33890376796565
13.48,39.42755725412198,-120.33159764879957
13.48,39.42241603502842,-120.33814236234937
13.46,39.429298130686725,-120.32892431465662
13.43,39.4279187911343,-120.32797732114999
13.41,39.42719443420653,-120.33073362308524
13.41,39.42318428629254,-120.33891562278403
13.4,39.42368354844282,-120.33567004366283
13.39,39.42703679800593,-120.33069152564704
13.37,39.422100239462516,-120.3304237011587
13.35,39.42867105142788,-120.33271999485034
13.34,39.42694444114164,-120.33907014060887
13.33,39.429727812545664,-120.33033246522537
13.33,39.428291019088775,-120.33235901838844
13.33,39.42366995802635,-120.33522911448866
13.32,39.43008949479376,-120.33004481353781
13.32,39.42943021795022,-120.33252060300183
13.3,39.42927489948143,-120.32885573063234
13.29,39.428191954582246,-120.33230070644397
13.28,39.425248702796424,-120.33869274424416
13.27,39.42796339163178,-120.33886324495111
13.26,39.43071945720132,-120.33054022305987
13.26,39.427064368656204,-120.33101609134309
13.25,39.42798767829029,-120.33240010689673
13.25,39.42334782489739,-120.33749346392841
13.24,39.42840444807263,-120.32813221841027
13.24,39.42557232579921,-120.33702265380767
13.22,39.42360089903445,-120.32826172401776
13.21,39.42674818411123,-120.33949948922066
13.2,39.42816355984015,-120.32795242799884
13.19,39.42723228112744,-120.3290621565794
13.18,39.429017959432976,-120.33264541711277
13.18,39.423219632575915,-120.33883083742455
13.17,39.42799236662621,-120.32797838609969
13.15,39.42383001931086,-120.33882270281329
13.12,39.428127183580344,-120.33868933703073
13.12,39.428910729551696,-120.32892438943514
13.12,39.42858467455481,-120.32986659025518
13.11,39.428787907162075,-120.32963351633417
13.09,39.42864288807097,-120.33554614468643
13.06,39.430719129156124,-120.33392138004491
13.06,39.42775020544989,-120.32924027594687
13.06,39.425976111157695,-120.32865439464217
13.06,39.42327491220575,-120.33869231863319
13.05,39.42868235027838,-120.33266328669256
13.05,39.42274111813458,-120.3370666247611
13.04,39.42614963422565,-120.33375534288741
13.03,39.4286698978808,-120.33721574508478
13.02,39.429395420812305,-120.33176937354817
13.02,39.426310007156125,-120.33475575573762
13.01,39.4277488054959,-120.3381349919133
13.01,39.428271781241065,-120.3289833792533
12.99,39.42720482142441,-120.33873556494814
12.97,39.42821413658326,-120.32811524536827
12.96,39.42535927055747,-120.33457413989188
12.96,39.421952098092774,-120.33079687519478
12.95,39.42639292033998,-120.33313615004117
12.95,39.424611489677474,-120.32879102125148
12.94,39.42260963767849,-120.33828167409868
12.93,39.42510756496426,-120.33542067505174
12.91,39.43045294533825,-120.33340564065686
12.91,39.427215989277684,-120.33048654584691
12.9,39.42863171041429,-120.3381478954159
12.9,39.428451979860704,-120.33585615898491
12.89,39.42346748229221,-120.33869797771779
12.87,39.427687521500026,-120.32923083680748
12.86,39.425492245152476,-120.3388128887481
12.85,39.42849441896099,-120.33800370807818
12.84,39.422992019808646,-120.32886423952235
12.81,39.42970658007259,-120.33182792334392
12.79,39.4257073668001,-120.33384558545326
12.78,39.42273665935437,-120.33861620727343
12.77,39.42238294948906,-120.33821580663161
12.76,39.429346336481935,-120.33937542208858
12.75,39.42766581652729,-120.33489493752909
12.75,39.42342048717011,-120.33273180322736
12.74,39.42545546188008,-120.32802697236681
12.74,39.423192185152544,-120.33619175352094
12.74,39.42223532069302,-120.33340266751902
12.73,39.4266910360154,-120.33474140164654
12.71,39.42486347177146,-120.33331294732662
12.68,39.423607847043904,-120.32975462085241
12.65,39.42961072061147,-120.33087390522397
12.6,39.42278739508136,-120.33414998082397
12.59,39.42283548149017,-120.32946477090245
12.55,39.4306916561818,-120.32998529809775
12.54,39.42342638700379,-120.33895044100097
12.53,39.42795459553973,-120.3283531935385
12.52,39.42461930692788,-120.33634337050837
12.52,39.42215382281852,-120.3389488901893
12.51,39.4303945113162,-120.33031938770405
12.51,39.42758401603166,-120.33919323926604
12.51,39.42255758865868,-120.33701560793392
12.5,39.42832531042915,-120.32802017212182
12.48,39.427697456000224,-120.33473615780078
12.48,39.42442586756731,-120.33259287418336
12.47,39.42710214772601,-120.33064128990803
12.46,39.4259802842786,-120.33715088080795
12.45,39.42515154374091,-120.33251527572538
12.44,39.42681126198662,-120.33895160696733
12.43,39.42213755745526,-120.32958829352516
12.42,39.429043223235524,-120.32835189467791
12.34,39.42708988796218,-120.33389698750203
12.33,39.42553738950843,-120.33705910927775
12.33,39.42550327075779,-120.33699889769647
12.33,39.42611325401561,-120.33370647355319
12.32,39.42347912301193,-120.32910445565786
12.31,39.43006046899331,-120.33810621621697
12.31,39.42724322794237,-120.33803376540293
12.3,39.42691305844622,-120.33279395866302
12.3,39.42688942227101,-120.33277371011646
12.28,39.42392468853022,-120.32913650237694
12.27,39.429737206532145,-120.32792401943156
12.27,39.42616456857246,-120.32863437594344
12.26,39.42766426431103,-120.33328260359792
12.25,39.423435729767945,-120.33631188618837
12.24,39.42563385312461,-120.33203889146529
12.24,39.42330144971824,-120.33221825864028
12.23,39.42777998397774,-120.32904450008921
12.21,39.42190906467859,-120.32999442455355
12.2,39.43042464409384,-120.338037602554
12.2,39.42802612879273,-120.33553999660748
12.19,39.42654184039483,-120.33215729552961
12.18,39.42720477085308,-120.3338759112154
12.18,39.425044927036886,-120.3330966391305
12.16,39.42730348888128,-120.33935121887585
12.16,39.42764893664542,-120.32789663857014
12.16,39.42665474327095,-120.32876659098594
12.15,39.427489731711674,-120.33267722661266
12.14,39.43051692519521,-120.33812994940985
12.14,39.42486048568266,-120.32800414314106
12.12,39.43088658768109,-120.33099764147038
12.1,39.422455932859904,-120.33470245730413
12.09,39.429159327434185,-120.33230623556788
12.05,39.42766252035516,-120.33477261544635
12.04,39.42749095287889,-120.332532222029
12.02,39.428932222096265,-120.32816829507357
12.01,39.42502824501985,-120.3355872841231
12.0,39.42242149603437,-120.33621747559191
11.94,39.422368355279666,-120.33815019569957
11.93,39.427921698604564,-120.33509203002448
11.93,39.42327028063871,-120.33617014540752
11.93,39.42364220545901,-120.32823957464416
11.92,39.42487456055525,-120.33635846837736
11.9,39.427093430624865,-120.33193498285023
11.9,39.42758138849389,-120.328467219991
11.89,39.42758011707929,-120.33939792005852
11.89,39.42392578838064,-120.33875870422831
11.88,39.42711697367281,-120.33093723528172
11.87,39.430257102974444,-120.32915717162003
11.87,39.42468478438551,-120.33217296189893
11.86,39.42782037540236,-120.3350450560587
11.86,39.427408278868455,-120.32975285080492
11.84,39.425666104829595,-120.32974749669864
11.84,39.425660894779746,-120.3290791981304
11.8,39.42542875500166,-120.3281147340735
11.79,39.42830161191135,-120.33725870870269
11.79,39.42783026275902,-120.3354120231785
11.78,39.427827783246144,-120.33519303065093
11.78,39.422478124461946,-120.33463738283595
11.77,39.42830677098529,-120.32945592482429
11.76,39.42623403073701,-120.32860979024221
11.73,39.42763169591897,-120.33918540603855
11.72,39.42726204353284,-120.33067204580232
11.71,39.42773824706128,-120.3332353389175
11.71,39.427160718687695,-120.33062507845668
11.68,39.43077570259612,-120.33900674934836
11.68,39.42241624908317,-120.3383726790668
11.67,39.43083735406046,-120.3388825279507
11.67,39.42754742530305,-120.33891403316822
11.67,39.42843328484583,-120.33062648292533
11.66,39.42706906520161,-120.3330293989248
11.66,39.42267232085022,-120.33829112041869
11.66,39.42295528824295,-120.32937267529569
11.65,39.428912792725626,-120.33664487809207
11.65,39.42777810915497,-120.33312786249147
11.64,39.42966445436021,-120.33861228788157
11.64,39.42660758332617,-120.32793843799305
11.62,39.42302208521592,-120.32940776413739
11.61,39.423340501153305,-120.33503096103627
11.6,39.42768775285759,-120.33409052297205
11.59,39.427650889280706,-120.33307198397549
11.57,39.430707346713035,-120.33069360719128
11.56,39.43063036699777,-120.33802354675966
11.56,39.43091103701851,-120.3309212162433
11.55,39.424652907151525,-120.32978683308548
11.54,39.42216982283073,-120.33808189693265
11.53,39.42659929997121,-120.32918378813031
11.52,39.42803506375265,-120.32933824268632
11.51,39.42550285240873,-120.32908543874343
11.51,39.42272229878892,-120.33493949510273
11.5,39.42920624839711,-120.32878364507337
11.49,39.42977173495955,-120.32793589384461
11.49,39.423643826771304,-120.32804624538252
11.45,39.42780741125385,-120.33478610059527
11.44,39.42719935970027,-120.3306626054858
11.42,39.423790177086374,-120.3350886949927
11.4,39.428846828589606,-120.3290599577834
11.4,39.42717065055062,-120.33381569974772
11.4,39.42503085964427,-120.3388601678157
11.4,39.42306298601831,-120.32943394751632
11.39,39.43092138947723,-120.33174888604094
11.37,39.426987448096334,-120.33269835944932
11.37,39.42419357430995,-120.33190707033836
11.34,39.425194518216365,-120.33049418285728
11.34,39.42228799920735,-120.33818314186445
11.33,39.422523937935075,-120.33176907949864
11.32,39.424743327421425,-120.33447133435102
11.32,39.4232578615881,-120.33891669879006
11.3,39.43005772678378,-120.33330604901954
11.3,39.42713935644062,-120.32878782840494
11.29,39.4292458291067,-120.33205725213128
11.27,39.42771616403992,-120.33482742504769
11.27,39.42649831607722,-120.33269977845545
11.26,39.4272764160465,-120.33282199067432
11.24,39.422455107811345,-120.33197564622567
11.21,39.42715068891988,-120.33104577999015
11.2,39.42884404706794,-120.32810161513848
11.2,39.422444954586354,-120.32906388147825
11.19,39.430897836026936,-120.33043190675023
11.16,39.42889641436642,-120.3380692987411
11.16,39.42777924595901,-120.33196485211691
11.16,39.42190455200359,-120.32821157584537
11.14,39.42231147084717,-120.33949996691763
11.14,39.42242468515991,-120.33865429680414
11.14,39.422696732361146,-120.33719677264017
11.12,39.42948281441126,-120.3301270116645
11.06,39.42734148190636,-120.32971775951671
11.04,39.428921503017065,-120.32789799504337
11.03,39.428526998695254,-120.33594256151922
11.03,39.4223284889265,-120.33825766131986
11.02,39.42318857644051,-120.33431220885012
11.01,39.423688435937585,-120.32814641092152
11.0,39.42942804945929,-120.33123524114507
10.98,39.4268814367289,-120.32883243272832
10.97,39.42591197881187,-120.32855962990904
10.96,39.42991516916706,-120.33814106044764
10.96,39.42866746539245,-120.33801476767859
10.96,39.42736626212385,-120.33088966945974
10.96,39.42392452336995,-120.33788575058509
10.95,39.42789147067699,-120.33482713548858
10.95,39.42725069499681,-120.33021975426831
10.95,39.426237398628466,-120.33387036124773
10.95,39.42480538198456,-120.33429878639038
10.94,39.42246749105578,-120.32844150853504
10.93,39.42391322216347,-120.33794245419692
10.92,39.430264978090705,-120.32976583396135
10.92,39.427704533711754,-120.33312679230671
10.92,39.4255462845406,-120.33446881076777
10.9,39.4305533037212,-120.33817882394449
10.9,39.42323135953751,-120.33923477312452
10.89,39.42759135142462,-120.3293431862834
10.89,39.42441171937916,-120.3306733371312
10.87,39.4278415675096,-120.32841127229968
10.85,39.42449927272069,-120.32875243087702
10.85,39.42238608622061,-120.33014635392176
10.84,39.42617713984459,-120.3289416584267
10.84,39.422316564208515,-120.3381323785938
10.81,39.427453351065324,-120.33262835691527
10.81,39.427284273291825,-120.33343062833147
10.81,39.421982816461714,-120.32971684495837
10.79,39.42488760704137,-120.3386533426766
10.78,39.42936261071725,-120.32846173426681
10.78,39.427793663572565,-120.33513281804325
10.76,39.42390220354762,-120.33540594870793
10.75,39.424842454789726,-120.3355476103778
10.73,39.42341296151366,-120.33721291700772
10.7,39.4306960971821,-120.33125934038074
10.69,39.42813231583602,-120.33449794302315
10.65,39.42812306390103,-120.32787790830092
10.64,39.42370013799252,-120.3280413736018
10.63,39.42896756114108,-120.32808349772459
10.62,39.428944383958765,-120.33264434740046
10.6,39.42631397887015,-120.32862516574235
10.58,39.43070776787932,-120.33629286259662
10.58,39.42712857628112,-120.33879416485252
10.56,39.42919448726282,-120.33250011426028
10.55,39.43073665452148,-120.3390175530006
10.55,39.422809123899704,-120.3289952295149
10.53,39.42329112662579,-120.32958511133933
10.52,39.4221105056841,-120.3284278094745
10.51,39.428339633110156,-120.33378152937924
10.5,39.42660069138465,-120.32876012097256
10.49,39.430736543005935,-120.3308248412016
10.49,39.4266670258827,-120.3324548431462
10.47,39.42731857802077,-120.33321217265707
10.44,39.42560136266834,-120.33845051605775
10.43,39.42985474611477,-120.33812027166542
10.42,39.427767931978536,-120.32790120438439
10.41,39.42908041854648,-120.33242452146341
10.41,39.42780545034675,-120.33322209857866
10.41,39.42548917964059,-120.32813551322532
10.39,39.427555144346094,-120.32901565021743
10.39,39.427713069527236,-120.32799140499117
10.34,39.42192343378283,-120.32982971829973
10.33,39.42206879378862,-120.32849828953346
10.31,39.428384199995214,-120.33337269809046
10.31,39.42816858561562,-120.33070510633516
10.31,39.42735225126368,-120.3328117191229
10.3,39.42771238947235,-120.3337354335995
10.29,39.424395378263284,-120.33825374886398
10.28,39.42337685636372,-120.33892128245603
10.25,39.428117973030346,-120.33517166748284
10.18,39.42199818355497,-120.3338058180606
10.17,39.42809015764451,-120.32947837745698
10.15,39.42772286125343,-120.3291460414369
10.15,39.426816120351305,-120.33119731839818
10.15,39.42641732234037,-120.33023610156971
10.14,39.42906349836856,-120.33801771136814
10.13,39.42667252669111,-120.327936534406
10.12,39.42671325954771,-120.33236167822183
10.11,39.423117082494834,-120.33892885698731
10.09,39.43030460709716,-120.32942801005768
10.09,39.42741609898278,-120.32985248918503
10.08,39.42955572857917,-120.33841732936463
10.08,39.42265251442021,-120.3365393047539
10.07,39.421963942157696,-120.33221872588979
10.06,39.43030045988267,-120.33352285684248
10.06,39.42361937924587,-120.32812266390306
10.05,39.42343393967438,-120.33396035453478
10.04,39.427982053900415,-120.32946543611925
10.03,39.42932089871356,-120.32853222137301
10.0,39.429605045508026,-120.33821615044549
9.97,39.42748977228845,-120.33318622718559
9.94,39.427407070825815,-120.33938685731526
9.93,39.4288650255228,-120.33230195810346
9.93,39.4235615546141,-120.33730038929654
9.93,39.42356335873649,-120.32886682889422
9.89,39.423405376360186,-120.33401112023711
9.87,39.428101336842396,-120.3353477282399
9.86,39.42919756100005,-120.3323921005357
9.85,39.42827524243648,-120.33294741554172
9.85,39.424407088823536,-120.33814871215344
9.82,39.42868297953765,-120.33053057949702
9.78,39.427213630140265,-120.33795086946768
9.76,39.42798849406772,-120.33512712655737
9.75,39.42538345149755,-120.32912920459705
9.72,39.427380750513976,-120.33891728263728
9.71,39.42337281599672,-120.32861953532081
9.66,39.4287305288828,-120.33131042224564
9.63,39.42789476679594,-120.33494945796099
9.63,39.428171208669475,-120.32833073757814
9.62,39.42636351195725,-120.32865431842059
9.61,39.426886707887924,-120.32820408450094
9.6,39.422137295684486,-120.33681043683436
9.58,39.42669668685462,-120.32892643693124
9.56,39.42833649327474,-120.32875114101968
9.54,39.42815958423071,-120.33357416951459
9.54,39.423337650203,-120.32842567411882
9.54,39.42194290309064,-120.32931535311381
9.52,39.426999933696706,-120.33916194618236
9.49,39.42930494143557,-120.33120501721065
9.49,39.42820457839585,-120.32899662361584
9.49,39.4223595603917,-120.3394438030694
9.44,39.426094052498165,-120.3354691771333
9.43,39.428197974374186,-120.32875197817727
9.42,39.42994541536783,-120.3299346644288
9.42,39.42824666564383,-120.3358218851723
9.41,39.428687398513205,-120.33796103010708
9.41,39.426827145712295,-120.33271593361006
9.39,39.42820248131963,-120.3328496748628
9.38,39.42721798986295,-120.3392248509717
9.38,39.42827166374682,-120.32796536710768
9.36,39.42788047098965,-120.33330849760861
9.36,39.42564855518855,-120.32900224479714
9.35,39.426577220739794,-120.33540513204004
9.34,39.427294127307086,-120.3332885933139
9.33,39.428007956049235,-120.3379454146988
9.32,39.42809166584235,-120.3282670267215
9.32,39.42509539365959,-120.33890660730175
9.31,39.4260328279564,-120.32860118926835
9.3,39.421934445950434,-120.32903373834273
9.26,39.42605133050856,-120.33591498694668
9.25,39.43018640084551,-120.33113250496885
9.22,39.42703257554923,-120.33811883744738
9.21,39.42946998991683,-120.33139509465099
9.21,39.42945113127407,-120.3279710645516
9.21,39.42227673159836,-120.33925777193218
9.2,39.42496858593611,-120.33880238755368
9.19,39.42682955738296,-120.3390912085696
9.17,39.429505421381634,-120.33232832776221
9.15,39.426106171242,-120.33249218701611
9.15,39.42261727161197,-120.33481854276833
9.14,39.42905303436348,-120.33848675881535
9.12,39.428229104859916,-120.33174389998733
9.05,39.430587030414245,-120.33879639955758
9.05,39.425918177612246,-120.3288526014301
9.03,39.42249071780472,-120.33263014066088
9.01,39.43040697119114,-120.33807999966096
9.01,39.42789040305005,-120.33802616119749
8.97,39.422770482435865,-120.32895770565413
8.91,39.42304856223007,-120.32908968712447
8.89,39.428148608371735,-120.33538822770709
8.89,39.427409962922596,-120.3282628440756
8.88,39.42679280025314,-120.33242539236721
8.84,39.422738040359626,-120.33717462864584
8.81,39.42988128267286,-120.33882020260546
8.8,39.42246721984504,-120.3318222798076
8.79,39.427230140348584,-120.33240615728384
8.79,39.426830163803594,-120.32797862562798
8.78,39.42254506141408,-120.33721730520476
8.77,39.42399426689306,-120.3283242876873
8.75,39.42703137928666,-120.33210753829705
8.75,39.42613195108252,-120.32916848542037
8.73,39.430150019565595,-120.33108363422637
8.71,39.427430793692224,-120.3332507714548
8.7,39.42451236488075,-120.32822373754153
8.7,39.42224114202848,-120.32962391543896
8.68,39.42739496218948,-120.33236589945855
8.68,39.42600507781283,-120.32855529112915
8.64,39.427537634287816,-120.33058505056853
8.64,39.42389375198508,-120.32818066078784
8.63,39.42824959254813,-120.32904846066866
8.6,39.42952145560008,-120.33016453963235
8.6,39.42441920844692,-120.33799534263058
8.55,39.426654214073,-120.33423187104725
8.5,39.43089273246569,-120.3307816088303
8.48,39.43004939895905,-120.3389022842176
8.48,39.42776419602347,-120.33143857009581
8.45,39.4261664793548,-120.32918035983563
8.44,39.42842124732956,-120.3294831766303
8.43,39.42835796533459,-120.33827185714998
8.43,39.429433332713955,-120.3306068709693
8.43,39.42242119715444,-120.32983124850472
8.4,39.42721544032278,-120.3336372070723
8.39,39.422413393908904,-120.33204612457449
8.38,39.42908510774728,-120.3280027338643
8.38,39.42676046505578,-120.3342078261895
8.38,39.42223883447827,-120.33708772573114
8.34,39.427329581706694,-120.33908146139419
8.34,39.42263823953055,-120.33489846301126
8.33,39.42818119916248,-120.33152140312974
8.32,39.42480354895005,-120.33861230504087
8.31,39.423732500157975,-120.33320266176227
8.31,39.422840406255915,-120.3293937574962
8.3,39.42886217063216,-120.33032559463285
8.3,39.42663168041409,-120.33536327274544
8.28,39.42341894618337,-120.3377845311686
8.26,39.427742135911885,-120.33303065734573
8.26,39.42678809822754,-120.33272674006865
8.26,39.42498851937408,-120.33874865294725
8.25,39.42777291619775,-120.32833918859103
8.25,39.42656674045901,-120.33254153511531
8.24,39.4304388292031,-120.33815155757213
8.23,39.42299700064286,-120.32930219487717
8.22,39.42197314265841,-120.32958022356215
8.2,39.426829353236435,-120.32807529451895
8.19,39.42246267986567,-120.32953045203152
8.18,39.42959313923103,-120.33859987049962
8.16,39.423819368700535,-120.33521991822715
8.14,39.42667258659322,-120.32844552922492
8.12,39.42728394942579,-120.33884762122405
8.11,39.428266649940184,-120.3334534524409
8.11,39.42828620534456,-120.3293276644846
8.06,39.42964636678821,-120.32791701731547
8.06,39.42860163421386,-120.3309388802398
8.06,39.42278594864362,-120.32943561909113
8.06,39.42239129055369,-120.33081462231098
8.05,39.428903604286624,-120.33798693846896
8.05,39.42761116580818,-120.32827144427199
8.03,39.426596117187884,-120.33239409808525
8.03,39.42336103401161,-120.33900066668012
8.02,39.43003879456676,-120.33066968665186
8.02,39.42661048947754,-120.33222938163519
8.02,39.42288812424433,-120.33452393202953
8.01,39.42678265642803,-120.33414274769687
8.01,39.42247489945675,-120.3327095252884
8.0,39.43047520771976,-120.33820043206485
7.98,39.42665339866457,-120.33432853963276
7.97,39.42697916519833,-120.33880335415155
7.97,39.42824524804407,-120.32879247338778
7.97,39.4266789519179,-120.33540377139994
7.96,39.426225861520635,-120.32906747933981
7.92,39.42767361715778,-120.32805054914218
7.92,39.42373778904198,-120.33539786532444
7.91,39.43104751527473,-120.33680968840585
7.91,39.42815278592979,-120.32897881162684
7.91,39.42287359868619,-120.33265276718299
7.88,39.42376409291426,-120.33535844071477
7.88,39.42194399886939,-120.3299579675001
7.86,39.4244940306048,-120.33836039872754
7.81,39.42905961669856,-120.32794549217826
7.81,39.42376854722717,-120.33431781038031
7.81,39.42190286856473,-120.32970146917228
7.76,39.42910283372733,-120.33258977832833
7.75,39.430627398730955,-120.33067822847077
7.74,39.42718390664336,-120.33249932284556
7.73,39.427899559162185,-120.32872206334109
7.73,39.4227270122107,-120.33898855032477
7.7,39.42886804390675,-120.337841393642
7.67,39.43072081559198,-120.3385879219676
7.67,39.428116161458064,-120.33281998363121
7.66,39.43023095756303,-120.33303841934311
7.66,39.42372382077549,-120.33551424227554
7.64,39.42242850179057,-120.32896128160492
7.62,39.43026515909033,-120.33795849234662
7.62,39.42788693336933,-120.33869151119558
7.61,39.427901294124865,-120.32954672964286
7.6,39.42499564879751,-120.3371393481194
7.59,39.42941449161084,-120.33130329190158
7.59,39.42649652653745,-120.32905149626743
7.57,39.42408108538953,-120.3311291767674
7.56,39.42626305492051,-120.32901967829545
7.55,39.427653688308226,-120.32810428869139
7.54,39.42799946613282,-120.33331307234103
7.48,39.430148572845866,-120.33099830284657
7.46,39.42656588444357,-120.33930346077969
7.44,39.43051541005385,-120.33086997444379
7.44,39.428077936261936,-120.32861374677043
7.43,39.43067356171159,-120.33905644195013
7.41,39.428104861059225,-120.33056200162812
7.39,39.42936371089177,-120.32910441456224
7.36,39.428404818229446,-120.33169526747531
7.36,39.42210557193493,-120.33544231538669
7.35,39.422172465779674,-120.33135737286398
7.35,39.42210340972943,-120.33133362327776
7.31,39.42262784440789,-120.33638540196979
7.3,39.4239689611875,-120.33210853464143
7.27,39.42651112554587,-120.32911710910795
7.26,39.421996666854774,-120.3285825458537
7.21,39.42651368382196,-120.33933397598501
7.21,39.422944060771634,-120.33507636574183
7.21,39.422160444196216,-120.32840862900048
7.2,39.42807359086695,-120.32835776012317
7.2,39.422196638855446,-120.33054167764219
7.14,39.422440010288156,-120.33094043790045
7.14,39.4220851056852,-120.33119403275919
7.11,39.423156457402094,-120.33350137065878
7.09,39.42264803927429,-120.33142398923341
7.08,39.42276771837099,-120.33494300023294
7.07,39.430789477234576,-120.33916904213885
7.07,39.42486665805357,-120.33908240097651
7.06,39.42694814269944,-120.33914412721124
7.05,39.42963485692102,-120.33852938893456
7.05,39.430256723868354,-120.33152026690726
7.04,39.428618945917435,-120.33145382658951
7.03,39.42725041783566,-120.33795140700968
7.02,39.430141824595275,-120.33385610270648
6.99,39.426981846996064,-120.33207838298483
6.99,39.42494979143307,-120.33334263781134
6.99,39.422892978986766,-120.33343498246157
6.99,39.422309990957125,-120.33173185134378
6.96,39.422301709132306,-120.33348609112235
6.94,39.42562555966701,-120.33712579708374
6.94,39.42294446467389,-120.33220454078275
6.93,39.4279169969386,-120.32844933121345
6.92,39.422483334619514,-120.33581461774304
6.91,39.42793136402996,-120.32828461097161
