TREE_ID,PLOT_ID,SPCD,STATUSCD,DIA,HT,CR,TPA,X,Y,geometry
102145,4954,59,1,29.718,6.096,0.75,0.00148708925683,-2162763.993797284,1567141.73148534,POINT (-2162763.993797284 1567141.73148534)
102136,4954,547,1,48.006,14.020800000000001,0.75,0.00148708925683,-2162755.670450154,1567137.0939057944,POINT (-2162755.670450154 1567137.0939057944)
102138,4954,732,1,28.447999999999997,12.8016,0.65,0.00148708925683,-2162765.3742068172,1567135.9777819542,POINT (-2162765.3742068172 1567135.9777819542)
102149,4954,59,1,4.826,2.1336,0.8,0.0185242955144,-2162760.232314092,1567136.3085332059,POINT (-2162760.232314092 1567136.3085332059)
102151,4954,59,1,47.24400000000001,7.315200000000001,0.65,0.00148708925683,-2162752.4852665896,1567135.3799215618,POINT (-2162752.4852665896 1567135.3799215618)
102149,4954,59,1,4.826,2.1336,0.8,0.0185242955144,-2162745.942499944,1567139.4509776495,POINT (-2162745.942499944 1567139.4509776495)
102149,4954,59,1,4.826,2.1336,0.8,0.0185242955144,-2162749.2049896577,1567136.9486137931,POINT (-2162749.2049896577 1567136.9486137931)
102154,4954,732,1,37.846000000000004,12.8016,0.4,0.00148708925683,-2162739.174939361,1567135.5295983267,POINT (-2162739.174939361 1567135.5295983267)
102152,4954,732,1,42.418,13.1064,0.35,0.00148708925683,-2162743.931254993,1567288.5589477713,POINT (-2162743.931254993 1567288.5589477713)
102149,4954,59,1,4.826,2.1336,0.8,0.0185242955144,-2162745.0449904213,1567134.2267418795,POINT (-2162745.0449904213 1567134.2267418795)
102149,4954,59,1,4.826,2.1336,0.8,0.0185242955144,-2162741.563818832,1567139.890678427,POINT (-2162741.563818832 1567139.890678427)
102149,4954,59,1,4.826,2.1336,0.8,0.0185242955144,-2162753.64833259,1567288.8112089962,POINT (-2162753.64833259 1567288.8112089962)
102142,4954,732,1,38.862,12.192,0.65,0.00148708925683,-2162746.638433453,1567297.1163448899,POINT (-2162746.638433453 1567297.1163448899)
102149,4954,59,1,4.826,2.1336,0.8,0.0185242955144,-2162753.463057667,1567295.2389831473,POINT (-2162753.463057667 1567295.2389831473)
102149,4954,59,1,4.826,2.1336,0.8,0.0185242955144,-2162725.721537992,1567287.8974297114,POINT (-2162725.721537992 1567287.8974297114)
102149,4954,59,1,4.826,2.1336,0.8,0.0185242955144,-2162766.1973808105,1567279.083411634,POINT (-2162766.1973808105 1567279.083411634)
102151,4954,59,1,47.24400000000001,7.315200000000001,0.65,0.00148708925683,-2162766.246747846,1567288.7509715394,POINT (-2162766.246747846 1567288.7509715394)
102149,4954,59,1,4.826,2.1336,0.8,0.0185242955144,-2162764.066671533,1567271.1174939834,POINT (-2162764.066671533 1567271.1174939834)
102149,4954,59,1,4.826,2.1336,0.8,0.0185242955144,-2162768.7345482456,1567275.8181149433,POINT (-2162768.7345482456 1567275.8181149433)
102149,4954,59,1,4.826,2.1336,0.8,0.0185242955144,-2162764.3184287357,1567272.0401848105,POINT (-2162764.3184287357 1567272.0401848105)
102149,4954,59,1,4.826,2.1336,0.8,0.0185242955144,-2162768.5686522764,1567271.261574795,POINT (-2162768.5686522764 1567271.261574795)
102149,4954,59,1,4.826,2.1336,0.8,0.0185242955144,-2162762.212387719,1567270.5787234989,POINT (-2162762.212387719 1567270.5787234989)
102138,4954,732,1,28.447999999999997,12.8016,0.65,0.00148708925683,-2162768.5578093966,1567281.58439647,POINT (-2162768.5578093966 1567281.58439647)
102138,4954,732,1,28.447999999999997,12.8016,0.65,0.00148708925683,-2162758.6904938333,1567298.9099324655,POINT (-2162758.6904938333 1567298.9099324655)
102147,4954,63,1,19.05,5.7912,0.6,0.00148708925683,-2162752.2096990785,1567287.7649203145,POINT (-2162752.2096990785 1567287.7649203145)
102153,4954,732,1,16.256,9.144,0.4,0.00148708925683,-2162762.0161294527,1567286.4140477646,POINT (-2162762.0161294527 1567286.4140477646)
102149,4954,59,1,4.826,2.1336,0.8,0.0185242955144,-2162757.8947253325,1567285.777674558,POINT (-2162757.8947253325 1567285.777674558)
102149,4954,59,1,4.826,2.1336,0.8,0.0185242955144,-2162763.8234936628,1567297.0694292034,POINT (-2162763.8234936628 1567297.0694292034)
102149,4954,59,1,4.826,2.1336,0.8,0.0185242955144,-2162755.9914785526,1567130.9068114455,POINT (-2162755.9914785526 1567130.9068114455)
102149,4954,59,1,4.826,2.1336,0.8,0.0185242955144,-2162747.8318020226,1567129.2784797545,POINT (-2162747.8318020226 1567129.2784797545)
102153,4954,732,1,16.256,9.144,0.4,0.00148708925683,-2162753.317225283,1567130.714541331,POINT (-2162753.317225283 1567130.714541331)
198190,10073,807,1,29.21,10.0584,0.35,0.00148708925683,-2162539.781748345,1567343.2290819446,POINT (-2162539.781748345 1567343.2290819446)
198190,10073,807,1,29.21,10.0584,0.35,0.00148708925683,-2162540.898100057,1567343.0601019913,POINT (-2162540.898100057 1567343.0601019913)
198187,10073,807,1,20.828,10.3632,0.3,0.00148708925683,-2162529.211011031,1567329.9247527448,POINT (-2162529.211011031 1567329.9247527448)
198187,10073,807,1,20.828,10.3632,0.3,0.00148708925683,-2162543.2277724445,1567354.9434416757,POINT (-2162543.2277724445 1567354.9434416757)
198191,10073,807,1,20.573999999999998,8.5344,0.4,0.00148708925683,-2162533.4276637053,1567354.4850877996,POINT (-2162533.4276637053 1567354.4850877996)
198191,10073,807,1,20.573999999999998,8.5344,0.4,0.00148708925683,-2162530.165503067,1567346.188064678,POINT (-2162530.165503067 1567346.188064678)
198190,10073,807,1,29.21,10.0584,0.35,0.00148708925683,-2162544.480920453,1567352.6717975074,POINT (-2162544.480920453 1567352.6717975074)
198190,10073,807,1,29.21,10.0584,0.35,0.00148708925683,-2162548.6727247676,1567356.3272626724,POINT (-2162548.6727247676 1567356.3272626724)
198191,10073,807,1,20.573999999999998,8.5344,0.4,0.00148708925683,-2162536.582499138,1567350.2929094976,POINT (-2162536.582499138 1567350.2929094976)
198191,10073,807,1,20.573999999999998,8.5344,0.4,0.00148708925683,-2162534.9009030336,1567357.5458434704,POINT (-2162534.9009030336 1567357.5458434704)
198188,10073,807,1,20.32,10.972800000000001,0.3,0.00148708925683,-2162542.297403154,1567356.2097256149,POINT (-2162542.297403154 1567356.2097256149)
198188,10073,807,1,20.32,10.972800000000001,0.3,0.00148708925683,-2162541.5991253927,1567352.1438716894,POINT (-2162541.5991253927 1567352.1438716894)
198188,10073,807,1,20.32,10.972800000000001,0.3,0.00148708925683,-2162534.3785040136,1567348.331872858,POINT (-2162534.3785040136 1567348.331872858)
198188,10073,807,1,20.32,10.972800000000001,0.3,0.00148708925683,-2162788.053115221,1567577.3541227584,POINT (-2162788.053115221 1567577.3541227584)
198191,10073,807,1,20.573999999999998,8.5344,0.4,0.00148708925683,-2162786.692513148,1567580.614475905,POINT (-2162786.692513148 1567580.614475905)
198186,10073,801,2,72.39,11.8872,,0.00024690435073999997,-2162786.765717466,1567577.7938530191,POINT (-2162786.765717466 1567577.7938530191)
198189,10073,807,1,75.18400000000001,9.7536,0.5,0.00024690435073999997,-2162781.3148871358,1567573.0782964905,POINT (-2162781.3148871358 1567573.0782964905)
198187,10073,807,1,20.828,10.3632,0.3,0.00148708925683,-2162774.988641518,1567583.1677809784,POINT (-2162774.988641518 1567583.1677809784)
198191,10073,807,1,20.573999999999998,8.5344,0.4,0.00148708925683,-2162783.286997244,1567595.9497964585,POINT (-2162783.286997244 1567595.9497964585)
198190,10073,807,1,29.21,10.0584,0.35,0.00148708925683,-2162779.907870792,1567594.7117991315,POINT (-2162779.907870792 1567594.7117991315)
198188,10073,807,1,20.32,10.972800000000001,0.3,0.00148708925683,-2162796.92789826,1567595.00848008,POINT (-2162796.92789826 1567595.00848008)
198190,10073,807,1,29.21,10.0584,0.35,0.00148708925683,-2162789.7542233802,1567588.2213904462,POINT (-2162789.7542233802 1567588.2213904462)
198188,10073,807,1,20.32,10.972800000000001,0.3,0.00148708925683,-2162795.6068718806,1567585.6181982055,POINT (-2162795.6068718806 1567585.6181982055)
198191,10073,807,1,20.573999999999998,8.5344,0.4,0.00148708925683,-2162787.930740594,1567580.4739562317,POINT (-2162787.930740594 1567580.4739562317)
198190,10073,807,1,29.21,10.0584,0.35,0.00148708925683,-2162796.1018803795,1567580.5625525946,POINT (-2162796.1018803795 1567580.5625525946)
198191,10073,807,1,20.573999999999998,8.5344,0.4,0.00148708925683,-2162787.376145647,1567580.649577627,POINT (-2162787.376145647 1567580.649577627)
198190,10073,807,1,29.21,10.0584,0.35,0.00148708925683,-2162770.4374894616,1567581.8261986221,POINT (-2162770.4374894616 1567581.8261986221)
198187,10073,807,1,20.828,10.3632,0.3,0.00148708925683,-2162782.473852911,1567571.3662123177,POINT (-2162782.473852911 1567571.3662123177)
198190,10073,807,1,29.21,10.0584,0.35,0.00148708925683,-2162796.717451271,1567583.1449382345,POINT (-2162796.717451271 1567583.1449382345)
198191,10073,807,1,20.573999999999998,8.5344,0.4,0.00148708925683,-2162787.784407372,1567581.642165753,POINT (-2162787.784407372 1567581.642165753)
198191,10073,807,1,20.573999999999998,8.5344,0.4,0.00148708925683,-2162591.601928555,1567818.5548615525,POINT (-2162591.601928555 1567818.5548615525)
198188,10073,807,1,20.32,10.972800000000001,0.3,0.00148708925683,-2162571.932303207,1567331.3673386592,POINT (-2162571.932303207 1567331.3673386592)
198186,10073,801,2,72.39,11.8872,,0.00024690435073999997,-2162750.1850510095,1567682.4419359635,POINT (-2162750.1850510095 1567682.4419359635)
198188,10073,807,1,20.32,10.972800000000001,0.3,0.00148708925683,-2162768.2336101877,1567677.8559261945,POINT (-2162768.2336101877 1567677.8559261945)
198188,10073,807,1,20.32,10.972800000000001,0.3,0.00148708925683,-2162748.688019832,1567678.0062519237,POINT (-2162748.688019832 1567678.0062519237)
198186,10073,801,2,72.39,11.8872,,0.00024690435073999997,-2162741.7634864803,1567683.7117606301,POINT (-2162741.7634864803 1567683.7117606301)
198190,10073,807,1,29.21,10.0584,0.35,0.00148708925683,-2162561.995807901,1567675.4999471526,POINT (-2162561.995807901 1567675.4999471526)
198189,10073,807,1,75.18400000000001,9.7536,0.5,0.00024690435073999997,-2162561.152037668,1567683.5779883936,POINT (-2162561.152037668 1567683.5779883936)
198188,10073,807,1,20.32,10.972800000000001,0.3,0.00148708925683,-2162602.179176899,1567677.6637114123,POINT (-2162602.179176899 1567677.6637114123)
198191,10073,807,1,20.573999999999998,8.5344,0.4,0.00148708925683,-2162587.0737233283,1567681.4461362825,POINT (-2162587.0737233283 1567681.4461362825)
198187,10073,807,1,20.828,10.3632,0.3,0.00148708925683,-2162742.388965583,1567690.7345065905,POINT (-2162742.388965583 1567690.7345065905)
198191,10073,807,1,20.573999999999998,8.5344,0.4,0.00148708925683,-2162730.932842939,1567701.2262418177,POINT (-2162730.932842939 1567701.2262418177)
198185,10073,801,2,72.136,6.7056000000000004,,0.00024690435073999997,-2162735.6926041967,1567698.7510632044,POINT (-2162735.6926041967 1567698.7510632044)
198188,10073,807,1,20.32,10.972800000000001,0.3,0.00148708925683,-2162735.3848224445,1567692.3576315606,POINT (-2162735.3848224445 1567692.3576315606)
198187,10073,807,1,20.828,10.3632,0.3,0.00148708925683,-2162719.83413578,1567697.529763387,POINT (-2162719.83413578 1567697.529763387)
198188,10073,807,1,20.32,10.972800000000001,0.3,0.00148708925683,-2162723.722072649,1567697.6271483786,POINT (-2162723.722072649 1567697.6271483786)
198191,10073,807,1,20.573999999999998,8.5344,0.4,0.00148708925683,-2162573.876963725,1567683.1411432843,POINT (-2162573.876963725 1567683.1411432843)
198189,10073,807,1,75.18400000000001,9.7536,0.5,0.00024690435073999997,-2162777.8182984185,1567703.4173857472,POINT (-2162777.8182984185 1567703.4173857472)
198188,10073,807,1,20.32,10.972800000000001,0.3,0.00148708925683,-2162771.6875943188,1567589.1671377684,POINT (-2162771.6875943188 1567589.1671377684)
198188,10073,807,1,20.32,10.972800000000001,0.3,0.00148708925683,-2162598.132406692,1567672.2938667084,POINT (-2162598.132406692 1567672.2938667084)
198189,10073,807,1,75.18400000000001,9.7536,0.5,0.00024690435073999997,-2162580.6494103908,1567666.928614895,POINT (-2162580.6494103908 1567666.928614895)
198191,10073,807,1,20.573999999999998,8.5344,0.4,0.00148708925683,-2162586.293098245,1567667.3787100294,POINT (-2162586.293098245 1567667.3787100294)
198191,10073,807,1,20.573999999999998,8.5344,0.4,0.00148708925683,-2162563.45237461,1567660.6362750311,POINT (-2162563.45237461 1567660.6362750311)
198190,10073,807,1,29.21,10.0584,0.35,0.00148708925683,-2162562.242583045,1567672.3923342295,POINT (-2162562.242583045 1567672.3923342295)
198190,10073,807,1,29.21,10.0584,0.35,0.00148708925683,-2162564.4434308014,1567664.8708893135,POINT (-2162564.4434308014 1567664.8708893135)
198190,10073,807,1,29.21,10.0584,0.35,0.00148708925683,-2162561.0350716477,1567666.1952293115,POINT (-2162561.0350716477 1567666.1952293115)
198190,10073,807,1,29.21,10.0584,0.35,0.00148708925683,-2162783.0217985353,1567669.9500494383,POINT (-2162783.0217985353 1567669.9500494383)
198191,10073,807,1,20.573999999999998,8.5344,0.4,0.00148708925683,-2162756.342158632,1567667.3926264357,POINT (-2162756.342158632 1567667.3926264357)
198190,10073,807,1,29.21,10.0584,0.35,0.00148708925683,-2162753.9974202435,1567673.7222274675,POINT (-2162753.9974202435 1567673.7222274675)
198188,10073,807,1,20.32,10.972800000000001,0.3,0.00148708925683,-2162750.3384150565,1567666.0736328051,POINT (-2162750.3384150565 1567666.0736328051)
198187,10073,807,1,20.828,10.3632,0.3,0.00148708925683,-2162747.960425006,1567660.7713106847,POINT (-2162747.960425006 1567660.7713106847)
198187,10073,807,1,20.828,10.3632,0.3,0.00148708925683,-2162743.432969687,1567668.4115587592,POINT (-2162743.432969687 1567668.4115587592)
198190,10073,807,1,29.21,10.0584,0.35,0.00148708925683,-2162780.7329172837,1567592.1679549015,POINT (-2162780.7329172837 1567592.1679549015)
198188,10073,807,1,20.32,10.972800000000001,0.3,0.00148708925683,-2162783.7881990713,1567592.9839498282,POINT (-2162783.7881990713 1567592.9839498282)
198187,10073,807,1,20.828,10.3632,0.3,0.00148708925683,-2162714.79222656,1567699.3191250586,POINT (-2162714.79222656 1567699.3191250586)
198191,10073,807,1,20.573999999999998,8.5344,0.4,0.00148708925683,-2162720.1249839677,1567689.6958661848,POINT (-2162720.1249839677 1567689.6958661848)
198185,10073,801,2,72.136,6.7056000000000004,,0.00024690435073999997,-2162739.778127856,1567717.2351296174,POINT (-2162739.778127856 1567717.2351296174)
198190,10073,807,1,29.21,10.0584,0.35,0.00148708925683,-2162724.6146268523,1567716.1137276073,POINT (-2162724.6146268523 1567716.1137276073)
198186,10073,801,2,72.39,11.8872,,0.00024690435073999997,-2162717.718187405,1567706.5318078059,POINT (-2162717.718187405 1567706.5318078059)
198191,10073,807,1,20.573999999999998,8.5344,0.4,0.00148708925683,-2162747.7722564656,1567724.9652687237,POINT (-2162747.7722564656 1567724.9652687237)
198191,10073,807,1,20.573999999999998,8.5344,0.4,0.00148708925683,-2162722.4188977764,1567709.1601899383,POINT (-2162722.4188977764 1567709.1601899383)
198188,10073,807,1,20.32,10.972800000000001,0.3,0.00148708925683,-2162722.854991487,1567715.425988624,POINT (-2162722.854991487 1567715.425988624)
198191,10073,807,1,20.573999999999998,8.5344,0.4,0.00148708925683,-2162597.4951197784,1567831.8814678986,POINT (-2162597.4951197784 1567831.8814678986)
198188,10073,807,1,20.32,10.972800000000001,0.3,0.00148708925683,-2162633.9089655126,1567838.1428340168,POINT (-2162633.9089655126 1567838.1428340168)
198190,10073,807,1,29.21,10.0584,0.35,0.00148708925683,-2162593.8211034024,1567833.100764043,POINT (-2162593.8211034024 1567833.100764043)
198185,10073,801,2,72.136,6.7056000000000004,,0.00024690435073999997,-2162594.7441533078,1567831.9495582192,POINT (-2162594.7441533078 1567831.9495582192)
198191,10073,807,1,20.573999999999998,8.5344,0.4,0.00148708925683,-2162594.056665335,1567826.4235318815,POINT (-2162594.056665335 1567826.4235318815)
198187,10073,807,1,20.828,10.3632,0.3,0.00148708925683,-2162589.1235312405,1567829.1670616039,POINT (-2162589.1235312405 1567829.1670616039)
198190,10073,807,1,29.21,10.0584,0.35,0.00148708925683,-2162590.0672467723,1567827.321412637,POINT (-2162590.0672467723 1567827.321412637)
198189,10073,807,1,75.18400000000001,9.7536,0.5,0.00024690435073999997,-2162594.7004937925,1567824.2363295245,POINT (-2162594.7004937925 1567824.2363295245)
198191,10073,807,1,20.573999999999998,8.5344,0.4,0.00148708925683,-2162555.7778008883,1567342.5677832603,POINT (-2162555.7778008883 1567342.5677832603)
198187,10073,807,1,20.828,10.3632,0.3,0.00148708925683,-2162549.682475215,1567341.7645684802,POINT (-2162549.682475215 1567341.7645684802)
218688,10080,807,1,14.986,9.144,0.25,0.00148708925683,-2162526.7184187793,1567399.3576695896,POINT (-2162526.7184187793 1567399.3576695896)
218690,10080,807,1,24.637999999999998,10.0584,0.35,0.00148708925683,-2162524.3637264087,1567375.0807638573,POINT (-2162524.3637264087 1567375.0807638573)
218691,10080,807,1,36.322,10.972800000000001,0.4,0.00148708925683,-2162528.5652032145,1567384.1137360674,POINT (-2162528.5652032145 1567384.1137360674)
218688,10080,807,1,14.986,9.144,0.25,0.00148708925683,-2162521.0447726124,1567389.1282411672,POINT (-2162521.0447726124 1567389.1282411672)
218691,10080,807,1,36.322,10.972800000000001,0.4,0.00148708925683,-2162527.283966155,1567370.9081479446,POINT (-2162527.283966155 1567370.9081479446)
218693,10080,807,1,15.24,8.8392,0.25,0.00148708925683,-2162527.2771682004,1567361.6196321119,POINT (-2162527.2771682004 1567361.6196321119)
218688,10080,807,1,14.986,9.144,0.25,0.00148708925683,-2162525.4616617183,1567368.858287888,POINT (-2162525.4616617183 1567368.858287888)
218692,10080,807,1,23.876,7.9248,0.4,0.00148708925683,-2162523.9247249584,1567381.0426885635,POINT (-2162523.9247249584 1567381.0426885635)
218694,10080,807,1,14.986,10.0584,0.3,0.00148708925683,-2162521.144269749,1567373.365597367,POINT (-2162521.144269749 1567373.365597367)
200939,10088,807,1,56.642,18.5928,0.55,0.00148708925683,-2162548.053568317,1567417.1493360403,POINT (-2162548.053568317 1567417.1493360403)
200947,10088,801,1,36.322,12.192,0.5,0.00148708925683,-2162788.7367931185,1567359.9571603176,POINT (-2162788.7367931185 1567359.9571603176)
200950,10088,801,1,67.056,18.5928,0.2,0.00024690435073999997,-2162742.1774208723,1567412.7779096253,POINT (-2162742.1774208723 1567412.7779096253)
200933,10088,801,1,49.022000000000006,14.020800000000001,0.55,0.00148708925683,-2162739.686507312,1567404.518814565,POINT (-2162739.686507312 1567404.518814565)
200933,10088,801,1,49.022000000000006,14.020800000000001,0.55,0.00148708925683,-2162755.327270951,1567418.5211872773,POINT (-2162755.327270951 1567418.5211872773)
200939,10088,807,1,56.642,18.5928,0.55,0.00148708925683,-2162768.019347836,1567415.8730057923,POINT (-2162768.019347836 1567415.8730057923)
200935,10088,801,1,54.61,14.325600000000001,0.35,0.00148708925683,-2162757.8841401855,1567404.1001298819,POINT (-2162757.8841401855 1567404.1001298819)
200931,10088,801,1,39.624,13.716000000000001,0.4,0.00148708925683,-2162558.519312892,1567411.3505446098,POINT (-2162558.519312892 1567411.3505446098)
200951,10088,801,1,21.082,13.1064,0.7,0.00148708925683,-2162547.1272543315,1567415.3916859347,POINT (-2162547.1272543315 1567415.3916859347)
200944,10088,801,1,58.928,19.2024,0.45,0.00148708925683,-2162789.607232716,1567373.5907205876,POINT (-2162789.607232716 1567373.5907205876)
200945,10088,801,1,82.04199999999999,21.640800000000002,0.5,0.00024690435073999997,-2162571.5682582287,1567415.4755752108,POINT (-2162571.5682582287 1567415.4755752108)
200946,10088,801,1,23.368,8.8392,0.5,0.00148708925683,-2162568.2870402182,1567404.1443996574,POINT (-2162568.2870402182 1567404.1443996574)
200931,10088,801,1,39.624,13.716000000000001,0.4,0.00148708925683,-2162740.792887365,1567413.1632865905,POINT (-2162740.792887365 1567413.1632865905)
200948,10088,801,1,24.892000000000003,10.0584,0.15,0.00148708925683,-2162741.0283816964,1567426.7074989004,POINT (-2162741.0283816964 1567426.7074989004)
200943,10088,801,1,13.97,9.144,0.3,0.00148708925683,-2162762.5136224134,1567422.3611487132,POINT (-2162762.5136224134 1567422.3611487132)
200933,10088,801,1,49.022000000000006,14.020800000000001,0.55,0.00148708925683,-2162754.851009705,1567431.1594295343,POINT (-2162754.851009705 1567431.1594295343)
200946,10088,801,1,23.368,8.8392,0.5,0.00148708925683,-2162761.535257393,1567421.5929696236,POINT (-2162761.535257393 1567421.5929696236)
200935,10088,801,1,54.61,14.325600000000001,0.35,0.00148708925683,-2162552.395307763,1567407.1505859238,POINT (-2162552.395307763 1567407.1505859238)
200950,10088,801,1,67.056,18.5928,0.2,0.00024690435073999997,-2162764.3037560517,1567395.8609376447,POINT (-2162764.3037560517 1567395.8609376447)
200940,10088,801,1,22.352000000000004,10.0584,0.3,0.00148708925683,-2162761.918835421,1567398.5861061614,POINT (-2162761.918835421 1567398.5861061614)
200948,10088,801,1,24.892000000000003,10.0584,0.15,0.00148708925683,-2162766.239962886,1567394.3831490984,POINT (-2162766.239962886 1567394.3831490984)
200935,10088,801,1,54.61,14.325600000000001,0.35,0.00148708925683,-2162525.6786257504,1567409.5388682117,POINT (-2162525.6786257504 1567409.5388682117)
200948,10088,801,1,24.892000000000003,10.0584,0.15,0.00148708925683,-2162535.1925699385,1567412.2965240204,POINT (-2162535.1925699385 1567412.2965240204)
200946,10088,801,1,23.368,8.8392,0.5,0.00148708925683,-2162531.737322056,1567408.3036801985,POINT (-2162531.737322056 1567408.3036801985)
200949,10088,801,1,64.51599999999999,16.764,0.3,0.00024690435073999997,-2162556.310648008,1567406.0991853853,POINT (-2162556.310648008 1567406.0991853853)
200933,10088,801,1,49.022000000000006,14.020800000000001,0.55,0.00148708925683,-2162557.9538954073,1567418.4215832343,POINT (-2162557.9538954073 1567418.4215832343)
200936,10088,801,1,66.802,14.9352,0.65,0.00024690435073999997,-2162765.2163412534,1567411.130881818,POINT (-2162765.2163412534 1567411.130881818)
200948,10088,801,1,24.892000000000003,10.0584,0.15,0.00148708925683,-2162552.078710591,1567405.7320569553,POINT (-2162552.078710591 1567405.7320569553)
200930,10088,801,1,16.764,5.1816,0.55,0.00148708925683,-2162558.3042708854,1567378.7283183,POINT (-2162558.3042708854 1567378.7283183)
200932,10088,801,2,18.796000000000003,3.3528000000000002,,0.00148708925683,-2162779.7576275133,1567368.5327482256,POINT (-2162779.7576275133 1567368.5327482256)
200930,10088,801,1,16.764,5.1816,0.55,0.00148708925683,-2162793.2123687253,1567372.8961486244,POINT (-2162793.2123687253 1567372.8961486244)
200940,10088,801,1,22.352000000000004,10.0584,0.3,0.00148708925683,-2162788.4007740715,1567363.8049827747,POINT (-2162788.4007740715 1567363.8049827747)
200947,10088,801,1,36.322,12.192,0.5,0.00148708925683,-2162790.386852731,1567373.7887751407,POINT (-2162790.386852731 1567373.7887751407)
200951,10088,801,1,21.082,13.1064,0.7,0.00148708925683,-2162794.616736568,1567362.0494376838,POINT (-2162794.616736568 1567362.0494376838)
200940,10088,801,1,22.352000000000004,10.0584,0.3,0.00148708925683,-2162700.6056348463,1567524.4451448994,POINT (-2162700.6056348463 1567524.4451448994)
200935,10088,801,1,54.61,14.325600000000001,0.35,0.00148708925683,-2162557.3881000564,1567407.7505105354,POINT (-2162557.3881000564 1567407.7505105354)
200935,10088,801,1,54.61,14.325600000000001,0.35,0.00148708925683,-2162550.4303391054,1567405.305711506,POINT (-2162550.4303391054 1567405.305711506)
200933,10088,801,1,49.022000000000006,14.020800000000001,0.55,0.00148708925683,-2162549.0414025076,1567407.1421455932,POINT (-2162549.0414025076 1567407.1421455932)
200943,10088,801,1,13.97,9.144,0.3,0.00148708925683,-2162551.4431001125,1567413.7783250497,POINT (-2162551.4431001125 1567413.7783250497)
200939,10088,807,1,56.642,18.5928,0.55,0.00148708925683,-2162555.9629593617,1567407.8826115823,POINT (-2162555.9629593617 1567407.8826115823)
200944,10088,801,1,58.928,19.2024,0.45,0.00148708925683,-2162691.0978036784,1567518.196219068,POINT (-2162691.0978036784 1567518.196219068)
200933,10088,801,1,49.022000000000006,14.020800000000001,0.55,0.00148708925683,-2162682.2190089556,1567516.7098100092,POINT (-2162682.2190089556 1567516.7098100092)
200943,10088,801,1,13.97,9.144,0.3,0.00148708925683,-2162692.8423508266,1567509.8056051158,POINT (-2162692.8423508266 1567509.8056051158)
200948,10088,801,1,24.892000000000003,10.0584,0.15,0.00148708925683,-2162755.8716768613,1567450.3965263665,POINT (-2162755.8716768613 1567450.3965263665)
200947,10088,801,1,36.322,12.192,0.5,0.00148708925683,-2162696.0035946555,1567535.1127434752,POINT (-2162696.0035946555 1567535.1127434752)
200951,10088,801,1,21.082,13.1064,0.7,0.00148708925683,-2162702.2943509333,1567533.0917884142,POINT (-2162702.2943509333 1567533.0917884142)
200947,10088,801,1,36.322,12.192,0.5,0.00148708925683,-2162709.594563016,1567537.5419950357,POINT (-2162709.594563016 1567537.5419950357)
200932,10088,801,2,18.796000000000003,3.3528000000000002,,0.00148708925683,-2162709.358629261,1567528.8022288678,POINT (-2162709.358629261 1567528.8022288678)
200934,10088,801,1,70.104,18.288,0.4,0.00024690435073999997,-2162714.201524118,1567516.131694893,POINT (-2162714.201524118 1567516.131694893)
200947,10088,801,1,36.322,12.192,0.5,0.00148708925683,-2162724.674288292,1567513.9535335256,POINT (-2162724.674288292 1567513.9535335256)
200939,10088,807,1,56.642,18.5928,0.55,0.00148708925683,-2162734.8044226794,1567519.3819962787,POINT (-2162734.8044226794 1567519.3819962787)
200944,10088,801,1,58.928,19.2024,0.45,0.00148708925683,-2162754.134565012,1567393.2614817037,POINT (-2162754.134565012 1567393.2614817037)
200944,10088,801,1,58.928,19.2024,0.45,0.00148708925683,-2162716.8171268543,1567517.707906455,POINT (-2162716.8171268543 1567517.707906455)
200944,10088,801,1,58.928,19.2024,0.45,0.00148708925683,-2162697.298574078,1567509.0571657713,POINT (-2162697.298574078 1567509.0571657713)
200930,10088,801,1,16.764,5.1816,0.55,0.00148708925683,-2162705.142786783,1567511.1103150733,POINT (-2162705.142786783 1567511.1103150733)
200944,10088,801,1,58.928,19.2024,0.45,0.00148708925683,-2162696.7997070025,1567514.8388529448,POINT (-2162696.7997070025 1567514.8388529448)
200943,10088,801,1,13.97,9.144,0.3,0.00148708925683,-2162703.8877791367,1567509.6629007955,POINT (-2162703.8877791367 1567509.6629007955)
200935,10088,801,1,54.61,14.325600000000001,0.35,0.00148708925683,-2162762.926087916,1567447.516163263,POINT (-2162762.926087916 1567447.516163263)
200930,10088,801,1,16.764,5.1816,0.55,0.00148708925683,-2162714.2976720966,1567497.6278808855,POINT (-2162714.2976720966 1567497.6278808855)
200938,10088,801,1,50.038,13.411200000000001,0.55,0.00148708925683,-2162751.4597884463,1567430.224448398,POINT (-2162751.4597884463 1567430.224448398)
200941,10088,801,1,40.386,9.144,0.4,0.00148708925683,-2162550.784628817,1567420.6103001507,POINT (-2162550.784628817 1567420.6103001507)
200933,10088,801,1,49.022000000000006,14.020800000000001,0.55,0.00148708925683,-2162535.100505006,1567430.9519124792,POINT (-2162535.100505006 1567430.9519124792)
200944,10088,801,1,58.928,19.2024,0.45,0.00148708925683,-2162534.2264213734,1567397.1500115185,POINT (-2162534.2264213734 1567397.1500115185)
200946,10088,801,1,23.368,8.8392,0.5,0.00148708925683,-2162791.743076873,1567376.6581688165,POINT (-2162791.743076873 1567376.6581688165)
200941,10088,801,1,40.386,9.144,0.4,0.00148708925683,-2162798.750277059,1567382.8730866967,POINT (-2162798.750277059 1567382.8730866967)
200930,10088,801,1,16.764,5.1816,0.55,0.00148708925683,-2162770.3499741117,1567380.980555869,POINT (-2162770.3499741117 1567380.980555869)
200947,10088,801,1,36.322,12.192,0.5,0.00148708925683,-2162765.3532633297,1567380.5321746448,POINT (-2162765.3532633297 1567380.5321746448)
200947,10088,801,1,36.322,12.192,0.5,0.00148708925683,-2162754.971039145,1567344.4978401107,POINT (-2162754.971039145 1567344.4978401107)
200944,10088,801,1,58.928,19.2024,0.45,0.00148708925683,-2162770.585863974,1567344.5482785136,POINT (-2162770.585863974 1567344.5482785136)
200932,10088,801,2,18.796000000000003,3.3528000000000002,,0.00148708925683,-2162781.99731263,1567354.963319112,POINT (-2162781.99731263 1567354.963319112)
200932,10088,801,2,18.796000000000003,3.3528000000000002,,0.00148708925683,-2162770.966403224,1567347.820549679,POINT (-2162770.966403224 1567347.820549679)
200943,10088,801,1,13.97,9.144,0.3,0.00148708925683,-2162777.823900423,1567350.7451133688,POINT (-2162777.823900423 1567350.7451133688)
200932,10088,801,2,18.796000000000003,3.3528000000000002,,0.00148708925683,-2162793.416292739,1567357.4726359476,POINT (-2162793.416292739 1567357.4726359476)
200946,10088,801,1,23.368,8.8392,0.5,0.00148708925683,-2162788.5537395542,1567346.8183041147,POINT (-2162788.5537395542 1567346.8183041147)
200937,10088,801,1,61.976,13.1064,0.45,0.00024690435073999997,-2162790.2006897163,1567348.0522481645,POINT (-2162790.2006897163 1567348.0522481645)
200932,10088,801,2,18.796000000000003,3.3528000000000002,,0.00148708925683,-2162784.597790499,1567355.0677008817,POINT (-2162784.597790499 1567355.0677008817)
200935,10088,801,1,54.61,14.325600000000001,0.35,0.00148708925683,-2162774.505299772,1567367.912311235,POINT (-2162774.505299772 1567367.912311235)
200932,10088,801,2,18.796000000000003,3.3528000000000002,,0.00148708925683,-2162778.2637102283,1567358.565271635,POINT (-2162778.2637102283 1567358.565271635)
200938,10088,801,1,50.038,13.411200000000001,0.55,0.00148708925683,-2162774.8767166906,1567350.341542239,POINT (-2162774.8767166906 1567350.341542239)
200943,10088,801,1,13.97,9.144,0.3,0.00148708925683,-2162780.208118316,1567346.2085722894,POINT (-2162780.208118316 1567346.2085722894)
200944,10088,801,1,58.928,19.2024,0.45,0.00148708925683,-2162558.496648503,1567379.4559170653,POINT (-2162558.496648503 1567379.4559170653)
200947,10088,801,1,36.322,12.192,0.5,0.00148708925683,-2162547.1630936363,1567386.5674387023,POINT (-2162547.1630936363 1567386.5674387023)
200941,10088,801,1,40.386,9.144,0.4,0.00148708925683,-2162555.477970407,1567376.6076509766,POINT (-2162555.477970407 1567376.6076509766)
200941,10088,801,1,40.386,9.144,0.4,0.00148708925683,-2162550.116808329,1567374.414143204,POINT (-2162550.116808329 1567374.414143204)
200932,10088,801,2,18.796000000000003,3.3528000000000002,,0.00148708925683,-2162762.5138129313,1567370.5124392118,POINT (-2162762.5138129313 1567370.5124392118)
200931,10088,801,1,39.624,13.716000000000001,0.4,0.00148708925683,-2162775.450102937,1567329.4572382618,POINT (-2162775.450102937 1567329.4572382618)
200951,10088,801,1,21.082,13.1064,0.7,0.00148708925683,-2162791.401348702,1567338.3203448919,POINT (-2162791.401348702 1567338.3203448919)
200935,10088,801,1,54.61,14.325600000000001,0.35,0.00148708925683,-2162775.4448401593,1567367.4491573179,POINT (-2162775.4448401593 1567367.4491573179)
200935,10088,801,1,54.61,14.325600000000001,0.35,0.00148708925683,-2162772.675683022,1567365.2907934932,POINT (-2162772.675683022 1567365.2907934932)
200951,10088,801,1,21.082,13.1064,0.7,0.00148708925683,-2162774.2950449726,1567364.8711417783,POINT (-2162774.2950449726 1567364.8711417783)
200930,10088,801,1,16.764,5.1816,0.55,0.00148708925683,-2162770.1906811707,1567362.83708376,POINT (-2162770.1906811707 1567362.83708376)
200949,10088,801,1,64.51599999999999,16.764,0.3,0.00024690435073999997,-2162779.8372525335,1567360.4307294684,POINT (-2162779.8372525335 1567360.4307294684)
200941,10088,801,1,40.386,9.144,0.4,0.00148708925683,-2162755.2627438703,1567365.041200196,POINT (-2162755.2627438703 1567365.041200196)
200951,10088,801,1,21.082,13.1064,0.7,0.00148708925683,-2162547.6317045605,1567388.5513706394,POINT (-2162547.6317045605 1567388.5513706394)
200944,10088,801,1,58.928,19.2024,0.45,0.00148708925683,-2162762.0005080006,1567371.0253595323,POINT (-2162762.0005080006 1567371.0253595323)
200949,10088,801,1,64.51599999999999,16.764,0.3,0.00024690435073999997,-2162726.943780696,1567347.9146891674,POINT (-2162726.943780696 1567347.9146891674)
200949,10088,801,1,64.51599999999999,16.764,0.3,0.00024690435073999997,-2162765.5378509206,1567348.46310586,POINT (-2162765.5378509206 1567348.46310586)
200944,10088,801,1,58.928,19.2024,0.45,0.00148708925683,-2162761.424080644,1567345.7332592777,POINT (-2162761.424080644 1567345.7332592777)
200943,10088,801,1,13.97,9.144,0.3,0.00148708925683,-2162765.9992716424,1567344.9182712773,POINT (-2162765.9992716424 1567344.9182712773)
200938,10088,801,1,50.038,13.411200000000001,0.55,0.00148708925683,-2162770.569659837,1567360.322044781,POINT (-2162770.569659837 1567360.322044781)
200940,10088,801,1,22.352000000000004,10.0584,0.3,0.00148708925683,-2162779.8144004685,1567363.6489838678,POINT (-2162779.8144004685 1567363.6489838678)
200940,10088,801,1,22.352000000000004,10.0584,0.3,0.00148708925683,-2162556.7975065494,1567362.2795628798,POINT (-2162556.7975065494 1567362.2795628798)
200951,10088,801,1,21.082,13.1064,0.7,0.00148708925683,-2162562.8105923566,1567381.8917007651,POINT (-2162562.8105923566 1567381.8917007651)
200930,10088,801,1,16.764,5.1816,0.55,0.00148708925683,-2162573.735407709,1567387.0752332318,POINT (-2162573.735407709 1567387.0752332318)
200948,10088,801,1,24.892000000000003,10.0584,0.15,0.00148708925683,-2162767.2848484926,1567359.0852141269,POINT (-2162767.2848484926 1567359.0852141269)
200932,10088,801,2,18.796000000000003,3.3528000000000002,,0.00148708925683,-2162767.217387856,1567367.515129976,POINT (-2162767.217387856 1567367.515129976)
200944,10088,801,1,58.928,19.2024,0.45,0.00148708925683,-2162776.191952854,1567369.2475182852,POINT (-2162776.191952854 1567369.2475182852)
200944,10088,801,1,58.928,19.2024,0.45,0.00148708925683,-2162771.8819090556,1567365.9303336628,POINT (-2162771.8819090556 1567365.9303336628)
200930,10088,801,1,16.764,5.1816,0.55,0.00148708925683,-2162776.4442551862,1567369.3544529472,POINT (-2162776.4442551862 1567369.3544529472)
200931,10088,801,1,39.624,13.716000000000001,0.4,0.00148708925683,-2162542.3819879782,1567359.710558275,POINT (-2162542.3819879782 1567359.710558275)
200932,10088,801,2,18.796000000000003,3.3528000000000002,,0.00148708925683,-2162566.210255376,1567388.7782551586,POINT (-2162566.210255376 1567388.7782551586)
200938,10088,801,1,50.038,13.411200000000001,0.55,0.00148708925683,-2162557.668716269,1567392.701004998,POINT (-2162557.668716269 1567392.701004998)
200930,10088,801,1,16.764,5.1816,0.55,0.00148708925683,-2162567.5838863784,1567397.5292494448,POINT (-2162567.5838863784 1567397.5292494448)
200938,10088,801,1,50.038,13.411200000000001,0.55,0.00148708925683,-2162747.1255973536,1567399.8801258844,POINT (-2162747.1255973536 1567399.8801258844)
200930,10088,801,1,16.764,5.1816,0.55,0.00148708925683,-2162763.8618455683,1567394.774217319,POINT (-2162763.8618455683 1567394.774217319)
200946,10088,801,1,23.368,8.8392,0.5,0.00148708925683,-2162760.0417428156,1567399.8411020027,POINT (-2162760.0417428156 1567399.8411020027)
200947,10088,801,1,36.322,12.192,0.5,0.00148708925683,-2162764.1391386767,1567396.0879873887,POINT (-2162764.1391386767 1567396.0879873887)
200941,10088,801,1,40.386,9.144,0.4,0.00148708925683,-2162768.731135031,1567399.251455626,POINT (-2162768.731135031 1567399.251455626)
200932,10088,801,2,18.796000000000003,3.3528000000000002,,0.00148708925683,-2162726.748091279,1567536.937034535,POINT (-2162726.748091279 1567536.937034535)
200944,10088,801,1,58.928,19.2024,0.45,0.00148708925683,-2162785.4950260557,1567344.3042513374,POINT (-2162785.4950260557 1567344.3042513374)
200931,10088,801,1,39.624,13.716000000000001,0.4,0.00148708925683,-2162766.9862508005,1567370.7136660577,POINT (-2162766.9862508005 1567370.7136660577)
200951,10088,801,1,21.082,13.1064,0.7,0.00148708925683,-2162743.6638348214,1567359.2452502504,POINT (-2162743.6638348214 1567359.2452502504)
200940,10088,801,1,22.352000000000004,10.0584,0.3,0.00148708925683,-2162725.1900811424,1567365.3813108087,POINT (-2162725.1900811424 1567365.3813108087)
200930,10088,801,1,16.764,5.1816,0.55,0.00148708925683,-2162546.864487566,1567377.689447017,POINT (-2162546.864487566 1567377.689447017)
200938,10088,801,1,50.038,13.411200000000001,0.55,0.00148708925683,-2162548.985908185,1567382.0406367464,POINT (-2162548.985908185 1567382.0406367464)
200940,10088,801,1,22.352000000000004,10.0584,0.3,0.00148708925683,-2162548.863073102,1567384.067600579,POINT (-2162548.863073102 1567384.067600579)
200930,10088,801,1,16.764,5.1816,0.55,0.00148708925683,-2162755.4267849247,1567378.6979894189,POINT (-2162755.4267849247 1567378.6979894189)
200939,10088,807,1,56.642,18.5928,0.55,0.00148708925683,-2162745.200592311,1567381.8222017707,POINT (-2162745.200592311 1567381.8222017707)
200933,10088,801,1,49.022000000000006,14.020800000000001,0.55,0.00148708925683,-2162739.212190302,1567388.5744303537,POINT (-2162739.212190302 1567388.5744303537)
200940,10088,801,1,22.352000000000004,10.0584,0.3,0.00148708925683,-2162741.222340533,1567385.4820047168,POINT (-2162741.222340533 1567385.4820047168)
200946,10088,801,1,23.368,8.8392,0.5,0.00148708925683,-2162753.795853577,1567380.1971466313,POINT (-2162753.795853577 1567380.1971466313)
200939,10088,807,1,56.642,18.5928,0.55,0.00148708925683,-2162540.8155774036,1567386.892297738,POINT (-2162540.8155774036 1567386.892297738)
200932,10088,801,2,18.796000000000003,3.3528000000000002,,0.00148708925683,-2162536.6281346953,1567381.5040903115,POINT (-2162536.6281346953 1567381.5040903115)
200941,10088,801,1,40.386,9.144,0.4,0.00148708925683,-2162537.331211627,1567377.4645316089,POINT (-2162537.331211627 1567377.4645316089)
200932,10088,801,2,18.796000000000003,3.3528000000000002,,0.00148708925683,-2162753.6239448967,1567576.754252875,POINT (-2162753.6239448967 1567576.754252875)
200947,10088,801,1,36.322,12.192,0.5,0.00148708925683,-2162735.4421417825,1567570.6763382868,POINT (-2162735.4421417825 1567570.6763382868)
200943,10088,801,1,13.97,9.144,0.3,0.00148708925683,-2162737.8648429434,1567577.9308205189,POINT (-2162737.8648429434 1567577.9308205189)
200930,10088,801,1,16.764,5.1816,0.55,0.00148708925683,-2162731.8768453137,1567580.480051983,POINT (-2162731.8768453137 1567580.480051983)
200932,10088,801,2,18.796000000000003,3.3528000000000002,,0.00148708925683,-2162731.644609501,1567580.4220059349,POINT (-2162731.644609501 1567580.4220059349)
200940,10088,801,1,22.352000000000004,10.0584,0.3,0.00148708925683,-2162763.969462608,1567571.4642948762,POINT (-2162763.969462608 1567571.4642948762)
200947,10088,801,1,36.322,12.192,0.5,0.00148708925683,-2162759.419020068,1567571.8625090776,POINT (-2162759.419020068 1567571.8625090776)
200947,10088,801,1,36.322,12.192,0.5,0.00148708925683,-2162749.3011468328,1567583.6611086887,POINT (-2162749.3011468328 1567583.6611086887)
200945,10088,801,1,82.04199999999999,21.640800000000002,0.5,0.00024690435073999997,-2162745.654159056,1567569.9099669454,POINT (-2162745.654159056 1567569.9099669454)
200947,10088,801,1,36.322,12.192,0.5,0.00148708925683,-2162728.3534786394,1567581.3190408435,POINT (-2162728.3534786394 1567581.3190408435)
200943,10088,801,1,13.97,9.144,0.3,0.00148708925683,-2162742.5683217696,1567578.9784925124,POINT (-2162742.5683217696 1567578.9784925124)
200942,10088,801,1,65.024,18.288,0.4,0.00024690435073999997,-2162750.3749573175,1567579.5137140106,POINT (-2162750.3749573175 1567579.5137140106)
200938,10088,801,1,50.038,13.411200000000001,0.55,0.00148708925683,-2162743.278789338,1567580.420821683,POINT (-2162743.278789338 1567580.420821683)
200939,10088,807,1,56.642,18.5928,0.55,0.00148708925683,-2162767.3123875926,1567571.6758133604,POINT (-2162767.3123875926 1567571.6758133604)
200941,10088,801,1,40.386,9.144,0.4,0.00148708925683,-2162756.9699045895,1567575.0880975178,POINT (-2162756.9699045895 1567575.0880975178)
200939,10088,807,1,56.642,18.5928,0.55,0.00148708925683,-2162766.8390377667,1567569.3285079934,POINT (-2162766.8390377667 1567569.3285079934)
200944,10088,801,1,58.928,19.2024,0.45,0.00148708925683,-2162721.5157264736,1567586.9752663989,POINT (-2162721.5157264736 1567586.9752663989)
200938,10088,801,1,50.038,13.411200000000001,0.55,0.00148708925683,-2162727.1931768823,1567564.1182168878,POINT (-2162727.1931768823 1567564.1182168878)
200944,10088,801,1,58.928,19.2024,0.45,0.00148708925683,-2162717.093687679,1567577.3409999972,POINT (-2162717.093687679 1567577.3409999972)
200936,10088,801,1,66.802,14.9352,0.65,0.00024690435073999997,-2162722.7758986903,1567571.7993452942,POINT (-2162722.7758986903 1567571.7993452942)
200932,10088,801,2,18.796000000000003,3.3528000000000002,,0.00148708925683,-2162724.2688416787,1567578.098154129,POINT (-2162724.2688416787 1567578.098154129)
200944,10088,801,1,58.928,19.2024,0.45,0.00148708925683,-2162727.1533810752,1567570.1632319845,POINT (-2162727.1533810752 1567570.1632319845)
200943,10088,801,1,13.97,9.144,0.3,0.00148708925683,-2162713.6251479816,1567559.1203709408,POINT (-2162713.6251479816 1567559.1203709408)
200939,10088,807,1,56.642,18.5928,0.55,0.00148708925683,-2162714.32744212,1567568.3213962102,POINT (-2162714.32744212 1567568.3213962102)
200933,10088,801,1,49.022000000000006,14.020800000000001,0.55,0.00148708925683,-2162714.9558174256,1567565.0982182699,POINT (-2162714.9558174256 1567565.0982182699)
200947,10088,801,1,36.322,12.192,0.5,0.00148708925683,-2162709.3789947866,1567568.0025366328,POINT (-2162709.3789947866 1567568.0025366328)
200946,10088,801,1,23.368,8.8392,0.5,0.00148708925683,-2162718.0834775674,1567596.6628651742,POINT (-2162718.0834775674 1567596.6628651742)
200944,10088,801,1,58.928,19.2024,0.45,0.00148708925683,-2162721.7110224506,1567580.6329071228,POINT (-2162721.7110224506 1567580.6329071228)
200943,10088,801,1,13.97,9.144,0.3,0.00148708925683,-2162711.768635896,1567578.5665581538,POINT (-2162711.768635896 1567578.5665581538)
200947,10088,801,1,36.322,12.192,0.5,0.00148708925683,-2162742.542372676,1567582.2602449993,POINT (-2162742.542372676 1567582.2602449993)
200938,10088,801,1,50.038,13.411200000000001,0.55,0.00148708925683,-2162741.4778228234,1567583.7788589844,POINT (-2162741.4778228234 1567583.7788589844)
200946,10088,801,1,23.368,8.8392,0.5,0.00148708925683,-2162742.3831736175,1567579.9283307001,POINT (-2162742.3831736175 1567579.9283307001)
200935,10088,801,1,54.61,14.325600000000001,0.35,0.00148708925683,-2162754.5253895926,1567570.8993236881,POINT (-2162754.5253895926 1567570.8993236881)
200951,10088,801,1,21.082,13.1064,0.7,0.00148708925683,-2162737.97761103,1567579.1506914422,POINT (-2162737.97761103 1567579.1506914422)
200938,10088,801,1,50.038,13.411200000000001,0.55,0.00148708925683,-2162711.417428255,1567613.1962583724,POINT (-2162711.417428255 1567613.1962583724)
200946,10088,801,1,23.368,8.8392,0.5,0.00148708925683,-2162692.836480402,1567600.4825898528,POINT (-2162692.836480402 1567600.4825898528)
200946,10088,801,1,23.368,8.8392,0.5,0.00148708925683,-2162689.082984825,1567612.7148059804,POINT (-2162689.082984825 1567612.7148059804)
200947,10088,801,1,36.322,12.192,0.5,0.00148708925683,-2162537.6576012103,1567596.3512843063,POINT (-2162537.6576012103 1567596.3512843063)
200947,10088,801,1,36.322,12.192,0.5,0.00148708925683,-2162720.3859132444,1567587.0660532494,POINT (-2162720.3859132444 1567587.0660532494)
200943,10088,801,1,13.97,9.144,0.3,0.00148708925683,-2162716.429108742,1567591.7691297804,POINT (-2162716.429108742 1567591.7691297804)
200933,10088,801,1,49.022000000000006,14.020800000000001,0.55,0.00148708925683,-2162723.5059584677,1567597.1094686612,POINT (-2162723.5059584677 1567597.1094686612)
200933,10088,801,1,49.022000000000006,14.020800000000001,0.55,0.00148708925683,-2162722.2231364935,1567587.9561572678,POINT (-2162722.2231364935 1567587.9561572678)
200932,10088,801,2,18.796000000000003,3.3528000000000002,,0.00148708925683,-2162728.0053368118,1567599.6025960874,POINT (-2162728.0053368118 1567599.6025960874)
200946,10088,801,1,23.368,8.8392,0.5,0.00148708925683,-2162685.0323533006,1567600.626625689,POINT (-2162685.0323533006 1567600.626625689)
200941,10088,801,1,40.386,9.144,0.4,0.00148708925683,-2162718.8391923774,1567604.3870464005,POINT (-2162718.8391923774 1567604.3870464005)
200940,10088,801,1,22.352000000000004,10.0584,0.3,0.00148708925683,-2162714.6119093844,1567612.0057269223,POINT (-2162714.6119093844 1567612.0057269223)
200948,10088,801,1,24.892000000000003,10.0584,0.15,0.00148708925683,-2162718.5655951924,1567601.5064940772,POINT (-2162718.5655951924 1567601.5064940772)
200931,10088,801,1,39.624,13.716000000000001,0.4,0.00148708925683,-2162715.065230046,1567601.9567967604,POINT (-2162715.065230046 1567601.9567967604)
200938,10088,801,1,50.038,13.411200000000001,0.55,0.00148708925683,-2162710.3551481715,1567607.4017128625,POINT (-2162710.3551481715 1567607.4017128625)
200947,10088,801,1,36.322,12.192,0.5,0.00148708925683,-2162717.451941426,1567613.9755406275,POINT (-2162717.451941426 1567613.9755406275)
200944,10088,801,1,58.928,19.2024,0.45,0.00148708925683,-2162741.659149579,1567591.2273807055,POINT (-2162741.659149579 1567591.2273807055)
200935,10088,801,1,54.61,14.325600000000001,0.35,0.00148708925683,-2162715.2768422686,1567572.7339784682,POINT (-2162715.2768422686 1567572.7339784682)
200948,10088,801,1,24.892000000000003,10.0584,0.15,0.00148708925683,-2162532.8097211192,1567612.2485862186,POINT (-2162532.8097211192 1567612.2485862186)
200932,10088,801,2,18.796000000000003,3.3528000000000002,,0.00148708925683,-2162535.321215371,1567609.392454921,POINT (-2162535.321215371 1567609.392454921)
200932,10088,801,2,18.796000000000003,3.3528000000000002,,0.00148708925683,-2162520.449202033,1567795.9733157048,POINT (-2162520.449202033 1567795.9733157048)
200945,10088,801,1,82.04199999999999,21.640800000000002,0.5,0.00024690435073999997,-2162527.7153878533,1567805.2482085587,POINT (-2162527.7153878533 1567805.2482085587)
200946,10088,801,1,23.368,8.8392,0.5,0.00148708925683,-2162527.506731963,1567794.2462783933,POINT (-2162527.506731963 1567794.2462783933)
200937,10088,801,1,61.976,13.1064,0.45,0.00024690435073999997,-2162574.962718014,1567797.8045574452,POINT (-2162574.962718014 1567797.8045574452)
200935,10088,801,1,54.61,14.325600000000001,0.35,0.00148708925683,-2162561.2693807287,1567798.638196876,POINT (-2162561.2693807287 1567798.638196876)
200930,10088,801,1,16.764,5.1816,0.55,0.00148708925683,-2162528.543618462,1567805.067048161,POINT (-2162528.543618462 1567805.067048161)
200944,10088,801,1,58.928,19.2024,0.45,0.00148708925683,-2162715.350022192,1567593.9428101867,POINT (-2162715.350022192 1567593.9428101867)
200951,10088,801,1,21.082,13.1064,0.7,0.00148708925683,-2162714.0326384297,1567584.2648935595,POINT (-2162714.0326384297 1567584.2648935595)
200932,10088,801,2,18.796000000000003,3.3528000000000002,,0.00148708925683,-2162710.5397213995,1567596.732220134,POINT (-2162710.5397213995 1567596.732220134)
200931,10088,801,1,39.624,13.716000000000001,0.4,0.00148708925683,-2162723.035613253,1567589.9317845963,POINT (-2162723.035613253 1567589.9317845963)
200947,10088,801,1,36.322,12.192,0.5,0.00148708925683,-2162784.607162176,1567539.1474731157,POINT (-2162784.607162176 1567539.1474731157)
200943,10088,801,1,13.97,9.144,0.3,0.00148708925683,-2162744.4293747395,1567443.2095062903,POINT (-2162744.4293747395 1567443.2095062903)
200931,10088,801,1,39.624,13.716000000000001,0.4,0.00148708925683,-2162766.435963716,1567439.4441881948,POINT (-2162766.435963716 1567439.4441881948)
200943,10088,801,1,13.97,9.144,0.3,0.00148708925683,-2162761.9115830073,1567438.5436527263,POINT (-2162761.9115830073 1567438.5436527263)
200931,10088,801,1,39.624,13.716000000000001,0.4,0.00148708925683,-2162717.4818769917,1567547.5400366548,POINT (-2162717.4818769917 1567547.5400366548)
200930,10088,801,1,16.764,5.1816,0.55,0.00148708925683,-2162709.7798662824,1567545.7931508343,POINT (-2162709.7798662824 1567545.7931508343)
200945,10088,801,1,82.04199999999999,21.640800000000002,0.5,0.00024690435073999997,-2162718.2929587127,1567544.9662737548,POINT (-2162718.2929587127 1567544.9662737548)
200947,10088,801,1,36.322,12.192,0.5,0.00148708925683,-2162772.6265644464,1567552.797535168,POINT (-2162772.6265644464 1567552.797535168)
200938,10088,801,1,50.038,13.411200000000001,0.55,0.00148708925683,-2162782.2938942923,1567550.609658932,POINT (-2162782.2938942923 1567550.609658932)
200931,10088,801,1,39.624,13.716000000000001,0.4,0.00148708925683,-2162740.2718893485,1567447.1865028238,POINT (-2162740.2718893485 1567447.1865028238)
200939,10088,807,1,56.642,18.5928,0.55,0.00148708925683,-2162794.571371389,1567541.2657059846,POINT (-2162794.571371389 1567541.2657059846)
200941,10088,801,1,40.386,9.144,0.4,0.00148708925683,-2162798.586615081,1567540.5408369014,POINT (-2162798.586615081 1567540.5408369014)
200941,10088,801,1,40.386,9.144,0.4,0.00148708925683,-2162737.4072604543,1567540.7557137087,POINT (-2162737.4072604543 1567540.7557137087)
200940,10088,801,1,22.352000000000004,10.0584,0.3,0.00148708925683,-2162525.2048394405,1567565.5735379276,POINT (-2162525.2048394405 1567565.5735379276)
200941,10088,801,1,40.386,9.144,0.4,0.00148708925683,-2162528.250539364,1567559.0479481227,POINT (-2162528.250539364 1567559.0479481227)
200947,10088,801,1,36.322,12.192,0.5,0.00148708925683,-2162528.9421147034,1567559.8995215956,POINT (-2162528.9421147034 1567559.8995215956)
200946,10088,801,1,23.368,8.8392,0.5,0.00148708925683,-2162536.862785896,1567555.5638523612,POINT (-2162536.862785896 1567555.5638523612)
200938,10088,801,1,50.038,13.411200000000001,0.55,0.00148708925683,-2162709.715992464,1567543.670818004,POINT (-2162709.715992464 1567543.670818004)
200946,10088,801,1,23.368,8.8392,0.5,0.00148708925683,-2162751.6722018924,1567532.4240451783,POINT (-2162751.6722018924 1567532.4240451783)
200939,10088,807,1,56.642,18.5928,0.55,0.00148708925683,-2162527.54846593,1567543.9755262844,POINT (-2162527.54846593 1567543.9755262844)
200930,10088,801,1,16.764,5.1816,0.55,0.00148708925683,-2162690.8700973745,1567546.739042287,POINT (-2162690.8700973745 1567546.739042287)
200948,10088,801,1,24.892000000000003,10.0584,0.15,0.00148708925683,-2162703.1990081426,1567530.2485026442,POINT (-2162703.1990081426 1567530.2485026442)
200931,10088,801,1,39.624,13.716000000000001,0.4,0.00148708925683,-2162705.373128985,1567530.0384777444,POINT (-2162705.373128985 1567530.0384777444)
200946,10088,801,1,23.368,8.8392,0.5,0.00148708925683,-2162700.490360628,1567525.4614193647,POINT (-2162700.490360628 1567525.4614193647)
200938,10088,801,1,50.038,13.411200000000001,0.55,0.00148708925683,-2162710.275765745,1567546.8599155422,POINT (-2162710.275765745 1567546.8599155422)
200933,10088,801,1,49.022000000000006,14.020800000000001,0.55,0.00148708925683,-2162691.197094299,1567566.553669382,POINT (-2162691.197094299 1567566.553669382)
200933,10088,801,1,49.022000000000006,14.020800000000001,0.55,0.00148708925683,-2162733.1804674407,1567549.3773871122,POINT (-2162733.1804674407 1567549.3773871122)
200932,10088,801,2,18.796000000000003,3.3528000000000002,,0.00148708925683,-2162731.112999531,1567551.7618787014,POINT (-2162731.112999531 1567551.7618787014)
200951,10088,801,1,21.082,13.1064,0.7,0.00148708925683,-2162728.548216972,1567539.1716273117,POINT (-2162728.548216972 1567539.1716273117)
200941,10088,801,1,40.386,9.144,0.4,0.00148708925683,-2162712.7592451507,1567531.3234459495,POINT (-2162712.7592451507 1567531.3234459495)
200940,10088,801,1,22.352000000000004,10.0584,0.3,0.00148708925683,-2162735.3529808004,1567528.2056428746,POINT (-2162735.3529808004 1567528.2056428746)
200938,10088,801,1,50.038,13.411200000000001,0.55,0.00148708925683,-2162726.6755893594,1567529.4132352402,POINT (-2162726.6755893594 1567529.4132352402)
200932,10088,801,2,18.796000000000003,3.3528000000000002,,0.00148708925683,-2162745.555779688,1567438.02071929,POINT (-2162745.555779688 1567438.02071929)
200932,10088,801,2,18.796000000000003,3.3528000000000002,,0.00148708925683,-2162528.0339960307,1567570.0886688812,POINT (-2162528.0339960307 1567570.0886688812)
200941,10088,801,1,40.386,9.144,0.4,0.00148708925683,-2162690.2974724444,1567554.8071773543,POINT (-2162690.2974724444 1567554.8071773543)
200938,10088,801,1,50.038,13.411200000000001,0.55,0.00148708925683,-2162720.1203873097,1567558.6391424336,POINT (-2162720.1203873097 1567558.6391424336)
200936,10088,801,1,66.802,14.9352,0.65,0.00024690435073999997,-2162720.656976835,1567562.9750258515,POINT (-2162720.656976835 1567562.9750258515)
200933,10088,801,1,49.022000000000006,14.020800000000001,0.55,0.00148708925683,-2162717.6129276147,1567568.5846252819,POINT (-2162717.6129276147 1567568.5846252819)
200946,10088,801,1,23.368,8.8392,0.5,0.00148708925683,-2162782.545708974,1567564.5189565362,POINT (-2162782.545708974 1567564.5189565362)
200951,10088,801,1,21.082,13.1064,0.7,0.00148708925683,-2162781.9422716135,1567561.4364444788,POINT (-2162781.9422716135 1567561.4364444788)
200935,10088,801,1,54.61,14.325600000000001,0.35,0.00148708925683,-2162734.5795584777,1567564.4480053647,POINT (-2162734.5795584777 1567564.4480053647)
200946,10088,801,1,23.368,8.8392,0.5,0.00148708925683,-2162732.767416597,1567562.8063543173,POINT (-2162732.767416597 1567562.8063543173)
200930,10088,801,1,16.764,5.1816,0.55,0.00148708925683,-2162685.246701262,1567565.5945660032,POINT (-2162685.246701262 1567565.5945660032)
200951,10088,801,1,21.082,13.1064,0.7,0.00148708925683,-2162521.0306057995,1567578.426415806,POINT (-2162521.0306057995 1567578.426415806)
200932,10088,801,2,18.796000000000003,3.3528000000000002,,0.00148708925683,-2162520.4448896814,1567572.428654171,POINT (-2162520.4448896814 1567572.428654171)
200948,10088,801,1,24.892000000000003,10.0584,0.15,0.00148708925683,-2162775.0724028135,1567557.3090435038,POINT (-2162775.0724028135 1567557.3090435038)
200932,10088,801,2,18.796000000000003,3.3528000000000002,,0.00148708925683,-2162785.1373506626,1567557.4224137794,POINT (-2162785.1373506626 1567557.4224137794)
200938,10088,801,1,50.038,13.411200000000001,0.55,0.00148708925683,-2162794.910012849,1567561.7461644576,POINT (-2162794.910012849 1567561.7461644576)
200943,10088,801,1,13.97,9.144,0.3,0.00148708925683,-2162762.2839510525,1567333.4336746684,POINT (-2162762.2839510525 1567333.4336746684)
200948,10088,801,1,24.892000000000003,10.0584,0.15,0.00148708925683,-2162682.8821328543,1567564.3069318575,POINT (-2162682.8821328543 1567564.3069318575)
200948,10088,801,1,24.892000000000003,10.0584,0.15,0.00148708925683,-2162705.739088269,1567524.9785942535,POINT (-2162705.739088269 1567524.9785942535)
200933,10088,801,1,49.022000000000006,14.020800000000001,0.55,0.00148708925683,-2162697.825418257,1567535.907965055,POINT (-2162697.825418257 1567535.907965055)
200932,10088,801,2,18.796000000000003,3.3528000000000002,,0.00148708925683,-2162684.3533131466,1567532.4476983366,POINT (-2162684.3533131466 1567532.4476983366)
200944,10088,801,1,58.928,19.2024,0.45,0.00148708925683,-2162681.8950564945,1567531.480330318,POINT (-2162681.8950564945 1567531.480330318)
200933,10088,801,1,49.022000000000006,14.020800000000001,0.55,0.00148708925683,-2162684.6640115604,1567534.1228347912,POINT (-2162684.6640115604 1567534.1228347912)
200933,10088,801,1,49.022000000000006,14.020800000000001,0.55,0.00148708925683,-2162522.594889073,1567559.4462730256,POINT (-2162522.594889073 1567559.4462730256)
200931,10088,801,1,39.624,13.716000000000001,0.4,0.00148708925683,-2162699.704197983,1567556.0582490114,POINT (-2162699.704197983 1567556.0582490114)
200944,10088,801,1,58.928,19.2024,0.45,0.00148708925683,-2162699.3974600607,1567561.7533420946,POINT (-2162699.3974600607 1567561.7533420946)
200930,10088,801,1,16.764,5.1816,0.55,0.00148708925683,-2162702.0335025927,1567568.4301624603,POINT (-2162702.0335025927 1567568.4301624603)
200941,10088,801,1,40.386,9.144,0.4,0.00148708925683,-2162708.3120852597,1567566.6133958444,POINT (-2162708.3120852597 1567566.6133958444)
200946,10088,801,1,23.368,8.8392,0.5,0.00148708925683,-2162680.803668614,1567565.1908069311,POINT (-2162680.803668614 1567565.1908069311)
200931,10088,801,1,39.624,13.716000000000001,0.4,0.00148708925683,-2162772.752272331,1567539.4904578733,POINT (-2162772.752272331 1567539.4904578733)
200932,10088,801,2,18.796000000000003,3.3528000000000002,,0.00148708925683,-2162654.574474767,1567155.1383992021,POINT (-2162654.574474767 1567155.1383992021)
200932,10088,801,2,18.796000000000003,3.3528000000000002,,0.00148708925683,-2162614.6124985074,1567149.8718762856,POINT (-2162614.6124985074 1567149.8718762856)
200932,10088,801,2,18.796000000000003,3.3528000000000002,,0.00148708925683,-2162606.209250292,1567155.933848546,POINT (-2162606.209250292 1567155.933848546)
200946,10088,801,1,23.368,8.8392,0.5,0.00148708925683,-2162619.6510626785,1567159.6724052895,POINT (-2162619.6510626785 1567159.6724052895)
200937,10088,801,1,61.976,13.1064,0.45,0.00024690435073999997,-2162786.7602951215,1567136.2828510143,POINT (-2162786.7602951215 1567136.2828510143)
200940,10088,801,1,22.352000000000004,10.0584,0.3,0.00148708925683,-2162754.133203226,1567164.540264334,POINT (-2162754.133203226 1567164.540264334)
200930,10088,801,1,16.764,5.1816,0.55,0.00148708925683,-2162762.1774644223,1567169.807737788,POINT (-2162762.1774644223 1567169.807737788)
200935,10088,801,1,54.61,14.325600000000001,0.35,0.00148708925683,-2162749.2226608833,1567176.8422255737,POINT (-2162749.2226608833 1567176.8422255737)
200947,10088,801,1,36.322,12.192,0.5,0.00148708925683,-2162663.775744187,1567161.7542994956,POINT (-2162663.775744187 1567161.7542994956)
200932,10088,801,2,18.796000000000003,3.3528000000000002,,0.00148708925683,-2162618.9538327255,1567155.6285578676,POINT (-2162618.9538327255 1567155.6285578676)
200930,10088,801,1,16.764,5.1816,0.55,0.00148708925683,-2162668.059787708,1567155.3016109287,POINT (-2162668.059787708 1567155.3016109287)
200931,10088,801,1,39.624,13.716000000000001,0.4,0.00148708925683,-2162701.3158238693,1567152.8790044861,POINT (-2162701.3158238693 1567152.8790044861)
200931,10088,801,1,39.624,13.716000000000001,0.4,0.00148708925683,-2162704.616709458,1567163.2083190202,POINT (-2162704.616709458 1567163.2083190202)
200946,10088,801,1,23.368,8.8392,0.5,0.00148708925683,-2162695.1449243207,1567154.1717410763,POINT (-2162695.1449243207 1567154.1717410763)
200939,10088,807,1,56.642,18.5928,0.55,0.00148708925683,-2162697.2895204453,1567154.8273838074,POINT (-2162697.2895204453 1567154.8273838074)
200938,10088,801,1,50.038,13.411200000000001,0.55,0.00148708925683,-2162766.8061907073,1567169.664724287,POINT (-2162766.8061907073 1567169.664724287)
200939,10088,807,1,56.642,18.5928,0.55,0.00148708925683,-2162708.597839101,1567161.1330694035,POINT (-2162708.597839101 1567161.1330694035)
200946,10088,801,1,23.368,8.8392,0.5,0.00148708925683,-2162785.743019747,1567138.9859243957,POINT (-2162785.743019747 1567138.9859243957)
200944,10088,801,1,58.928,19.2024,0.45,0.00148708925683,-2162757.528074788,1567156.5489837686,POINT (-2162757.528074788 1567156.5489837686)
200945,10088,801,1,82.04199999999999,21.640800000000002,0.5,0.00024690435073999997,-2162778.0512647824,1567145.748424755,POINT (-2162778.0512647824 1567145.748424755)
200942,10088,801,1,65.024,18.288,0.4,0.00024690435073999997,-2162782.9144229265,1567148.3907253717,POINT (-2162782.9144229265 1567148.3907253717)
200935,10088,801,1,54.61,14.325600000000001,0.35,0.00148708925683,-2162775.018167817,1567140.8530946216,POINT (-2162775.018167817 1567140.8530946216)
200947,10088,801,1,36.322,12.192,0.5,0.00148708925683,-2162776.0929124267,1567142.4466305766,POINT (-2162776.0929124267 1567142.4466305766)
200935,10088,801,1,54.61,14.325600000000001,0.35,0.00148708925683,-2162769.0949945454,1567148.7421866865,POINT (-2162769.0949945454 1567148.7421866865)
200950,10088,801,1,67.056,18.5928,0.2,0.00024690435073999997,-2162771.449035119,1567139.350959292,POINT (-2162771.449035119 1567139.350959292)
200931,10088,801,1,39.624,13.716000000000001,0.4,0.00148708925683,-2162784.440495347,1567140.4676810098,POINT (-2162784.440495347 1567140.4676810098)
200935,10088,801,1,54.61,14.325600000000001,0.35,0.00148708925683,-2162705.798034461,1567151.666125836,POINT (-2162705.798034461 1567151.666125836)
200947,10088,801,1,36.322,12.192,0.5,0.00148708925683,-2162791.057393796,1567142.472090604,POINT (-2162791.057393796 1567142.472090604)
200951,10088,801,1,21.082,13.1064,0.7,0.00148708925683,-2162796.4632861754,1567139.5740508854,POINT (-2162796.4632861754 1567139.5740508854)
200933,10088,801,1,49.022000000000006,14.020800000000001,0.55,0.00148708925683,-2162590.59115541,1567153.9293853603,POINT (-2162590.59115541 1567153.9293853603)
200951,10088,801,1,21.082,13.1064,0.7,0.00148708925683,-2162779.229564577,1567139.2803131544,POINT (-2162779.229564577 1567139.2803131544)
200945,10088,801,1,82.04199999999999,21.640800000000002,0.5,0.00024690435073999997,-2162590.3245253796,1567158.5724343453,POINT (-2162590.3245253796 1567158.5724343453)
200938,10088,801,1,50.038,13.411200000000001,0.55,0.00148708925683,-2162591.1632909128,1567151.6602614608,POINT (-2162591.1632909128 1567151.6602614608)
200938,10088,801,1,50.038,13.411200000000001,0.55,0.00148708925683,-2162610.918709029,1567163.197565175,POINT (-2162610.918709029 1567163.197565175)
200948,10088,801,1,24.892000000000003,10.0584,0.15,0.00148708925683,-2162739.4077208373,1567175.0718683845,POINT (-2162739.4077208373 1567175.0718683845)
200935,10088,801,1,54.61,14.325600000000001,0.35,0.00148708925683,-2162597.9693009327,1567173.7613737546,POINT (-2162597.9693009327 1567173.7613737546)
200935,10088,801,1,54.61,14.325600000000001,0.35,0.00148708925683,-2162604.30652566,1567178.6291408518,POINT (-2162604.30652566 1567178.6291408518)
200939,10088,807,1,56.642,18.5928,0.55,0.00148708925683,-2162631.1824774332,1567164.9013165836,POINT (-2162631.1824774332 1567164.9013165836)
200932,10088,801,2,18.796000000000003,3.3528000000000002,,0.00148708925683,-2162682.62918317,1567173.4139195944,POINT (-2162682.62918317 1567173.4139195944)
200946,10088,801,1,23.368,8.8392,0.5,0.00148708925683,-2162690.5518370555,1567172.7962709344,POINT (-2162690.5518370555 1567172.7962709344)
200948,10088,801,1,24.892000000000003,10.0584,0.15,0.00148708925683,-2162683.3860502914,1567167.0014748978,POINT (-2162683.3860502914 1567167.0014748978)
200933,10088,801,1,49.022000000000006,14.020800000000001,0.55,0.00148708925683,-2162702.0124238776,1567171.4324385868,POINT (-2162702.0124238776 1567171.4324385868)
200946,10088,801,1,23.368,8.8392,0.5,0.00148708925683,-2162717.301540282,1567166.1902743715,POINT (-2162717.301540282 1567166.1902743715)
200935,10088,801,1,54.61,14.325600000000001,0.35,0.00148708925683,-2162590.7644180977,1567168.8886508609,POINT (-2162590.7644180977 1567168.8886508609)
200938,10088,801,1,50.038,13.411200000000001,0.55,0.00148708925683,-2162746.0697844094,1567178.380269932,POINT (-2162746.0697844094 1567178.380269932)
200935,10088,801,1,54.61,14.325600000000001,0.35,0.00148708925683,-2162744.745700743,1567174.237221333,POINT (-2162744.745700743 1567174.237221333)
200933,10088,801,1,49.022000000000006,14.020800000000001,0.55,0.00148708925683,-2162743.795717233,1567168.3908143844,POINT (-2162743.795717233 1567168.3908143844)
200935,10088,801,1,54.61,14.325600000000001,0.35,0.00148708925683,-2162751.92131317,1567174.6829597936,POINT (-2162751.92131317 1567174.6829597936)
200938,10088,801,1,50.038,13.411200000000001,0.55,0.00148708925683,-2162763.983887494,1567173.429424671,POINT (-2162763.983887494 1567173.429424671)
200933,10088,801,1,49.022000000000006,14.020800000000001,0.55,0.00148708925683,-2162767.4430942843,1567177.849946606,POINT (-2162767.4430942843 1567177.849946606)
200948,10088,801,1,24.892000000000003,10.0584,0.15,0.00148708925683,-2162604.675724082,1567175.2909050055,POINT (-2162604.675724082 1567175.2909050055)
200930,10088,801,1,16.764,5.1816,0.55,0.00148708925683,-2162671.4848816027,1567141.2823942255,POINT (-2162671.4848816027 1567141.2823942255)
200944,10088,801,1,58.928,19.2024,0.45,0.00148708925683,-2162598.047523363,1567169.488169242,POINT (-2162598.047523363 1567169.488169242)
200940,10088,801,1,22.352000000000004,10.0584,0.3,0.00148708925683,-2162696.0386136426,1567152.9549093714,POINT (-2162696.0386136426 1567152.9549093714)
200941,10088,801,1,40.386,9.144,0.4,0.00148708925683,-2162761.0543125,1567160.7339877586,POINT (-2162761.0543125 1567160.7339877586)
200948,10088,801,1,24.892000000000003,10.0584,0.15,0.00148708925683,-2162759.768682771,1567158.7762169593,POINT (-2162759.768682771 1567158.7762169593)
200932,10088,801,2,18.796000000000003,3.3528000000000002,,0.00148708925683,-2162763.48827053,1567163.7860328078,POINT (-2162763.48827053 1567163.7860328078)
200935,10088,801,1,54.61,14.325600000000001,0.35,0.00148708925683,-2162764.357591745,1567163.2625786685,POINT (-2162764.357591745 1567163.2625786685)
200939,10088,807,1,56.642,18.5928,0.55,0.00148708925683,-2162758.8263567747,1567150.086936266,POINT (-2162758.8263567747 1567150.086936266)
200933,10088,801,1,49.022000000000006,14.020800000000001,0.55,0.00148708925683,-2162762.9549161503,1567151.6980910164,POINT (-2162762.9549161503 1567151.6980910164)
200947,10088,801,1,36.322,12.192,0.5,0.00148708925683,-2162756.4651717166,1567151.1766756335,POINT (-2162756.4651717166 1567151.1766756335)
200932,10088,801,2,18.796000000000003,3.3528000000000002,,0.00148708925683,-2162656.3142351694,1567161.243604619,POINT (-2162656.3142351694 1567161.243604619)
200941,10088,801,1,40.386,9.144,0.4,0.00148708925683,-2162740.4419244057,1567155.0229286712,POINT (-2162740.4419244057 1567155.0229286712)
200930,10088,801,1,16.764,5.1816,0.55,0.00148708925683,-2162752.5194435297,1567160.8295722662,POINT (-2162752.5194435297 1567160.8295722662)
200931,10088,801,1,39.624,13.716000000000001,0.4,0.00148708925683,-2162751.548862575,1567151.964324066,POINT (-2162751.548862575 1567151.964324066)
200930,10088,801,1,16.764,5.1816,0.55,0.00148708925683,-2162744.8442598674,1567150.5043292844,POINT (-2162744.8442598674 1567150.5043292844)
200942,10088,801,1,65.024,18.288,0.4,0.00024690435073999997,-2162698.3352186265,1567158.445752419,POINT (-2162698.3352186265 1567158.445752419)
200941,10088,801,1,40.386,9.144,0.4,0.00148708925683,-2162590.2775040604,1567143.7385401751,POINT (-2162590.2775040604 1567143.7385401751)
200941,10088,801,1,40.386,9.144,0.4,0.00148708925683,-2162613.0325024216,1567129.0398208715,POINT (-2162613.0325024216 1567129.0398208715)
200930,10088,801,1,16.764,5.1816,0.55,0.00148708925683,-2162610.390704248,1567135.5922020236,POINT (-2162610.390704248 1567135.5922020236)
200951,10088,801,1,21.082,13.1064,0.7,0.00148708925683,-2162791.3177671805,1567131.810954922,POINT (-2162791.3177671805 1567131.810954922)
200930,10088,801,1,16.764,5.1816,0.55,0.00148708925683,-2162786.716411212,1567130.2380146482,POINT (-2162786.716411212 1567130.2380146482)
200931,10088,801,1,39.624,13.716000000000001,0.4,0.00148708925683,-2162787.478331487,1567131.0326557772,POINT (-2162787.478331487 1567131.0326557772)
200938,10088,801,1,50.038,13.411200000000001,0.55,0.00148708925683,-2162606.983923002,1567141.201102913,POINT (-2162606.983923002 1567141.201102913)
200943,10088,801,1,13.97,9.144,0.3,0.00148708925683,-2162580.898447378,1567775.3647262899,POINT (-2162580.898447378 1567775.3647262899)
200943,10088,801,1,13.97,9.144,0.3,0.00148708925683,-2162601.093293404,1567144.7484752543,POINT (-2162601.093293404 1567144.7484752543)
200930,10088,801,1,16.764,5.1816,0.55,0.00148708925683,-2162591.7041429277,1567137.5307621188,POINT (-2162591.7041429277 1567137.5307621188)
200933,10088,801,1,49.022000000000006,14.020800000000001,0.55,0.00148708925683,-2162600.669518114,1567138.965150109,POINT (-2162600.669518114 1567138.965150109)
200944,10088,801,1,58.928,19.2024,0.45,0.00148708925683,-2162603.2344911224,1567148.4124259725,POINT (-2162603.2344911224 1567148.4124259725)
200933,10088,801,1,49.022000000000006,14.020800000000001,0.55,0.00148708925683,-2162595.6109220306,1567135.4656070434,POINT (-2162595.6109220306 1567135.4656070434)
200930,10088,801,1,16.764,5.1816,0.55,0.00148708925683,-2162591.4115379225,1567137.84264205,POINT (-2162591.4115379225 1567137.84264205)
200948,10088,801,1,24.892000000000003,10.0584,0.15,0.00148708925683,-2162623.123020307,1567142.4305747545,POINT (-2162623.123020307 1567142.4305747545)
200932,10088,801,2,18.796000000000003,3.3528000000000002,,0.00148708925683,-2162623.2338179885,1567130.6426871077,POINT (-2162623.2338179885 1567130.6426871077)
200947,10088,801,1,36.322,12.192,0.5,0.00148708925683,-2162671.564967754,1567126.889690712,POINT (-2162671.564967754 1567126.889690712)
200946,10088,801,1,23.368,8.8392,0.5,0.00148708925683,-2162613.5989031517,1567132.4128128323,POINT (-2162613.5989031517 1567132.4128128323)
200947,10088,801,1,36.322,12.192,0.5,0.00148708925683,-2162566.6424680585,1567837.3751940308,POINT (-2162566.6424680585 1567837.3751940308)
200947,10088,801,1,36.322,12.192,0.5,0.00148708925683,-2162570.363895791,1567831.69243337,POINT (-2162570.363895791 1567831.69243337)
200946,10088,801,1,23.368,8.8392,0.5,0.00148708925683,-2162559.6221881714,1567834.2890742994,POINT (-2162559.6221881714 1567834.2890742994)
200951,10088,801,1,21.082,13.1064,0.7,0.00148708925683,-2162578.4997135433,1567824.6054549168,POINT (-2162578.4997135433 1567824.6054549168)
200946,10088,801,1,23.368,8.8392,0.5,0.00148708925683,-2162597.8470508694,1567775.5923658346,POINT (-2162597.8470508694 1567775.5923658346)
200940,10088,801,1,22.352000000000004,10.0584,0.3,0.00148708925683,-2162606.0715288003,1567145.796391725,POINT (-2162606.0715288003 1567145.796391725)
200944,10088,801,1,58.928,19.2024,0.45,0.00148708925683,-2162582.851566367,1567828.7585473058,POINT (-2162582.851566367 1567828.7585473058)
200932,10088,801,2,18.796000000000003,3.3528000000000002,,0.00148708925683,-2162576.449397615,1567824.4024270652,POINT (-2162576.449397615 1567824.4024270652)
200930,10088,801,1,16.764,5.1816,0.55,0.00148708925683,-2162575.4304700783,1567832.3651065473,POINT (-2162575.4304700783 1567832.3651065473)
200935,10088,801,1,54.61,14.325600000000001,0.35,0.00148708925683,-2162562.598618769,1567833.4347870266,POINT (-2162562.598618769 1567833.4347870266)
200941,10088,801,1,40.386,9.144,0.4,0.00148708925683,-2162601.5628695157,1567768.5228870073,POINT (-2162601.5628695157 1567768.5228870073)
200946,10088,801,1,23.368,8.8392,0.5,0.00148708925683,-2162582.932992669,1567768.8793139881,POINT (-2162582.932992669 1567768.8793139881)
200947,10088,801,1,36.322,12.192,0.5,0.00148708925683,-2162575.448093468,1567769.6376503299,POINT (-2162575.448093468 1567769.6376503299)
200938,10088,801,1,50.038,13.411200000000001,0.55,0.00148708925683,-2162655.2421814874,1567146.8724260135,POINT (-2162655.2421814874 1567146.8724260135)
200939,10088,807,1,56.642,18.5928,0.55,0.00148708925683,-2162636.849487154,1567151.9470956305,POINT (-2162636.849487154 1567151.9470956305)
200933,10088,801,1,49.022000000000006,14.020800000000001,0.55,0.00148708925683,-2162642.1232327214,1567152.7707517524,POINT (-2162642.1232327214 1567152.7707517524)
200948,10088,801,1,24.892000000000003,10.0584,0.15,0.00148708925683,-2162645.477163907,1567158.3531837212,POINT (-2162645.477163907 1567158.3531837212)
200941,10088,801,1,40.386,9.144,0.4,0.00148708925683,-2162649.2342561022,1567161.7887761542,POINT (-2162649.2342561022 1567161.7887761542)
200951,10088,801,1,21.082,13.1064,0.7,0.00148708925683,-2162602.1318407124,1567155.4009626396,POINT (-2162602.1318407124 1567155.4009626396)
200931,10088,801,1,39.624,13.716000000000001,0.4,0.00148708925683,-2162648.0285509494,1567141.0175910925,POINT (-2162648.0285509494 1567141.0175910925)
200947,10088,801,1,36.322,12.192,0.5,0.00148708925683,-2162636.0099329897,1567143.1918073397,POINT (-2162636.0099329897 1567143.1918073397)
200930,10088,801,1,16.764,5.1816,0.55,0.00148708925683,-2162636.355979275,1567148.6506726872,POINT (-2162636.355979275 1567148.6506726872)
200944,10088,801,1,58.928,19.2024,0.45,0.00148708925683,-2162644.9703899664,1567150.7718837275,POINT (-2162644.9703899664 1567150.7718837275)
200935,10088,801,1,54.61,14.325600000000001,0.35,0.00148708925683,-2162653.295444186,1567134.712089678,POINT (-2162653.295444186 1567134.712089678)
200948,10088,801,1,24.892000000000003,10.0584,0.15,0.00148708925683,-2162658.8508599596,1567144.0061041075,POINT (-2162658.8508599596 1567144.0061041075)
200939,10088,807,1,56.642,18.5928,0.55,0.00148708925683,-2162655.0055458057,1567140.2650363068,POINT (-2162655.0055458057 1567140.2650363068)
200947,10088,801,1,36.322,12.192,0.5,0.00148708925683,-2162627.213792821,1567149.8166750404,POINT (-2162627.213792821 1567149.8166750404)
200943,10088,801,1,13.97,9.144,0.3,0.00148708925683,-2162677.1952732475,1567144.4765015377,POINT (-2162677.1952732475 1567144.4765015377)
200947,10088,801,1,36.322,12.192,0.5,0.00148708925683,-2162639.2649816135,1567140.7893279972,POINT (-2162639.2649816135 1567140.7893279972)
200947,10088,801,1,36.322,12.192,0.5,0.00148708925683,-2162770.2068712874,1567140.9806306597,POINT (-2162770.2068712874 1567140.9806306597)
200946,10088,801,1,23.368,8.8392,0.5,0.00148708925683,-2162794.255100428,1567225.5022612072,POINT (-2162794.255100428 1567225.5022612072)
200947,10088,801,1,36.322,12.192,0.5,0.00148708925683,-2162642.861866251,1567157.5633695982,POINT (-2162642.861866251 1567157.5633695982)
200943,10088,801,1,13.97,9.144,0.3,0.00148708925683,-2162623.605401611,1567154.7932996212,POINT (-2162623.605401611 1567154.7932996212)
200931,10088,801,1,39.624,13.716000000000001,0.4,0.00148708925683,-2162631.822853092,1567144.9371956913,POINT (-2162631.822853092 1567144.9371956913)
200932,10088,801,2,18.796000000000003,3.3528000000000002,,0.00148708925683,-2162620.7104601124,1567138.4779801196,POINT (-2162620.7104601124 1567138.4779801196)
200944,10088,801,1,58.928,19.2024,0.45,0.00148708925683,-2162621.1150734993,1567138.743257054,POINT (-2162621.1150734993 1567138.743257054)
200933,10088,801,1,49.022000000000006,14.020800000000001,0.55,0.00148708925683,-2162631.869801065,1567136.0545860324,POINT (-2162631.869801065 1567136.0545860324)
200940,10088,801,1,22.352000000000004,10.0584,0.3,0.00148708925683,-2162620.7129493207,1567144.9027918477,POINT (-2162620.7129493207 1567144.9027918477)
200930,10088,801,1,16.764,5.1816,0.55,0.00148708925683,-2162624.26254617,1567139.5810847355,POINT (-2162624.26254617 1567139.5810847355)
200930,10088,801,1,16.764,5.1816,0.55,0.00148708925683,-2162607.160436662,1567146.5337820689,POINT (-2162607.160436662 1567146.5337820689)
200930,10088,801,1,16.764,5.1816,0.55,0.00148708925683,-2162616.534706047,1567135.6993798893,POINT (-2162616.534706047 1567135.6993798893)
200940,10088,801,1,22.352000000000004,10.0584,0.3,0.00148708925683,-2162618.022100815,1567148.9889011357,POINT (-2162618.022100815 1567148.9889011357)
200940,10088,801,1,22.352000000000004,10.0584,0.3,0.00148708925683,-2162609.4073664695,1567146.2534205774,POINT (-2162609.4073664695 1567146.2534205774)
200931,10088,801,1,39.624,13.716000000000001,0.4,0.00148708925683,-2162613.903454043,1567138.03558251,POINT (-2162613.903454043 1567138.03558251)
200930,10088,801,1,16.764,5.1816,0.55,0.00148708925683,-2162615.055299632,1567135.205444096,POINT (-2162615.055299632 1567135.205444096)
200941,10088,801,1,40.386,9.144,0.4,0.00148708925683,-2162617.014207386,1567134.4731856594,POINT (-2162617.014207386 1567134.4731856594)
200940,10088,801,1,22.352000000000004,10.0584,0.3,0.00148708925683,-2162731.514791473,1567328.5615061142,POINT (-2162731.514791473 1567328.5615061142)
200934,10088,801,1,70.104,18.288,0.4,0.00024690435073999997,-2162660.906130294,1567302.9927715445,POINT (-2162660.906130294 1567302.9927715445)
200941,10088,801,1,40.386,9.144,0.4,0.00148708925683,-2162773.818266521,1567287.294629199,POINT (-2162773.818266521 1567287.294629199)
200946,10088,801,1,23.368,8.8392,0.5,0.00148708925683,-2162769.0757839633,1567290.6972118325,POINT (-2162769.0757839633 1567290.6972118325)
200944,10088,801,1,58.928,19.2024,0.45,0.00148708925683,-2162649.0663216366,1567319.8633358618,POINT (-2162649.0663216366 1567319.8633358618)
200935,10088,801,1,54.61,14.325600000000001,0.35,0.00148708925683,-2162657.481740449,1567323.6314029824,POINT (-2162657.481740449 1567323.6314029824)
200943,10088,801,1,13.97,9.144,0.3,0.00148708925683,-2162655.779680893,1567322.6052236496,POINT (-2162655.779680893 1567322.6052236496)
200934,10088,801,1,70.104,18.288,0.4,0.00024690435073999997,-2162688.910348444,1567321.8779554958,POINT (-2162688.910348444 1567321.8779554958)
200941,10088,801,1,40.386,9.144,0.4,0.00148708925683,-2162689.4329628483,1567318.2649434682,POINT (-2162689.4329628483 1567318.2649434682)
200939,10088,807,1,56.642,18.5928,0.55,0.00148708925683,-2162657.2263073935,1567312.690039919,POINT (-2162657.2263073935 1567312.690039919)
200932,10088,801,2,18.796000000000003,3.3528000000000002,,0.00148708925683,-2162753.8275616625,1567327.1924892403,POINT (-2162753.8275616625 1567327.1924892403)
200941,10088,801,1,40.386,9.144,0.4,0.00148708925683,-2162751.192353805,1567321.676657113,POINT (-2162751.192353805 1567321.676657113)
200935,10088,801,1,54.61,14.325600000000001,0.35,0.00148708925683,-2162759.749403,1567328.240043002,POINT (-2162759.749403 1567328.240043002)
200939,10088,807,1,56.642,18.5928,0.55,0.00148708925683,-2162754.453312287,1567323.9192996633,POINT (-2162754.453312287 1567323.9192996633)
200948,10088,801,1,24.892000000000003,10.0584,0.15,0.00148708925683,-2162761.387932123,1567322.0057553719,POINT (-2162761.387932123 1567322.0057553719)
200948,10088,801,1,24.892000000000003,10.0584,0.15,0.00148708925683,-2162768.894870662,1567325.584307426,POINT (-2162768.894870662 1567325.584307426)
200932,10088,801,2,18.796000000000003,3.3528000000000002,,0.00148708925683,-2162781.1657112124,1567320.0848727764,POINT (-2162781.1657112124 1567320.0848727764)
200944,10088,801,1,58.928,19.2024,0.45,0.00148708925683,-2162788.1075116997,1567310.426303344,POINT (-2162788.1075116997 1567310.426303344)
200941,10088,801,1,40.386,9.144,0.4,0.00148708925683,-2162743.744443568,1567301.5852321289,POINT (-2162743.744443568 1567301.5852321289)
200944,10088,801,1,58.928,19.2024,0.45,0.00148708925683,-2162771.6732655526,1567270.867860742,POINT (-2162771.6732655526 1567270.867860742)
200933,10088,801,1,49.022000000000006,14.020800000000001,0.55,0.00148708925683,-2162715.6572798835,1567272.452290836,POINT (-2162715.6572798835 1567272.452290836)
200941,10088,801,1,40.386,9.144,0.4,0.00148708925683,-2162786.7015708005,1567304.1029026536,POINT (-2162786.7015708005 1567304.1029026536)
200947,10088,801,1,36.322,12.192,0.5,0.00148708925683,-2162798.612107814,1567311.2591177693,POINT (-2162798.612107814 1567311.2591177693)
200946,10088,801,1,23.368,8.8392,0.5,0.00148708925683,-2162754.707869752,1567305.633280507,POINT (-2162754.707869752 1567305.633280507)
200951,10088,801,1,21.082,13.1064,0.7,0.00148708925683,-2162767.485005181,1567308.9796924626,POINT (-2162767.485005181 1567308.9796924626)
200941,10088,801,1,40.386,9.144,0.4,0.00148708925683,-2162754.317609292,1567301.112011818,POINT (-2162754.317609292 1567301.112011818)
200933,10088,801,1,49.022000000000006,14.020800000000001,0.55,0.00148708925683,-2162771.5075334474,1567324.1377144845,POINT (-2162771.5075334474 1567324.1377144845)
200931,10088,801,1,39.624,13.716000000000001,0.4,0.00148708925683,-2162792.394110188,1567312.0195278062,POINT (-2162792.394110188 1567312.0195278062)
200941,10088,801,1,40.386,9.144,0.4,0.00148708925683,-2162791.0233529257,1567311.186919849,POINT (-2162791.0233529257 1567311.186919849)
200930,10088,801,1,16.764,5.1816,0.55,0.00148708925683,-2162663.0039233756,1567325.7393739643,POINT (-2162663.0039233756 1567325.7393739643)
200948,10088,801,1,24.892000000000003,10.0584,0.15,0.00148708925683,-2162672.760620061,1567314.9571955183,POINT (-2162672.760620061 1567314.9571955183)
200935,10088,801,1,54.61,14.325600000000001,0.35,0.00148708925683,-2162672.322604519,1567320.1897968447,POINT (-2162672.322604519 1567320.1897968447)
200939,10088,807,1,56.642,18.5928,0.55,0.00148708925683,-2162677.6016839882,1567317.1853122457,POINT (-2162677.6016839882 1567317.1853122457)
200935,10088,801,1,54.61,14.325600000000001,0.35,0.00148708925683,-2162677.6220228365,1567321.8073889473,POINT (-2162677.6220228365 1567321.8073889473)
200947,10088,801,1,36.322,12.192,0.5,0.00148708925683,-2162780.8284265003,1567339.5445171054,POINT (-2162780.8284265003 1567339.5445171054)
200939,10088,807,1,56.642,18.5928,0.55,0.00148708925683,-2162726.259335259,1567333.2293545129,POINT (-2162726.259335259 1567333.2293545129)
200944,10088,801,1,58.928,19.2024,0.45,0.00148708925683,-2162746.8068638463,1567335.5052199715,POINT (-2162746.8068638463 1567335.5052199715)
200932,10088,801,2,18.796000000000003,3.3528000000000002,,0.00148708925683,-2162740.7317609643,1567335.1609529036,POINT (-2162740.7317609643 1567335.1609529036)
200930,10088,801,1,16.764,5.1816,0.55,0.00148708925683,-2162751.2338116257,1567331.3096676087,POINT (-2162751.2338116257 1567331.3096676087)
200941,10088,801,1,40.386,9.144,0.4,0.00148708925683,-2162776.4359989744,1567357.9205737358,POINT (-2162776.4359989744 1567357.9205737358)
200947,10088,801,1,36.322,12.192,0.5,0.00148708925683,-2162781.569703883,1567344.8316610146,POINT (-2162781.569703883 1567344.8316610146)
200943,10088,801,1,13.97,9.144,0.3,0.00148708925683,-2162786.481164105,1567355.9124761822,POINT (-2162786.481164105 1567355.9124761822)
200947,10088,801,1,36.322,12.192,0.5,0.00148708925683,-2162790.7023620186,1567356.3963414852,POINT (-2162790.7023620186 1567356.3963414852)
200938,10088,801,1,50.038,13.411200000000001,0.55,0.00148708925683,-2162588.3039298356,1567805.3065578656,POINT (-2162588.3039298356 1567805.3065578656)
200947,10088,801,1,36.322,12.192,0.5,0.00148708925683,-2162774.6323905243,1567331.2678775417,POINT (-2162774.6323905243 1567331.2678775417)
200930,10088,801,1,16.764,5.1816,0.55,0.00148708925683,-2162789.81042617,1567339.0398544515,POINT (-2162789.81042617 1567339.0398544515)
200932,10088,801,2,18.796000000000003,3.3528000000000002,,0.00148708925683,-2162794.923055143,1567336.9602249674,POINT (-2162794.923055143 1567336.9602249674)
200940,10088,801,1,22.352000000000004,10.0584,0.3,0.00148708925683,-2162678.7019279585,1567332.5022080555,POINT (-2162678.7019279585 1567332.5022080555)
200940,10088,801,1,22.352000000000004,10.0584,0.3,0.00148708925683,-2162666.498573574,1567331.832833729,POINT (-2162666.498573574 1567331.832833729)
200939,10088,807,1,56.642,18.5928,0.55,0.00148708925683,-2162758.1354312743,1567331.7444412352,POINT (-2162758.1354312743 1567331.7444412352)
200932,10088,801,2,18.796000000000003,3.3528000000000002,,0.00148708925683,-2162754.420794911,1567342.902384207,POINT (-2162754.420794911 1567342.902384207)
200944,10088,801,1,58.928,19.2024,0.45,0.00148708925683,-2162691.7927949014,1567299.9216073488,POINT (-2162691.7927949014 1567299.9216073488)
200938,10088,801,1,50.038,13.411200000000001,0.55,0.00148708925683,-2162601.5379270623,1567799.3266374588,POINT (-2162601.5379270623 1567799.3266374588)
200935,10088,801,1,54.61,14.325600000000001,0.35,0.00148708925683,-2162599.101157831,1567805.8385959654,POINT (-2162599.101157831 1567805.8385959654)
200933,10088,801,1,49.022000000000006,14.020800000000001,0.55,0.00148708925683,-2162594.3069146452,1567806.4207346027,POINT (-2162594.3069146452 1567806.4207346027)
200930,10088,801,1,16.764,5.1816,0.55,0.00148708925683,-2162594.9682654142,1567795.3710491157,POINT (-2162594.9682654142 1567795.3710491157)
200940,10088,801,1,22.352000000000004,10.0584,0.3,0.00148708925683,-2162577.333284302,1567804.0200608168,POINT (-2162577.333284302 1567804.0200608168)
200939,10088,807,1,56.642,18.5928,0.55,0.00148708925683,-2162580.9798292015,1567799.1544089695,POINT (-2162580.9798292015 1567799.1544089695)
200946,10088,801,1,23.368,8.8392,0.5,0.00148708925683,-2162578.827122707,1567798.4620447105,POINT (-2162578.827122707 1567798.4620447105)
200939,10088,807,1,56.642,18.5928,0.55,0.00148708925683,-2162771.0895078187,1567304.9615600086,POINT (-2162771.0895078187 1567304.9615600086)
200943,10088,801,1,13.97,9.144,0.3,0.00148708925683,-2162769.978678593,1567300.2256643206,POINT (-2162769.978678593 1567300.2256643206)
200933,10088,801,1,49.022000000000006,14.020800000000001,0.55,0.00148708925683,-2162778.9878488467,1567307.5043060193,POINT (-2162778.9878488467 1567307.5043060193)
200948,10088,801,1,24.892000000000003,10.0584,0.15,0.00148708925683,-2162781.2048018114,1567305.1157472495,POINT (-2162781.2048018114 1567305.1157472495)
200941,10088,801,1,40.386,9.144,0.4,0.00148708925683,-2162764.007559427,1567304.5259766069,POINT (-2162764.007559427 1567304.5259766069)
200948,10088,801,1,24.892000000000003,10.0584,0.15,0.00148708925683,-2162754.2201157217,1567316.0105085955,POINT (-2162754.2201157217 1567316.0105085955)
200934,10088,801,1,70.104,18.288,0.4,0.00024690435073999997,-2162666.4631050504,1567314.2744267182,POINT (-2162666.4631050504 1567314.2744267182)
200951,10088,801,1,21.082,13.1064,0.7,0.00148708925683,-2162772.1543585956,1567317.2242002278,POINT (-2162772.1543585956 1567317.2242002278)
200935,10088,801,1,54.61,14.325600000000001,0.35,0.00148708925683,-2162779.7597669372,1567230.7113329372,POINT (-2162779.7597669372 1567230.7113329372)
200943,10088,801,1,13.97,9.144,0.3,0.00148708925683,-2162777.036994705,1567209.4481022519,POINT (-2162777.036994705 1567209.4481022519)
200932,10088,801,2,18.796000000000003,3.3528000000000002,,0.00148708925683,-2162791.40029627,1567213.4438543099,POINT (-2162791.40029627 1567213.4438543099)
200932,10088,801,2,18.796000000000003,3.3528000000000002,,0.00148708925683,-2162787.6649012044,1567222.6293988223,POINT (-2162787.6649012044 1567222.6293988223)
200943,10088,801,1,13.97,9.144,0.3,0.00148708925683,-2162790.5832834058,1567223.249918248,POINT (-2162790.5832834058 1567223.249918248)
200948,10088,801,1,24.892000000000003,10.0584,0.15,0.00148708925683,-2162798.131461651,1567223.0792696946,POINT (-2162798.131461651 1567223.0792696946)
200931,10088,801,1,39.624,13.716000000000001,0.4,0.00148708925683,-2162789.547431991,1567218.390623542,POINT (-2162789.547431991 1567218.390623542)
200941,10088,801,1,40.386,9.144,0.4,0.00148708925683,-2162730.308190506,1567237.5124938334,POINT (-2162730.308190506 1567237.5124938334)
200948,10088,801,1,24.892000000000003,10.0584,0.15,0.00148708925683,-2162777.9158928907,1567225.7568655754,POINT (-2162777.9158928907 1567225.7568655754)
200944,10088,801,1,58.928,19.2024,0.45,0.00148708925683,-2162778.224734888,1567218.6490347995,POINT (-2162778.224734888 1567218.6490347995)
200943,10088,801,1,13.97,9.144,0.3,0.00148708925683,-2162772.513884929,1567236.1359638504,POINT (-2162772.513884929 1567236.1359638504)
200943,10088,801,1,13.97,9.144,0.3,0.00148708925683,-2162778.590783054,1567233.5436694645,POINT (-2162778.590783054 1567233.5436694645)
200944,10088,801,1,58.928,19.2024,0.45,0.00148708925683,-2162771.5657293596,1567234.6396440607,POINT (-2162771.5657293596 1567234.6396440607)
200948,10088,801,1,24.892000000000003,10.0584,0.15,0.00148708925683,-2162774.447910973,1567216.7479754773,POINT (-2162774.447910973 1567216.7479754773)
200935,10088,801,1,54.61,14.325600000000001,0.35,0.00148708925683,-2162780.9018875556,1567269.242911147,POINT (-2162780.9018875556 1567269.242911147)
200947,10088,801,1,36.322,12.192,0.5,0.00148708925683,-2162777.345572502,1567281.8214974476,POINT (-2162777.345572502 1567281.8214974476)
200944,10088,801,1,58.928,19.2024,0.45,0.00148708925683,-2162780.4196269796,1567283.2779983133,POINT (-2162780.4196269796 1567283.2779983133)
200933,10088,801,1,49.022000000000006,14.020800000000001,0.55,0.00148708925683,-2162775.6361370184,1567282.6208070598,POINT (-2162775.6361370184 1567282.6208070598)
200939,10088,807,1,56.642,18.5928,0.55,0.00148708925683,-2162774.848859861,1567216.0067216922,POINT (-2162774.848859861 1567216.0067216922)
200951,10088,801,1,21.082,13.1064,0.7,0.00148708925683,-2162730.492869998,1567255.4935208247,POINT (-2162730.492869998 1567255.4935208247)
200951,10088,801,1,21.082,13.1064,0.7,0.00148708925683,-2162699.8634271417,1567188.0893186023,POINT (-2162699.8634271417 1567188.0893186023)
200939,10088,807,1,56.642,18.5928,0.55,0.00148708925683,-2162704.95175972,1567192.520349256,POINT (-2162704.95175972 1567192.520349256)
200933,10088,801,1,49.022000000000006,14.020800000000001,0.55,0.00148708925683,-2162618.1547400756,1567180.3106208292,POINT (-2162618.1547400756 1567180.3106208292)
200947,10088,801,1,36.322,12.192,0.5,0.00148708925683,-2162608.5479092603,1567186.3257460524,POINT (-2162608.5479092603 1567186.3257460524)
200935,10088,801,1,54.61,14.325600000000001,0.35,0.00148708925683,-2162593.929911004,1567188.105759748,POINT (-2162593.929911004 1567188.105759748)
200938,10088,801,1,50.038,13.411200000000001,0.55,0.00148708925683,-2162602.711697039,1567191.9630415852,POINT (-2162602.711697039 1567191.9630415852)
200938,10088,801,1,50.038,13.411200000000001,0.55,0.00148708925683,-2162789.3040413237,1567234.9993435035,POINT (-2162789.3040413237 1567234.9993435035)
200944,10088,801,1,58.928,19.2024,0.45,0.00148708925683,-2162725.392805502,1567242.3585172566,POINT (-2162725.392805502 1567242.3585172566)
200943,10088,801,1,13.97,9.144,0.3,0.00148708925683,-2162792.37047852,1567230.1620162947,POINT (-2162792.37047852 1567230.1620162947)
200951,10088,801,1,21.082,13.1064,0.7,0.00148708925683,-2162788.622149182,1567234.2229254856,POINT (-2162788.622149182 1567234.2229254856)
200947,10088,801,1,36.322,12.192,0.5,0.00148708925683,-2162796.4082806925,1567237.8143676487,POINT (-2162796.4082806925 1567237.8143676487)
200951,10088,801,1,21.082,13.1064,0.7,0.00148708925683,-2162795.260814767,1567229.405442188,POINT (-2162795.260814767 1567229.405442188)
200946,10088,801,1,23.368,8.8392,0.5,0.00148708925683,-2162792.609673039,1567227.7229656014,POINT (-2162792.609673039 1567227.7229656014)
200932,10088,801,2,18.796000000000003,3.3528000000000002,,0.00148708925683,-2162664.9586913916,1567310.1434425581,POINT (-2162664.9586913916 1567310.1434425581)
200949,10088,801,1,64.51599999999999,16.764,0.3,0.00024690435073999997,-2162785.904123878,1567289.5865512663,POINT (-2162785.904123878 1567289.5865512663)
200939,10088,807,1,56.642,18.5928,0.55,0.00148708925683,-2162790.128624769,1567291.570092877,POINT (-2162790.128624769 1567291.570092877)
200931,10088,801,1,39.624,13.716000000000001,0.4,0.00148708925683,-2162756.0749983126,1567304.8365472096,POINT (-2162756.0749983126 1567304.8365472096)
200933,10088,801,1,49.022000000000006,14.020800000000001,0.55,0.00148708925683,-2162768.8169596526,1567313.1204317196,POINT (-2162768.8169596526 1567313.1204317196)
200951,10088,801,1,21.082,13.1064,0.7,0.00148708925683,-2162759.68518554,1567304.4199474263,POINT (-2162759.68518554 1567304.4199474263)
200932,10088,801,2,18.796000000000003,3.3528000000000002,,0.00148708925683,-2162652.319261712,1567303.2666239948,POINT (-2162652.319261712 1567303.2666239948)
200938,10088,801,1,50.038,13.411200000000001,0.55,0.00148708925683,-2162655.618470888,1567300.0385546456,POINT (-2162655.618470888 1567300.0385546456)
200947,10088,801,1,36.322,12.192,0.5,0.00148708925683,-2162657.41888306,1567308.7368539267,POINT (-2162657.41888306 1567308.7368539267)
200940,10088,801,1,22.352000000000004,10.0584,0.3,0.00148708925683,-2162674.182332805,1567300.1177285104,POINT (-2162674.182332805 1567300.1177285104)
200943,10088,801,1,13.97,9.144,0.3,0.00148708925683,-2162670.720917777,1567302.9687821514,POINT (-2162670.720917777 1567302.9687821514)
200948,10088,801,1,24.892000000000003,10.0584,0.15,0.00148708925683,-2162725.3118964336,1567278.1993545608,POINT (-2162725.3118964336 1567278.1993545608)
200931,10088,801,1,39.624,13.716000000000001,0.4,0.00148708925683,-2162729.864056916,1567276.3284493424,POINT (-2162729.864056916 1567276.3284493424)
200940,10088,801,1,22.352000000000004,10.0584,0.3,0.00148708925683,-2162733.139667335,1567281.5602247317,POINT (-2162733.139667335 1567281.5602247317)
200946,10088,801,1,23.368,8.8392,0.5,0.00148708925683,-2162683.032644104,1567311.601388,POINT (-2162683.032644104 1567311.601388)
200933,10088,801,1,49.022000000000006,14.020800000000001,0.55,0.00148708925683,-2162680.8689449537,1567304.625620617,POINT (-2162680.8689449537 1567304.625620617)
200948,10088,801,1,24.892000000000003,10.0584,0.15,0.00148708925683,-2162688.8419242483,1567313.7912267824,POINT (-2162688.8419242483 1567313.7912267824)
200933,10088,801,1,49.022000000000006,14.020800000000001,0.55,0.00148708925683,-2162782.895208869,1567562.579227066,POINT (-2162782.895208869 1567562.579227066)
200941,10088,801,1,40.386,9.144,0.4,0.00148708925683,-2162667.0489730993,1567306.460267054,POINT (-2162667.0489730993 1567306.460267054)
200940,10088,801,1,22.352000000000004,10.0584,0.3,0.00148708925683,-2162675.140100767,1567304.9828334928,POINT (-2162675.140100767 1567304.9828334928)
200939,10088,807,1,56.642,18.5928,0.55,0.00148708925683,-2162726.1810023766,1567262.780650113,POINT (-2162726.1810023766 1567262.780650113)
200933,10088,801,1,49.022000000000006,14.020800000000001,0.55,0.00148708925683,-2162733.368005503,1567264.0871263535,POINT (-2162733.368005503 1567264.0871263535)
200947,10088,801,1,36.322,12.192,0.5,0.00148708925683,-2162725.9860123903,1567267.6334357401,POINT (-2162725.9860123903 1567267.6334357401)
200943,10088,801,1,13.97,9.144,0.3,0.00148708925683,-2162732.280320422,1567262.140185489,POINT (-2162732.280320422 1567262.140185489)
200947,10088,801,1,36.322,12.192,0.5,0.00148708925683,-2162731.651345487,1567239.1923371244,POINT (-2162731.651345487 1567239.1923371244)
200945,10088,801,1,82.04199999999999,21.640800000000002,0.5,0.00024690435073999997,-2162733.121355653,1567262.6484293584,POINT (-2162733.121355653 1567262.6484293584)
200946,10088,801,1,23.368,8.8392,0.5,0.00148708925683,-2162729.7616294753,1567266.8749835787,POINT (-2162729.7616294753 1567266.8749835787)
200933,10088,801,1,49.022000000000006,14.020800000000001,0.55,0.00148708925683,-2162731.1018105345,1567264.0756005498,POINT (-2162731.1018105345 1567264.0756005498)
200943,10088,801,1,13.97,9.144,0.3,0.00148708925683,-2162711.324668369,1567266.6922928633,POINT (-2162711.324668369 1567266.6922928633)
200936,10088,801,1,66.802,14.9352,0.65,0.00024690435073999997,-2162709.451789925,1567256.0232024007,POINT (-2162709.451789925 1567256.0232024007)
200940,10088,801,1,22.352000000000004,10.0584,0.3,0.00148708925683,-2162737.661746708,1567246.2572738784,POINT (-2162737.661746708 1567246.2572738784)
200943,10088,801,1,13.97,9.144,0.3,0.00148708925683,-2162791.893874557,1567269.9822706613,POINT (-2162791.893874557 1567269.9822706613)
200935,10088,801,1,54.61,14.325600000000001,0.35,0.00148708925683,-2162798.742007685,1567283.719954691,POINT (-2162798.742007685 1567283.719954691)
200939,10088,807,1,56.642,18.5928,0.55,0.00148708925683,-2162747.9785936573,1567639.2406782778,POINT (-2162747.9785936573 1567639.2406782778)
200947,10088,801,1,36.322,12.192,0.5,0.00148708925683,-2162775.5506046824,1567652.050351877,POINT (-2162775.5506046824 1567652.050351877)
200933,10088,801,1,49.022000000000006,14.020800000000001,0.55,0.00148708925683,-2162755.716596628,1567651.068708396,POINT (-2162755.716596628 1567651.068708396)
200944,10088,801,1,58.928,19.2024,0.45,0.00148708925683,-2162722.212816547,1567757.2094793292,POINT (-2162722.212816547 1567757.2094793292)
200943,10088,801,1,13.97,9.144,0.3,0.00148708925683,-2162757.260192094,1567650.0000824933,POINT (-2162757.260192094 1567650.0000824933)
200931,10088,801,1,39.624,13.716000000000001,0.4,0.00148708925683,-2162761.649766079,1567658.1030159537,POINT (-2162761.649766079 1567658.1030159537)
200944,10088,801,1,58.928,19.2024,0.45,0.00148708925683,-2162759.920891266,1567647.285118974,POINT (-2162759.920891266 1567647.285118974)
200939,10088,807,1,56.642,18.5928,0.55,0.00148708925683,-2162752.6287653134,1567654.802656267,POINT (-2162752.6287653134 1567654.802656267)
200932,10088,801,2,18.796000000000003,3.3528000000000002,,0.00148708925683,-2162749.8171367757,1567652.016296753,POINT (-2162749.8171367757 1567652.016296753)
200939,10088,807,1,56.642,18.5928,0.55,0.00148708925683,-2162752.8102707416,1567652.2715742765,POINT (-2162752.8102707416 1567652.2715742765)
200942,10088,801,1,65.024,18.288,0.4,0.00024690435073999997,-2162723.297276158,1567752.7318269333,POINT (-2162723.297276158 1567752.7318269333)
200943,10088,801,1,13.97,9.144,0.3,0.00148708925683,-2162743.1143314457,1567637.5881983119,POINT (-2162743.1143314457 1567637.5881983119)
200951,10088,801,1,21.082,13.1064,0.7,0.00148708925683,-2162739.3798653544,1567636.687958721,POINT (-2162739.3798653544 1567636.687958721)
200947,10088,801,1,36.322,12.192,0.5,0.00148708925683,-2162750.29338621,1567637.2390546822,POINT (-2162750.29338621 1567637.2390546822)
200931,10088,801,1,39.624,13.716000000000001,0.4,0.00148708925683,-2162770.022677072,1567656.2974693917,POINT (-2162770.022677072 1567656.2974693917)
200931,10088,801,1,39.624,13.716000000000001,0.4,0.00148708925683,-2162748.346339809,1567629.2591937725,POINT (-2162748.346339809 1567629.2591937725)
200941,10088,801,1,40.386,9.144,0.4,0.00148708925683,-2162750.110228677,1567630.8789985667,POINT (-2162750.110228677 1567630.8789985667)
200946,10088,801,1,23.368,8.8392,0.5,0.00148708925683,-2162743.2716299566,1567632.1909521897,POINT (-2162743.2716299566 1567632.1909521897)
200940,10088,801,1,22.352000000000004,10.0584,0.3,0.00148708925683,-2162731.2459673528,1567631.7731964858,POINT (-2162731.2459673528 1567631.7731964858)
200930,10088,801,1,16.764,5.1816,0.55,0.00148708925683,-2162559.113076351,1567753.9653763277,POINT (-2162559.113076351 1567753.9653763277)
200951,10088,801,1,21.082,13.1064,0.7,0.00148708925683,-2162569.0602864716,1567758.869135136,POINT (-2162569.0602864716 1567758.869135136)
200946,10088,801,1,23.368,8.8392,0.5,0.00148708925683,-2162584.439924764,1567754.0352849741,POINT (-2162584.439924764 1567754.0352849741)
200943,10088,801,1,13.97,9.144,0.3,0.00148708925683,-2162582.639421754,1567756.3951858901,POINT (-2162582.639421754 1567756.3951858901)
200944,10088,801,1,58.928,19.2024,0.45,0.00148708925683,-2162719.6807832886,1567722.540974334,POINT (-2162719.6807832886 1567722.540974334)
200932,10088,801,2,18.796000000000003,3.3528000000000002,,0.00148708925683,-2162737.015932462,1567641.672586229,POINT (-2162737.015932462 1567641.672586229)
200944,10088,801,1,58.928,19.2024,0.45,0.00148708925683,-2162726.2427408886,1567638.7398858918,POINT (-2162726.2427408886 1567638.7398858918)
200936,10088,801,1,66.802,14.9352,0.65,0.00024690435073999997,-2162728.6515964814,1567631.4074972882,POINT (-2162728.6515964814 1567631.4074972882)
200947,10088,801,1,36.322,12.192,0.5,0.00148708925683,-2162694.41233885,1567704.7823902704,POINT (-2162694.41233885 1567704.7823902704)
200931,10088,801,1,39.624,13.716000000000001,0.4,0.00148708925683,-2162712.601191017,1567673.4312881695,POINT (-2162712.601191017 1567673.4312881695)
200940,10088,801,1,22.352000000000004,10.0584,0.3,0.00148708925683,-2162706.1519231307,1567662.2419978508,POINT (-2162706.1519231307 1567662.2419978508)
200951,10088,801,1,21.082,13.1064,0.7,0.00148708925683,-2162697.864389428,1567666.7013068772,POINT (-2162697.864389428 1567666.7013068772)
200941,10088,801,1,40.386,9.144,0.4,0.00148708925683,-2162694.341435085,1567735.6700926526,POINT (-2162694.341435085 1567735.6700926526)
200933,10088,801,1,49.022000000000006,14.020800000000001,0.55,0.00148708925683,-2162697.530087738,1567743.758192217,POINT (-2162697.530087738 1567743.758192217)
200941,10088,801,1,40.386,9.144,0.4,0.00148708925683,-2162701.613752836,1567738.4669049976,POINT (-2162701.613752836 1567738.4669049976)
200934,10088,801,1,70.104,18.288,0.4,0.00024690435073999997,-2162687.6246239855,1567732.7402035904,POINT (-2162687.6246239855 1567732.7402035904)
200937,10088,801,1,61.976,13.1064,0.45,0.00024690435073999997,-2162680.741156654,1567729.4854437227,POINT (-2162680.741156654 1567729.4854437227)
200930,10088,801,1,16.764,5.1816,0.55,0.00148708925683,-2162558.3870203886,1567729.273064414,POINT (-2162558.3870203886 1567729.273064414)
200948,10088,801,1,24.892000000000003,10.0584,0.15,0.00148708925683,-2162570.93446162,1567724.7874629453,POINT (-2162570.93446162 1567724.7874629453)
200941,10088,801,1,40.386,9.144,0.4,0.00148708925683,-2162571.084844095,1567724.5151971916,POINT (-2162571.084844095 1567724.5151971916)
200943,10088,801,1,13.97,9.144,0.3,0.00148708925683,-2162698.4814453917,1567648.8561374513,POINT (-2162698.4814453917 1567648.8561374513)
200940,10088,801,1,22.352000000000004,10.0584,0.3,0.00148708925683,-2162569.962216086,1567726.828792155,POINT (-2162569.962216086 1567726.828792155)
200938,10088,801,1,50.038,13.411200000000001,0.55,0.00148708925683,-2162730.880807518,1567629.5254533074,POINT (-2162730.880807518 1567629.5254533074)
200933,10088,801,1,49.022000000000006,14.020800000000001,0.55,0.00148708925683,-2162706.935752224,1567709.7594424798,POINT (-2162706.935752224 1567709.7594424798)
200932,10088,801,2,18.796000000000003,3.3528000000000002,,0.00148708925683,-2162592.2156624817,1567753.433849083,POINT (-2162592.2156624817 1567753.433849083)
200946,10088,801,1,23.368,8.8392,0.5,0.00148708925683,-2162666.9774084934,1567749.0751643137,POINT (-2162666.9774084934 1567749.0751643137)
200947,10088,801,1,36.322,12.192,0.5,0.00148708925683,-2162544.286215701,1567654.8626948087,POINT (-2162544.286215701 1567654.8626948087)
200946,10088,801,1,23.368,8.8392,0.5,0.00148708925683,-2162669.846911116,1567644.8254126883,POINT (-2162669.846911116 1567644.8254126883)
200944,10088,801,1,58.928,19.2024,0.45,0.00148708925683,-2162684.4299199367,1567753.7608328483,POINT (-2162684.4299199367 1567753.7608328483)
200943,10088,801,1,13.97,9.144,0.3,0.00148708925683,-2162683.149327996,1567762.3671222471,POINT (-2162683.149327996 1567762.3671222471)
200939,10088,807,1,56.642,18.5928,0.55,0.00148708925683,-2162540.1829575594,1567754.3045634637,POINT (-2162540.1829575594 1567754.3045634637)
200943,10088,801,1,13.97,9.144,0.3,0.00148708925683,-2162558.604083523,1567751.2375879728,POINT (-2162558.604083523 1567751.2375879728)
200931,10088,801,1,39.624,13.716000000000001,0.4,0.00148708925683,-2162556.5589878424,1567752.8744616304,POINT (-2162556.5589878424 1567752.8744616304)
200941,10088,801,1,40.386,9.144,0.4,0.00148708925683,-2162554.029110241,1567756.796549965,POINT (-2162554.029110241 1567756.796549965)
200938,10088,801,1,50.038,13.411200000000001,0.55,0.00148708925683,-2162702.1857240996,1567762.9300120228,POINT (-2162702.1857240996 1567762.9300120228)
200940,10088,801,1,22.352000000000004,10.0584,0.3,0.00148708925683,-2162695.801875634,1567754.2098876068,POINT (-2162695.801875634 1567754.2098876068)
200947,10088,801,1,36.322,12.192,0.5,0.00148708925683,-2162534.0422814037,1567631.5077026575,POINT (-2162534.0422814037 1567631.5077026575)
200938,10088,801,1,50.038,13.411200000000001,0.55,0.00148708925683,-2162684.571328031,1567649.7648773338,POINT (-2162684.571328031 1567649.7648773338)
200936,10088,801,1,66.802,14.9352,0.65,0.00024690435073999997,-2162680.809238123,1567646.9405959952,POINT (-2162680.809238123 1567646.9405959952)
200931,10088,801,1,39.624,13.716000000000001,0.4,0.00148708925683,-2162692.695866411,1567647.8387807165,POINT (-2162692.695866411 1567647.8387807165)
200935,10088,801,1,54.61,14.325600000000001,0.35,0.00148708925683,-2162686.363865153,1567650.1562822936,POINT (-2162686.363865153 1567650.1562822936)
200938,10088,801,1,50.038,13.411200000000001,0.55,0.00148708925683,-2162736.0335121187,1567644.387172476,POINT (-2162736.0335121187 1567644.387172476)
200931,10088,801,1,39.624,13.716000000000001,0.4,0.00148708925683,-2162555.267170251,1567633.4614086016,POINT (-2162555.267170251 1567633.4614086016)
200946,10088,801,1,23.368,8.8392,0.5,0.00148708925683,-2162718.7136734393,1567731.9589835305,POINT (-2162718.7136734393 1567731.9589835305)
200930,10088,801,1,16.764,5.1816,0.55,0.00148708925683,-2162713.535945652,1567731.967951396,POINT (-2162713.535945652 1567731.967951396)
200948,10088,801,1,24.892000000000003,10.0584,0.15,0.00148708925683,-2162548.348739522,1567631.6622230078,POINT (-2162548.348739522 1567631.6622230078)
200931,10088,801,1,39.624,13.716000000000001,0.4,0.00148708925683,-2162555.192578799,1567629.2123663223,POINT (-2162555.192578799 1567629.2123663223)
200933,10088,801,1,49.022000000000006,14.020800000000001,0.55,0.00148708925683,-2162545.9912707694,1567631.7518660887,POINT (-2162545.9912707694 1567631.7518660887)
200946,10088,801,1,23.368,8.8392,0.5,0.00148708925683,-2162538.018551937,1567635.8036125433,POINT (-2162538.018551937 1567635.8036125433)
200939,10088,807,1,56.642,18.5928,0.55,0.00148708925683,-2162536.533131052,1567636.9510932828,POINT (-2162536.533131052 1567636.9510932828)
200937,10088,801,1,61.976,13.1064,0.45,0.00024690435073999997,-2162700.174436251,1567721.089714241,POINT (-2162700.174436251 1567721.089714241)
200950,10088,801,1,67.056,18.5928,0.2,0.00024690435073999997,-2162708.812361963,1567640.206912349,POINT (-2162708.812361963 1567640.206912349)
200940,10088,801,1,22.352000000000004,10.0584,0.3,0.00148708925683,-2162537.11967702,1567637.0232424675,POINT (-2162537.11967702 1567637.0232424675)
200935,10088,801,1,54.61,14.325600000000001,0.35,0.00148708925683,-2162534.1386749437,1567637.9987215379,POINT (-2162534.1386749437 1567637.9987215379)
200932,10088,801,2,18.796000000000003,3.3528000000000002,,0.00148708925683,-2162535.0094457166,1567633.7803714336,POINT (-2162535.0094457166 1567633.7803714336)
200931,10088,801,1,39.624,13.716000000000001,0.4,0.00148708925683,-2162542.8799098013,1567631.9698783013,POINT (-2162542.8799098013 1567631.9698783013)
200935,10088,801,1,54.61,14.325600000000001,0.35,0.00148708925683,-2162534.4688301506,1567640.9409490065,POINT (-2162534.4688301506 1567640.9409490065)
200940,10088,801,1,22.352000000000004,10.0584,0.3,0.00148708925683,-2162783.2666808167,1567619.2862290763,POINT (-2162783.2666808167 1567619.2862290763)
200930,10088,801,1,16.764,5.1816,0.55,0.00148708925683,-2162776.378021912,1567621.818940573,POINT (-2162776.378021912 1567621.818940573)
200938,10088,801,1,50.038,13.411200000000001,0.55,0.00148708925683,-2162554.208367756,1567771.7176899242,POINT (-2162554.208367756 1567771.7176899242)
200943,10088,801,1,13.97,9.144,0.3,0.00148708925683,-2162556.3742142855,1567644.7647284933,POINT (-2162556.3742142855 1567644.7647284933)
200947,10088,801,1,36.322,12.192,0.5,0.00148708925683,-2162558.4797359295,1567652.1996484573,POINT (-2162558.4797359295 1567652.1996484573)
200939,10088,807,1,56.642,18.5928,0.55,0.00148708925683,-2162531.6040122723,1567645.3515666262,POINT (-2162531.6040122723 1567645.3515666262)
200938,10088,801,1,50.038,13.411200000000001,0.55,0.00148708925683,-2162527.8198574134,1567653.095340946,POINT (-2162527.8198574134 1567653.095340946)
200942,10088,801,1,65.024,18.288,0.4,0.00024690435073999997,-2162702.0250464943,1567654.7113056397,POINT (-2162702.0250464943 1567654.7113056397)
200932,10088,801,2,18.796000000000003,3.3528000000000002,,0.00148708925683,-2162729.7509044386,1567632.7306069355,POINT (-2162729.7509044386 1567632.7306069355)
200933,10088,801,1,49.022000000000006,14.020800000000001,0.55,0.00148708925683,-2162720.5966399238,1567639.6913972453,POINT (-2162720.5966399238 1567639.6913972453)
200941,10088,801,1,40.386,9.144,0.4,0.00148708925683,-2162767.081029781,1567631.8401520806,POINT (-2162767.081029781 1567631.8401520806)
200947,10088,801,1,36.322,12.192,0.5,0.00148708925683,-2162541.1982560907,1567735.8145481015,POINT (-2162541.1982560907 1567735.8145481015)
200939,10088,807,1,56.642,18.5928,0.55,0.00148708925683,-2162716.8943915395,1567645.589639872,POINT (-2162716.8943915395 1567645.589639872)
200943,10088,801,1,13.97,9.144,0.3,0.00148708925683,-2162542.0772176804,1567735.6092626739,POINT (-2162542.0772176804 1567735.6092626739)
200946,10088,801,1,23.368,8.8392,0.5,0.00148708925683,-2162723.6116599976,1567656.9968930827,POINT (-2162723.6116599976 1567656.9968930827)
200947,10088,801,1,36.322,12.192,0.5,0.00148708925683,-2162723.6935859704,1567644.6361652592,POINT (-2162723.6935859704 1567644.6361652592)
200943,10088,801,1,13.97,9.144,0.3,0.00148708925683,-2162712.938895209,1567647.869249674,POINT (-2162712.938895209 1567647.869249674)
200946,10088,801,1,23.368,8.8392,0.5,0.00148708925683,-2162721.3782268814,1567651.3650499154,POINT (-2162721.3782268814 1567651.3650499154)
200943,10088,801,1,13.97,9.144,0.3,0.00148708925683,-2162709.4349547494,1567647.9086415186,POINT (-2162709.4349547494 1567647.9086415186)
200949,10088,801,1,64.51599999999999,16.764,0.3,0.00024690435073999997,-2162703.5890317336,1567657.9962193582,POINT (-2162703.5890317336 1567657.9962193582)
200938,10088,801,1,50.038,13.411200000000001,0.55,0.00148708925683,-2162734.8924997533,1567629.0935392047,POINT (-2162734.8924997533 1567629.0935392047)
200944,10088,801,1,58.928,19.2024,0.45,0.00148708925683,-2162709.407517653,1567670.0187721497,POINT (-2162709.407517653 1567670.0187721497)
200930,10088,801,1,16.764,5.1816,0.55,0.00148708925683,-2162539.1742231976,1567744.6942334296,POINT (-2162539.1742231976 1567744.6942334296)
200930,10088,801,1,16.764,5.1816,0.55,0.00148708925683,-2162687.3843415105,1567763.7790098658,POINT (-2162687.3843415105 1567763.7790098658)
200931,10088,801,1,39.624,13.716000000000001,0.4,0.00148708925683,-2162701.635772997,1567754.7731624348,POINT (-2162701.635772997 1567754.7731624348)
200933,10088,801,1,49.022000000000006,14.020800000000001,0.55,0.00148708925683,-2162705.612969447,1567758.5003922174,POINT (-2162705.612969447 1567758.5003922174)
200934,10088,801,1,70.104,18.288,0.4,0.00024690435073999997,-2162701.957516285,1567753.6103294897,POINT (-2162701.957516285 1567753.6103294897)
200940,10088,801,1,22.352000000000004,10.0584,0.3,0.00148708925683,-2162550.455389086,1567736.018767364,POINT (-2162550.455389086 1567736.018767364)
200933,10088,801,1,49.022000000000006,14.020800000000001,0.55,0.00148708925683,-2162552.132945159,1567741.276753714,POINT (-2162552.132945159 1567741.276753714)
200939,10088,807,1,56.642,18.5928,0.55,0.00148708925683,-2162548.739775764,1567747.123727088,POINT (-2162548.739775764 1567747.123727088)
200951,10088,801,1,21.082,13.1064,0.7,0.00148708925683,-2162551.6678702966,1567737.732685034,POINT (-2162551.6678702966 1567737.732685034)
200931,10088,801,1,39.624,13.716000000000001,0.4,0.00148708925683,-2162702.820252826,1567655.5892770016,POINT (-2162702.820252826 1567655.5892770016)
200941,10088,801,1,40.386,9.144,0.4,0.00148708925683,-2162698.9431513255,1567644.7230963048,POINT (-2162698.9431513255 1567644.7230963048)
200944,10088,801,1,58.928,19.2024,0.45,0.00148708925683,-2162551.3963178117,1567746.1426032835,POINT (-2162551.3963178117 1567746.1426032835)
200932,10088,801,2,18.796000000000003,3.3528000000000002,,0.00148708925683,-2162726.5170788127,1567682.6805136069,POINT (-2162726.5170788127 1567682.6805136069)
200938,10088,801,1,50.038,13.411200000000001,0.55,0.00148708925683,-2162701.6309416573,1567700.796370189,POINT (-2162701.6309416573 1567700.796370189)
200947,10088,801,1,36.322,12.192,0.5,0.00148708925683,-2162704.309378693,1567721.291499452,POINT (-2162704.309378693 1567721.291499452)
200944,10088,801,1,58.928,19.2024,0.45,0.00148708925683,-2162707.9056307185,1567721.5198876536,POINT (-2162707.9056307185 1567721.5198876536)
200939,10088,807,1,56.642,18.5928,0.55,0.00148708925683,-2162701.5607224153,1567728.0974220315,POINT (-2162701.5607224153 1567728.0974220315)
200947,10088,801,1,36.322,12.192,0.5,0.00148708925683,-2162695.4961737846,1567726.1105545238,POINT (-2162695.4961737846 1567726.1105545238)
200951,10088,801,1,21.082,13.1064,0.7,0.00148708925683,-2162695.993393807,1567720.7818206276,POINT (-2162695.993393807 1567720.7818206276)
200949,10088,801,1,64.51599999999999,16.764,0.3,0.00024690435073999997,-2162695.3675255473,1567720.8401322425,POINT (-2162695.3675255473 1567720.8401322425)
200943,10088,801,1,13.97,9.144,0.3,0.00148708925683,-2162703.7546301587,1567669.126874306,POINT (-2162703.7546301587 1567669.126874306)
200933,10088,801,1,49.022000000000006,14.020800000000001,0.55,0.00148708925683,-2162708.2050624895,1567665.0535111225,POINT (-2162708.2050624895 1567665.0535111225)
200930,10088,801,1,16.764,5.1816,0.55,0.00148708925683,-2162688.800968456,1567672.4577939867,POINT (-2162688.800968456 1567672.4577939867)
200932,10088,801,2,18.796000000000003,3.3528000000000002,,0.00148708925683,-2162707.260727829,1567697.408054524,POINT (-2162707.260727829 1567697.408054524)
200935,10088,801,1,54.61,14.325600000000001,0.35,0.00148708925683,-2162697.661418009,1567689.755088923,POINT (-2162697.661418009 1567689.755088923)
200940,10088,801,1,22.352000000000004,10.0584,0.3,0.00148708925683,-2162682.2324962877,1567671.096759335,POINT (-2162682.2324962877 1567671.096759335)
200944,10088,801,1,58.928,19.2024,0.45,0.00148708925683,-2162693.0285555436,1567703.5116006406,POINT (-2162693.0285555436 1567703.5116006406)
200946,10088,801,1,23.368,8.8392,0.5,0.00148708925683,-2162689.3164968286,1567700.752160395,POINT (-2162689.3164968286 1567700.752160395)
200941,10088,801,1,40.386,9.144,0.4,0.00148708925683,-2162689.8870969657,1567702.1693715109,POINT (-2162689.8870969657 1567702.1693715109)
200944,10088,801,1,58.928,19.2024,0.45,0.00148708925683,-2162679.862541663,1567690.0099807268,POINT (-2162679.862541663 1567690.0099807268)
200940,10088,801,1,22.352000000000004,10.0584,0.3,0.00148708925683,-2162692.3173806253,1567716.2827978656,POINT (-2162692.3173806253 1567716.2827978656)
200933,10088,801,1,49.022000000000006,14.020800000000001,0.55,0.00148708925683,-2162728.108398066,1567686.9500372845,POINT (-2162728.108398066 1567686.9500372845)
200931,10088,801,1,39.624,13.716000000000001,0.4,0.00148708925683,-2162726.576278829,1567676.9060123882,POINT (-2162726.576278829 1567676.9060123882)
200934,10088,801,1,70.104,18.288,0.4,0.00024690435073999997,-2162728.0370432273,1567685.380591988,POINT (-2162728.0370432273 1567685.380591988)
200947,10088,801,1,36.322,12.192,0.5,0.00148708925683,-2162710.8671339755,1567687.1019052255,POINT (-2162710.8671339755 1567687.1019052255)
200931,10088,801,1,39.624,13.716000000000001,0.4,0.00148708925683,-2162685.9916016804,1567717.5975057113,POINT (-2162685.9916016804 1567717.5975057113)
200931,10088,801,1,39.624,13.716000000000001,0.4,0.00148708925683,-2162705.192764361,1567704.2597632683,POINT (-2162705.192764361 1567704.2597632683)
200933,10088,801,1,49.022000000000006,14.020800000000001,0.55,0.00148708925683,-2162694.378502352,1567689.6468155754,POINT (-2162694.378502352 1567689.6468155754)
200935,10088,801,1,54.61,14.325600000000001,0.35,0.00148708925683,-2162686.3044247357,1567746.0106506625,POINT (-2162686.3044247357 1567746.0106506625)
200939,10088,807,1,56.642,18.5928,0.55,0.00148708925683,-2162681.5470283646,1567745.036010308,POINT (-2162681.5470283646 1567745.036010308)
200947,10088,801,1,36.322,12.192,0.5,0.00148708925683,-2162568.5627400377,1567784.3344599633,POINT (-2162568.5627400377 1567784.3344599633)
200943,10088,801,1,13.97,9.144,0.3,0.00148708925683,-2162692.115517711,1567704.1177066027,POINT (-2162692.115517711 1567704.1177066027)
200947,10088,801,1,36.322,12.192,0.5,0.00148708925683,-2162688.878596606,1567713.800341218,POINT (-2162688.878596606 1567713.800341218)
200948,10088,801,1,24.892000000000003,10.0584,0.15,0.00148708925683,-2162570.7053311644,1567788.3785340518,POINT (-2162570.7053311644 1567788.3785340518)
200946,10088,801,1,23.368,8.8392,0.5,0.00148708925683,-2162564.2164894203,1567793.7743961315,POINT (-2162564.2164894203 1567793.7743961315)
200935,10088,801,1,54.61,14.325600000000001,0.35,0.00148708925683,-2162564.8855836354,1567782.7772274446,POINT (-2162564.8855836354 1567782.7772274446)
200941,10088,801,1,40.386,9.144,0.4,0.00148708925683,-2162528.553067295,1567779.6401304137,POINT (-2162528.553067295 1567779.6401304137)
200939,10088,807,1,56.642,18.5928,0.55,0.00148708925683,-2162526.9843305713,1567782.4637361877,POINT (-2162526.9843305713 1567782.4637361877)
200947,10088,801,1,36.322,12.192,0.5,0.00148708925683,-2162528.519354793,1567792.7795360286,POINT (-2162528.519354793 1567792.7795360286)
200943,10088,801,1,13.97,9.144,0.3,0.00148708925683,-2162587.7422914067,1567781.9165335805,POINT (-2162587.7422914067 1567781.9165335805)
200930,10088,801,1,16.764,5.1816,0.55,0.00148708925683,-2162578.7119077044,1567781.7677533668,POINT (-2162578.7119077044 1567781.7677533668)
200936,10088,801,1,66.802,14.9352,0.65,0.00024690435073999997,-2162578.9936470585,1567788.249694393,POINT (-2162578.9936470585 1567788.249694393)
200940,10088,801,1,22.352000000000004,10.0584,0.3,0.00148708925683,-2162561.8049412398,1567782.8277404236,POINT (-2162561.8049412398 1567782.8277404236)
200933,10088,801,1,49.022000000000006,14.020800000000001,0.55,0.00148708925683,-2162701.984574442,1567743.8025116376,POINT (-2162701.984574442 1567743.8025116376)
200944,10088,801,1,58.928,19.2024,0.45,0.00148708925683,-2162560.517734708,1567784.9930425168,POINT (-2162560.517734708 1567784.9930425168)
200946,10088,801,1,23.368,8.8392,0.5,0.00148708925683,-2162570.080007396,1567785.6792009764,POINT (-2162570.080007396 1567785.6792009764)
200947,10088,801,1,36.322,12.192,0.5,0.00148708925683,-2162585.6453804052,1567785.7391662553,POINT (-2162585.6453804052 1567785.7391662553)
200943,10088,801,1,13.97,9.144,0.3,0.00148708925683,-2162584.2527198223,1567789.8470630022,POINT (-2162584.2527198223 1567789.8470630022)
200941,10088,801,1,40.386,9.144,0.4,0.00148708925683,-2162577.8620301895,1567788.3476064806,POINT (-2162577.8620301895 1567788.3476064806)
200944,10088,801,1,58.928,19.2024,0.45,0.00148708925683,-2162706.913409437,1567725.7490646034,POINT (-2162706.913409437 1567725.7490646034)
200930,10088,801,1,16.764,5.1816,0.55,0.00148708925683,-2162706.4555280786,1567723.6551673564,POINT (-2162706.4555280786 1567723.6551673564)
200946,10088,801,1,23.368,8.8392,0.5,0.00148708925683,-2162567.616533197,1567730.53248751,POINT (-2162567.616533197 1567730.53248751)
200933,10088,801,1,49.022000000000006,14.020800000000001,0.55,0.00148708925683,-2162568.338842373,1567724.1997619558,POINT (-2162568.338842373 1567724.1997619558)
200932,10088,801,2,18.796000000000003,3.3528000000000002,,0.00148708925683,-2162567.178028408,1567733.1046411993,POINT (-2162567.178028408 1567733.1046411993)
200944,10088,801,1,58.928,19.2024,0.45,0.00148708925683,-2162689.5297333673,1567730.4675756835,POINT (-2162689.5297333673 1567730.4675756835)
200948,10088,801,1,24.892000000000003,10.0584,0.15,0.00148708925683,-2162689.059175906,1567719.0092683902,POINT (-2162689.059175906 1567719.0092683902)
200941,10088,801,1,40.386,9.144,0.4,0.00148708925683,-2162740.573609437,1567656.8897730866,POINT (-2162740.573609437 1567656.8897730866)
200933,10088,801,1,49.022000000000006,14.020800000000001,0.55,0.00148708925683,-2162731.1221967116,1567658.8140957877,POINT (-2162731.1221967116 1567658.8140957877)
200946,10088,801,1,23.368,8.8392,0.5,0.00148708925683,-2162734.6755992365,1567658.1526747039,POINT (-2162734.6755992365 1567658.1526747039)
200948,10088,801,1,24.892000000000003,10.0584,0.15,0.00148708925683,-2162727.237835297,1567645.6217270298,POINT (-2162727.237835297 1567645.6217270298)
200951,10088,801,1,21.082,13.1064,0.7,0.00148708925683,-2162730.1190296807,1567652.2479834203,POINT (-2162730.1190296807 1567652.2479834203)
200947,10088,801,1,36.322,12.192,0.5,0.00148708925683,-2162765.2406184203,1567645.614773845,POINT (-2162765.2406184203 1567645.614773845)
200950,10088,801,1,67.056,18.5928,0.2,0.00024690435073999997,-2162758.119859832,1567645.404795312,POINT (-2162758.119859832 1567645.404795312)
200940,10088,801,1,22.352000000000004,10.0584,0.3,0.00148708925683,-2162716.0560539644,1567662.6289906104,POINT (-2162716.0560539644 1567662.6289906104)
200948,10088,801,1,24.892000000000003,10.0584,0.15,0.00148708925683,-2162721.854776738,1567669.1111849914,POINT (-2162721.854776738 1567669.1111849914)
200947,10088,801,1,36.322,12.192,0.5,0.00148708925683,-2162700.932592902,1567716.2748957209,POINT (-2162700.932592902 1567716.2748957209)
200938,10088,801,1,50.038,13.411200000000001,0.55,0.00148708925683,-2162704.7126509068,1567710.0463938923,POINT (-2162704.7126509068 1567710.0463938923)
200936,10088,801,1,66.802,14.9352,0.65,0.00024690435073999997,-2162708.6413410907,1567705.253074109,POINT (-2162708.6413410907 1567705.253074109)
200933,10088,801,1,49.022000000000006,14.020800000000001,0.55,0.00148708925683,-2162696.5716470308,1567714.32768696,POINT (-2162696.5716470308 1567714.32768696)
200944,10088,801,1,58.928,19.2024,0.45,0.00148708925683,-2162750.370572291,1567658.2578609425,POINT (-2162750.370572291 1567658.2578609425)
200948,10088,801,1,24.892000000000003,10.0584,0.15,0.00148708925683,-2162731.509733183,1567644.7694519383,POINT (-2162731.509733183 1567644.7694519383)
200931,10088,801,1,39.624,13.716000000000001,0.4,0.00148708925683,-2162696.9796799207,1567669.4977378552,POINT (-2162696.9796799207 1567669.4977378552)
200941,10088,801,1,40.386,9.144,0.4,0.00148708925683,-2162706.9154581907,1567659.7255228811,POINT (-2162706.9154581907 1567659.7255228811)
200944,10088,801,1,58.928,19.2024,0.45,0.00148708925683,-2162701.4737282307,1567672.0411997174,POINT (-2162701.4737282307 1567672.0411997174)
200939,10088,807,1,56.642,18.5928,0.55,0.00148708925683,-2162696.621123384,1567664.1064905971,POINT (-2162696.621123384 1567664.1064905971)
200938,10088,801,1,50.038,13.411200000000001,0.55,0.00148708925683,-2162728.990431528,1567665.5997306975,POINT (-2162728.990431528 1567665.5997306975)
200948,10088,801,1,24.892000000000003,10.0584,0.15,0.00148708925683,-2162727.206184611,1567663.965861777,POINT (-2162727.206184611 1567663.965861777)
200930,10088,801,1,16.764,5.1816,0.55,0.00148708925683,-2162725.2503611436,1567668.0604438891,POINT (-2162725.2503611436 1567668.0604438891)
200930,10088,801,1,16.764,5.1816,0.55,0.00148708925683,-2162735.001134906,1567671.7146429291,POINT (-2162735.001134906 1567671.7146429291)
200935,10088,801,1,54.61,14.325600000000001,0.35,0.00148708925683,-2162692.4561947277,1567666.0011955176,POINT (-2162692.4561947277 1567666.0011955176)
200943,10088,801,1,13.97,9.144,0.3,0.00148708925683,-2162697.5030189403,1567704.0042561833,POINT (-2162697.5030189403 1567704.0042561833)
200948,10088,801,1,24.892000000000003,10.0584,0.15,0.00148708925683,-2162689.3084732583,1567673.2189075646,POINT (-2162689.3084732583 1567673.2189075646)
200930,10088,801,1,16.764,5.1816,0.55,0.00148708925683,-2162681.1584355542,1567670.5269255787,POINT (-2162681.1584355542 1567670.5269255787)
200940,10088,801,1,22.352000000000004,10.0584,0.3,0.00148708925683,-2162676.5331567544,1567665.483253163,POINT (-2162676.5331567544 1567665.483253163)
200943,10088,801,1,13.97,9.144,0.3,0.00148708925683,-2162705.751044123,1567743.334107395,POINT (-2162705.751044123 1567743.334107395)
200930,10088,801,1,16.764,5.1816,0.55,0.00148708925683,-2162708.5926501127,1567736.0451433803,POINT (-2162708.5926501127 1567736.0451433803)
200940,10088,801,1,22.352000000000004,10.0584,0.3,0.00148708925683,-2162698.8700392996,1567741.7601639666,POINT (-2162698.8700392996 1567741.7601639666)
200948,10088,801,1,24.892000000000003,10.0584,0.15,0.00148708925683,-2162531.661387207,1567740.5659484263,POINT (-2162531.661387207 1567740.5659484263)
200938,10088,801,1,50.038,13.411200000000001,0.55,0.00148708925683,-2162541.3842061013,1567746.148037824,POINT (-2162541.3842061013 1567746.148037824)
200931,10088,801,1,39.624,13.716000000000001,0.4,0.00148708925683,-2162716.994488522,1567674.621713918,POINT (-2162716.994488522 1567674.621713918)
200941,10088,801,1,40.386,9.144,0.4,0.00148708925683,-2162719.8156140023,1567680.2502400533,POINT (-2162719.8156140023 1567680.2502400533)
200932,10088,801,2,18.796000000000003,3.3528000000000002,,0.00148708925683,-2162714.5203118087,1567679.2033793137,POINT (-2162714.5203118087 1567679.2033793137)
200940,10088,801,1,22.352000000000004,10.0584,0.3,0.00148708925683,-2162718.493652254,1567674.3292979165,POINT (-2162718.493652254 1567674.3292979165)
200940,10088,801,1,22.352000000000004,10.0584,0.3,0.00148708925683,-2162707.947538814,1567685.5828880395,POINT (-2162707.947538814 1567685.5828880395)
200932,10088,801,2,18.796000000000003,3.3528000000000002,,0.00148708925683,-2162696.1246448318,1567687.167975918,POINT (-2162696.1246448318 1567687.167975918)
200946,10088,801,1,23.368,8.8392,0.5,0.00148708925683,-2162696.4507478224,1567685.4783061831,POINT (-2162696.4507478224 1567685.4783061831)
200931,10088,801,1,39.624,13.716000000000001,0.4,0.00148708925683,-2162701.5174955656,1567684.8598010337,POINT (-2162701.5174955656 1567684.8598010337)
200933,10088,801,1,49.022000000000006,14.020800000000001,0.55,0.00148708925683,-2162554.6344542685,1567746.1352362016,POINT (-2162554.6344542685 1567746.1352362016)
200943,10088,801,1,13.97,9.144,0.3,0.00148708925683,-2162556.991624962,1567644.1374059205,POINT (-2162556.991624962 1567644.1374059205)
200935,10088,801,1,54.61,14.325600000000001,0.35,0.00148708925683,-2162701.4246422267,1567734.4093593413,POINT (-2162701.4246422267 1567734.4093593413)
200931,10088,801,1,39.624,13.716000000000001,0.4,0.00148708925683,-2162600.913901347,1567779.5229019409,POINT (-2162600.913901347 1567779.5229019409)
200940,10088,801,1,22.352000000000004,10.0584,0.3,0.00148708925683,-2162594.1165178968,1567782.2391621456,POINT (-2162594.1165178968 1567782.2391621456)
200938,10088,801,1,50.038,13.411200000000001,0.55,0.00148708925683,-2162585.186925091,1567786.6621957975,POINT (-2162585.186925091 1567786.6621957975)
200939,10088,807,1,56.642,18.5928,0.55,0.00148708925683,-2162701.9719449445,1567679.3028494106,POINT (-2162701.9719449445 1567679.3028494106)
200944,10088,801,1,58.928,19.2024,0.45,0.00148708925683,-2162698.2436741344,1567738.4265774798,POINT (-2162698.2436741344 1567738.4265774798)
200935,10088,801,1,54.61,14.325600000000001,0.35,0.00148708925683,-2162694.371871915,1567741.1589028835,POINT (-2162694.371871915 1567741.1589028835)
200940,10088,801,1,22.352000000000004,10.0584,0.3,0.00148708925683,-2162753.4994981685,1567656.731276014,POINT (-2162753.4994981685 1567656.731276014)
200934,10088,801,1,70.104,18.288,0.4,0.00024690435073999997,-2162704.3118199133,1567746.9317069452,POINT (-2162704.3118199133 1567746.9317069452)
200932,10088,801,2,18.796000000000003,3.3528000000000002,,0.00148708925683,-2162565.2983082826,1567746.91650529,POINT (-2162565.2983082826 1567746.91650529)
200941,10088,801,1,40.386,9.144,0.4,0.00148708925683,-2162561.0456125685,1567747.158342075,POINT (-2162561.0456125685 1567747.158342075)
200946,10088,801,1,23.368,8.8392,0.5,0.00148708925683,-2162568.8005753746,1567745.889648247,POINT (-2162568.8005753746 1567745.889648247)
200939,10088,807,1,56.642,18.5928,0.55,0.00148708925683,-2162665.5413318947,1567628.0248207434,POINT (-2162665.5413318947 1567628.0248207434)
200946,10088,801,1,23.368,8.8392,0.5,0.00148708925683,-2162704.881184935,1567611.753651364,POINT (-2162704.881184935 1567611.753651364)
200944,10088,801,1,58.928,19.2024,0.45,0.00148708925683,-2162694.0412484007,1567607.6835430437,POINT (-2162694.0412484007 1567607.6835430437)
200939,10088,807,1,56.642,18.5928,0.55,0.00148708925683,-2162706.6836328944,1567612.0070621313,POINT (-2162706.6836328944 1567612.0070621313)
200946,10088,801,1,23.368,8.8392,0.5,0.00148708925683,-2162704.099659952,1567603.254267473,POINT (-2162704.099659952 1567603.254267473)
200935,10088,801,1,54.61,14.325600000000001,0.35,0.00148708925683,-2162716.5165662426,1567606.8222965484,POINT (-2162716.5165662426 1567606.8222965484)
200947,10088,801,1,36.322,12.192,0.5,0.00148708925683,-2162699.431295738,1567601.9993592883,POINT (-2162699.431295738 1567601.9993592883)
200937,10088,801,1,61.976,13.1064,0.45,0.00024690435073999997,-2162701.5400767205,1567603.222362349,POINT (-2162701.5400767205 1567603.222362349)
200932,10088,801,2,18.796000000000003,3.3528000000000002,,0.00148708925683,-2162691.5048423717,1567601.163229567,POINT (-2162691.5048423717 1567601.163229567)
200944,10088,801,1,58.928,19.2024,0.45,0.00148708925683,-2162682.0983404927,1567601.067547332,POINT (-2162682.0983404927 1567601.067547332)
200939,10088,807,1,56.642,18.5928,0.55,0.00148708925683,-2162688.96684768,1567600.5510335946,POINT (-2162688.96684768 1567600.5510335946)
200944,10088,801,1,58.928,19.2024,0.45,0.00148708925683,-2162682.665572388,1567607.0159891362,POINT (-2162682.665572388 1567607.0159891362)
200948,10088,801,1,24.892000000000003,10.0584,0.15,0.00148708925683,-2162685.220107457,1567609.1251813727,POINT (-2162685.220107457 1567609.1251813727)
200931,10088,801,1,39.624,13.716000000000001,0.4,0.00148708925683,-2162722.6259204997,1567611.0738097534,POINT (-2162722.6259204997 1567611.0738097534)
200935,10088,801,1,54.61,14.325600000000001,0.35,0.00148708925683,-2162695.954844447,1567599.6189422188,POINT (-2162695.954844447 1567599.6189422188)
200931,10088,801,1,39.624,13.716000000000001,0.4,0.00148708925683,-2162527.8011031486,1567622.67729944,POINT (-2162527.8011031486 1567622.67729944)
200932,10088,801,2,18.796000000000003,3.3528000000000002,,0.00148708925683,-2162528.0797095555,1567620.1339875292,POINT (-2162528.0797095555 1567620.1339875292)
200940,10088,801,1,22.352000000000004,10.0584,0.3,0.00148708925683,-2162673.5185032478,1567132.49421198,POINT (-2162673.5185032478 1567132.49421198)
200944,10088,801,1,58.928,19.2024,0.45,0.00148708925683,-2162672.303638709,1567127.2414047068,POINT (-2162672.303638709 1567127.2414047068)
200946,10088,801,1,23.368,8.8392,0.5,0.00148708925683,-2162734.0609660153,1567616.5037704636,POINT (-2162734.0609660153 1567616.5037704636)
200941,10088,801,1,40.386,9.144,0.4,0.00148708925683,-2162528.7109324867,1567793.176672669,POINT (-2162528.7109324867 1567793.176672669)
200947,10088,801,1,36.322,12.192,0.5,0.00148708925683,-2162754.122718948,1567625.894591707,POINT (-2162754.122718948 1567625.894591707)
200933,10088,801,1,49.022000000000006,14.020800000000001,0.55,0.00148708925683,-2162763.563708383,1567615.1471275433,POINT (-2162763.563708383 1567615.1471275433)
200935,10088,801,1,54.61,14.325600000000001,0.35,0.00148708925683,-2162753.7922175163,1567615.3838482285,POINT (-2162753.7922175163 1567615.3838482285)
200931,10088,801,1,39.624,13.716000000000001,0.4,0.00148708925683,-2162747.6079192352,1567600.7879170042,POINT (-2162747.6079192352 1567600.7879170042)
200939,10088,807,1,56.642,18.5928,0.55,0.00148708925683,-2162747.177195973,1567619.7711078478,POINT (-2162747.177195973 1567619.7711078478)
200939,10088,807,1,56.642,18.5928,0.55,0.00148708925683,-2162537.415043308,1567767.5614728772,POINT (-2162537.415043308 1567767.5614728772)
200936,10088,801,1,66.802,14.9352,0.65,0.00024690435073999997,-2162530.90202637,1567764.5214505738,POINT (-2162530.90202637 1567764.5214505738)
200931,10088,801,1,39.624,13.716000000000001,0.4,0.00148708925683,-2162745.823435018,1567625.4510378954,POINT (-2162745.823435018 1567625.4510378954)
200944,10088,801,1,58.928,19.2024,0.45,0.00148708925683,-2162741.2571280315,1567622.5676842344,POINT (-2162741.2571280315 1567622.5676842344)
200940,10088,801,1,22.352000000000004,10.0584,0.3,0.00148708925683,-2162750.032337345,1567623.2591471628,POINT (-2162750.032337345 1567623.2591471628)
200946,10088,801,1,23.368,8.8392,0.5,0.00148708925683,-2162522.215941283,1567624.9865654125,POINT (-2162522.215941283 1567624.9865654125)
200943,10088,801,1,13.97,9.144,0.3,0.00148708925683,-2162737.5115331784,1567622.267165856,POINT (-2162737.5115331784 1567622.267165856)
200942,10088,801,1,65.024,18.288,0.4,0.00024690435073999997,-2162539.8475080915,1567764.324636152,POINT (-2162539.8475080915 1567764.324636152)
200951,10088,801,1,21.082,13.1064,0.7,0.00148708925683,-2162728.7353080576,1567622.161035451,POINT (-2162728.7353080576 1567622.161035451)
200947,10088,801,1,36.322,12.192,0.5,0.00148708925683,-2162782.364278949,1567625.1128380017,POINT (-2162782.364278949 1567625.1128380017)
200941,10088,801,1,40.386,9.144,0.4,0.00148708925683,-2162720.6814913154,1567613.1600703606,POINT (-2162720.6814913154 1567613.1600703606)
200935,10088,801,1,54.61,14.325600000000001,0.35,0.00148708925683,-2162722.551430539,1567607.4153603616,POINT (-2162722.551430539 1567607.4153603616)
200933,10088,801,1,49.022000000000006,14.020800000000001,0.55,0.00148708925683,-2162709.747831642,1567757.1426247095,POINT (-2162709.747831642 1567757.1426247095)
200950,10088,801,1,67.056,18.5928,0.2,0.00024690435073999997,-2162625.294782056,1567130.0635376882,POINT (-2162625.294782056 1567130.0635376882)
200932,10088,801,2,18.796000000000003,3.3528000000000002,,0.00148708925683,-2162632.456726971,1567131.7508459259,POINT (-2162632.456726971 1567131.7508459259)
200935,10088,801,1,54.61,14.325600000000001,0.35,0.00148708925683,-2162584.001234452,1567815.5212116642,POINT (-2162584.001234452 1567815.5212116642)
200940,10088,801,1,22.352000000000004,10.0584,0.3,0.00148708925683,-2162756.2103240374,1567594.4476182056,POINT (-2162756.2103240374 1567594.4476182056)
200948,10088,801,1,24.892000000000003,10.0584,0.15,0.00148708925683,-2162753.9611689933,1567584.3631018999,POINT (-2162753.9611689933 1567584.3631018999)
200931,10088,801,1,39.624,13.716000000000001,0.4,0.00148708925683,-2162742.15241156,1567590.7783447509,POINT (-2162742.15241156 1567590.7783447509)
200943,10088,801,1,13.97,9.144,0.3,0.00148708925683,-2162750.677916077,1567593.9229890213,POINT (-2162750.677916077 1567593.9229890213)
200932,10088,801,2,18.796000000000003,3.3528000000000002,,0.00148708925683,-2162528.2902050107,1567599.4841512318,POINT (-2162528.2902050107 1567599.4841512318)
200943,10088,801,1,13.97,9.144,0.3,0.00148708925683,-2162684.7121336902,1567602.1631208463,POINT (-2162684.7121336902 1567602.1631208463)
200941,10088,801,1,40.386,9.144,0.4,0.00148708925683,-2162737.0253245304,1567585.0245060362,POINT (-2162737.0253245304 1567585.0245060362)
200947,10088,801,1,36.322,12.192,0.5,0.00148708925683,-2162730.7520880336,1567595.5006310313,POINT (-2162730.7520880336 1567595.5006310313)
200930,10088,801,1,16.764,5.1816,0.55,0.00148708925683,-2162576.182120805,1567811.3487464045,POINT (-2162576.182120805 1567811.3487464045)
200931,10088,801,1,39.624,13.716000000000001,0.4,0.00148708925683,-2162738.52038941,1567591.1307821719,POINT (-2162738.52038941 1567591.1307821719)
200944,10088,801,1,58.928,19.2024,0.45,0.00148708925683,-2162730.6424243227,1567588.3795728832,POINT (-2162730.6424243227 1567588.3795728832)
200946,10088,801,1,23.368,8.8392,0.5,0.00148708925683,-2162579.7640052913,1567818.6735862,POINT (-2162579.7640052913 1567818.6735862)
200948,10088,801,1,24.892000000000003,10.0584,0.15,0.00148708925683,-2162736.967105315,1567586.5410918782,POINT (-2162736.967105315 1567586.5410918782)
200951,10088,801,1,21.082,13.1064,0.7,0.00148708925683,-2162711.870620614,1567593.2086402336,POINT (-2162711.870620614 1567593.2086402336)
200935,10088,801,1,54.61,14.325600000000001,0.35,0.00148708925683,-2162720.640510447,1567606.248321343,POINT (-2162720.640510447 1567606.248321343)
200938,10088,801,1,50.038,13.411200000000001,0.55,0.00148708925683,-2162720.4185013315,1567597.8530338875,POINT (-2162720.4185013315 1567597.8530338875)
200935,10088,801,1,54.61,14.325600000000001,0.35,0.00148708925683,-2162760.145836893,1567589.7524303666,POINT (-2162760.145836893 1567589.7524303666)
200943,10088,801,1,13.97,9.144,0.3,0.00148708925683,-2162724.882396071,1567613.447762013,POINT (-2162724.882396071 1567613.447762013)
200939,10088,807,1,56.642,18.5928,0.55,0.00148708925683,-2162727.596671949,1567602.1292669766,POINT (-2162727.596671949 1567602.1292669766)
200931,10088,801,1,39.624,13.716000000000001,0.4,0.00148708925683,-2162735.591794805,1567607.0298147327,POINT (-2162735.591794805 1567607.0298147327)
200943,10088,801,1,13.97,9.144,0.3,0.00148708925683,-2162728.617226122,1567608.7249089847,POINT (-2162728.617226122 1567608.7249089847)
200946,10088,801,1,23.368,8.8392,0.5,0.00148708925683,-2162720.385596795,1567607.880882617,POINT (-2162720.385596795 1567607.880882617)
200951,10088,801,1,21.082,13.1064,0.7,0.00148708925683,-2162719.602992779,1567611.6801290775,POINT (-2162719.602992779 1567611.6801290775)
200939,10088,807,1,56.642,18.5928,0.55,0.00148708925683,-2162774.7922263867,1567131.4289610477,POINT (-2162774.7922263867 1567131.4289610477)
200939,10088,807,1,56.642,18.5928,0.55,0.00148708925683,-2162695.5622996944,1567611.8460367522,POINT (-2162695.5622996944 1567611.8460367522)
200941,10088,801,1,40.386,9.144,0.4,0.00148708925683,-2162769.4018768608,1567613.0595647416,POINT (-2162769.4018768608 1567613.0595647416)
200946,10088,801,1,23.368,8.8392,0.5,0.00148708925683,-2162783.695671731,1567600.3019313551,POINT (-2162783.695671731 1567600.3019313551)
200948,10088,801,1,24.892000000000003,10.0584,0.15,0.00148708925683,-2162671.7893562475,1567132.5352015293,POINT (-2162671.7893562475 1567132.5352015293)
200930,10088,801,1,16.764,5.1816,0.55,0.00148708925683,-2162782.015376128,1567608.8983950838,POINT (-2162782.015376128 1567608.8983950838)
200951,10088,801,1,21.082,13.1064,0.7,0.00148708925683,-2162673.3502906337,1567127.401989003,POINT (-2162673.3502906337 1567127.401989003)
200938,10088,801,1,50.038,13.411200000000001,0.55,0.00148708925683,-2162784.427666338,1567128.101349768,POINT (-2162784.427666338 1567128.101349768)
200931,10088,801,1,39.624,13.716000000000001,0.4,0.00148708925683,-2162784.5740932696,1567129.9278636698,POINT (-2162784.5740932696 1567129.9278636698)
200944,10088,801,1,58.928,19.2024,0.45,0.00148708925683,-2162795.738350797,1567127.7433324354,POINT (-2162795.738350797 1567127.7433324354)
200942,10088,801,1,65.024,18.288,0.4,0.00024690435073999997,-2162533.6887311754,1567777.9599259146,POINT (-2162533.6887311754 1567777.9599259146)
200941,10088,801,1,40.386,9.144,0.4,0.00148708925683,-2162778.334950898,1567132.2492814476,POINT (-2162778.334950898 1567132.2492814476)
200948,10088,801,1,24.892000000000003,10.0584,0.15,0.00148708925683,-2162607.964770707,1567127.8237584112,POINT (-2162607.964770707 1567127.8237584112)
200932,10088,801,2,18.796000000000003,3.3528000000000002,,0.00148708925683,-2162587.338480674,1567816.9378924258,POINT (-2162587.338480674 1567816.9378924258)
200948,10088,801,1,24.892000000000003,10.0584,0.15,0.00148708925683,-2162560.1700329264,1567810.4518033515,POINT (-2162560.1700329264 1567810.4518033515)
200951,10088,801,1,21.082,13.1064,0.7,0.00148708925683,-2162570.5579589824,1567818.680370654,POINT (-2162570.5579589824 1567818.680370654)
200946,10088,801,1,23.368,8.8392,0.5,0.00148708925683,-2162756.000002339,1567608.3858461734,POINT (-2162756.000002339 1567608.3858461734)
200944,10088,801,1,58.928,19.2024,0.45,0.00148708925683,-2162758.783959715,1567606.6759961245,POINT (-2162758.783959715 1567606.6759961245)
200938,10088,801,1,50.038,13.411200000000001,0.55,0.00148708925683,-2162764.876723685,1567608.5442210098,POINT (-2162764.876723685 1567608.5442210098)
200951,10088,801,1,21.082,13.1064,0.7,0.00148708925683,-2162693.1134588495,1567617.6733332414,POINT (-2162693.1134588495 1567617.6733332414)
200941,10088,801,1,40.386,9.144,0.4,0.00148708925683,-2162760.7617993974,1567585.4384399005,POINT (-2162760.7617993974 1567585.4384399005)
200938,10088,801,1,50.038,13.411200000000001,0.55,0.00148708925683,-2162768.877937225,1567585.7699426026,POINT (-2162768.877937225 1567585.7699426026)
200939,10088,807,1,56.642,18.5928,0.55,0.00148708925683,-2162707.418820121,1567638.6995502252,POINT (-2162707.418820121 1567638.6995502252)
200930,10088,801,1,16.764,5.1816,0.55,0.00148708925683,-2162553.4571263967,1567777.6123172904,POINT (-2162553.4571263967 1567777.6123172904)
200944,10088,801,1,58.928,19.2024,0.45,0.00148708925683,-2162735.7672635852,1567625.0533126302,POINT (-2162735.7672635852 1567625.0533126302)
200944,10088,801,1,58.928,19.2024,0.45,0.00148708925683,-2162722.1260482557,1567637.0230590845,POINT (-2162722.1260482557 1567637.0230590845)
200943,10088,801,1,13.97,9.144,0.3,0.00148708925683,-2162710.744900274,1567637.0245427943,POINT (-2162710.744900274 1567637.0245427943)
200946,10088,801,1,23.368,8.8392,0.5,0.00148708925683,-2162714.7650843556,1567632.5245442945,POINT (-2162714.7650843556 1567632.5245442945)
200930,10088,801,1,16.764,5.1816,0.55,0.00148708925683,-2162709.8566238876,1567631.5220006413,POINT (-2162709.8566238876 1567631.5220006413)
200930,10088,801,1,16.764,5.1816,0.55,0.00148708925683,-2162555.964331597,1567778.270183931,POINT (-2162555.964331597 1567778.270183931)
200938,10088,801,1,50.038,13.411200000000001,0.55,0.00148708925683,-2162548.1085648006,1567775.1661289204,POINT (-2162548.1085648006 1567775.1661289204)
200937,10088,801,1,61.976,13.1064,0.45,0.00024690435073999997,-2162719.6397411893,1567631.360558047,POINT (-2162719.6397411893 1567631.360558047)
200940,10088,801,1,22.352000000000004,10.0584,0.3,0.00148708925683,-2162709.931467184,1567643.4543530878,POINT (-2162709.931467184 1567643.4543530878)
200931,10088,801,1,39.624,13.716000000000001,0.4,0.00148708925683,-2162699.387582633,1567643.0832914189,POINT (-2162699.387582633 1567643.0832914189)
200941,10088,801,1,40.386,9.144,0.4,0.00148708925683,-2162714.3061756026,1567616.1080441072,POINT (-2162714.3061756026 1567616.1080441072)
200946,10088,801,1,23.368,8.8392,0.5,0.00148708925683,-2162684.993812803,1567619.249134455,POINT (-2162684.993812803 1567619.249134455)
200946,10088,801,1,23.368,8.8392,0.5,0.00148708925683,-2162700.069173051,1567632.3651216803,POINT (-2162700.069173051 1567632.3651216803)
200947,10088,801,1,36.322,12.192,0.5,0.00148708925683,-2162708.971747685,1567738.5250847163,POINT (-2162708.971747685 1567738.5250847163)
200944,10088,801,1,58.928,19.2024,0.45,0.00148708925683,-2162682.744035977,1567643.0089754653,POINT (-2162682.744035977 1567643.0089754653)
200935,10088,801,1,54.61,14.325600000000001,0.35,0.00148708925683,-2162683.8826173306,1567633.2001236961,POINT (-2162683.8826173306 1567633.2001236961)
200947,10088,801,1,36.322,12.192,0.5,0.00148708925683,-2162691.15206227,1567631.8318917102,POINT (-2162691.15206227 1567631.8318917102)
200935,10088,801,1,54.61,14.325600000000001,0.35,0.00148708925683,-2162711.301349037,1567635.6805022922,POINT (-2162711.301349037 1567635.6805022922)
200938,10088,801,1,50.038,13.411200000000001,0.55,0.00148708925683,-2162767.294593333,1567610.3374766523,POINT (-2162767.294593333 1567610.3374766523)
200940,10088,801,1,22.352000000000004,10.0584,0.3,0.00148708925683,-2162768.531972832,1567608.6726627515,POINT (-2162768.531972832 1567608.6726627515)
200930,10088,801,1,16.764,5.1816,0.55,0.00148708925683,-2162757.982409443,1567605.4067384363,POINT (-2162757.982409443 1567605.4067384363)
200948,10088,801,1,24.892000000000003,10.0584,0.15,0.00148708925683,-2162743.1011069305,1567602.621077433,POINT (-2162743.1011069305 1567602.621077433)
200939,10088,807,1,56.642,18.5928,0.55,0.00148708925683,-2162743.547867246,1567602.0488756814,POINT (-2162743.547867246 1567602.0488756814)
200938,10088,801,1,50.038,13.411200000000001,0.55,0.00148708925683,-2162725.2917042784,1567616.375510429,POINT (-2162725.2917042784 1567616.375510429)
200933,10088,801,1,49.022000000000006,14.020800000000001,0.55,0.00148708925683,-2162528.2356273197,1567654.2944824847,POINT (-2162528.2356273197 1567654.2944824847)
200940,10088,801,1,22.352000000000004,10.0584,0.3,0.00148708925683,-2162530.71770625,1567639.740113826,POINT (-2162530.71770625 1567639.740113826)
200933,10088,801,1,49.022000000000006,14.020800000000001,0.55,0.00148708925683,-2162526.0258533247,1567655.112684192,POINT (-2162526.0258533247 1567655.112684192)
200947,10088,801,1,36.322,12.192,0.5,0.00148708925683,-2162528.615939709,1567646.8641812704,POINT (-2162528.615939709 1567646.8641812704)
200938,10088,801,1,50.038,13.411200000000001,0.55,0.00148708925683,-2162528.9224358182,1567658.578869101,POINT (-2162528.9224358182 1567658.578869101)
200948,10088,801,1,24.892000000000003,10.0584,0.15,0.00148708925683,-2162779.4971388574,1567636.3232923783,POINT (-2162779.4971388574 1567636.3232923783)
200940,10088,801,1,22.352000000000004,10.0584,0.3,0.00148708925683,-2162768.1057959944,1567633.1780461522,POINT (-2162768.1057959944 1567633.1780461522)
200931,10088,801,1,39.624,13.716000000000001,0.4,0.00148708925683,-2162767.1416848022,1567633.7132740708,POINT (-2162767.1416848022 1567633.7132740708)
200947,10088,801,1,36.322,12.192,0.5,0.00148708925683,-2162554.1040198444,1567653.4203885673,POINT (-2162554.1040198444 1567653.4203885673)
200947,10088,801,1,36.322,12.192,0.5,0.00148708925683,-2162726.1636201823,1567624.5370480123,POINT (-2162726.1636201823 1567624.5370480123)
200931,10088,801,1,39.624,13.716000000000001,0.4,0.00148708925683,-2162729.8081059447,1567623.3337288834,POINT (-2162729.8081059447 1567623.3337288834)
200934,10088,801,1,70.104,18.288,0.4,0.00024690435073999997,-2162692.5359868463,1567630.7424021629,POINT (-2162692.5359868463 1567630.7424021629)
200930,10088,801,1,16.764,5.1816,0.55,0.00148708925683,-2162723.047262897,1567628.5222982178,POINT (-2162723.047262897 1567628.5222982178)
200930,10088,801,1,16.764,5.1816,0.55,0.00148708925683,-2162709.0865598186,1567623.1280788681,POINT (-2162709.0865598186 1567623.1280788681)
200951,10088,801,1,21.082,13.1064,0.7,0.00148708925683,-2162717.995291412,1567616.4468674366,POINT (-2162717.995291412 1567616.4468674366)
200948,10088,801,1,24.892000000000003,10.0584,0.15,0.00148708925683,-2162715.777233622,1567626.0528500273,POINT (-2162715.777233622 1567626.0528500273)
200943,10088,801,1,13.97,9.144,0.3,0.00148708925683,-2162741.685863647,1567623.2050097114,POINT (-2162741.685863647 1567623.2050097114)
200946,10088,801,1,23.368,8.8392,0.5,0.00148708925683,-2162701.68301183,1567618.054247691,POINT (-2162701.68301183 1567618.054247691)
200944,10088,801,1,58.928,19.2024,0.45,0.00148708925683,-2162701.0438615014,1567622.434797896,POINT (-2162701.0438615014 1567622.434797896)
200940,10088,801,1,22.352000000000004,10.0584,0.3,0.00148708925683,-2162702.704852256,1567616.2740603052,POINT (-2162702.704852256 1567616.2740603052)
200939,10088,807,1,56.642,18.5928,0.55,0.00148708925683,-2162706.158936392,1567615.292157219,POINT (-2162706.158936392 1567615.292157219)
200935,10088,801,1,54.61,14.325600000000001,0.35,0.00148708925683,-2162694.4205440325,1567624.193288556,POINT (-2162694.4205440325 1567624.193288556)
200949,10088,801,1,64.51599999999999,16.764,0.3,0.00024690435073999997,-2162681.9457444563,1567614.6144171678,POINT (-2162681.9457444563 1567614.6144171678)
200941,10088,801,1,40.386,9.144,0.4,0.00148708925683,-2162760.1120191514,1567621.9049258619,POINT (-2162760.1120191514 1567621.9049258619)
200947,10088,801,1,36.322,12.192,0.5,0.00148708925683,-2162762.285286618,1567612.558045327,POINT (-2162762.285286618 1567612.558045327)
200939,10088,807,1,56.642,18.5928,0.55,0.00148708925683,-2162759.8320157253,1567627.1204808087,POINT (-2162759.8320157253 1567627.1204808087)
200944,10088,801,1,58.928,19.2024,0.45,0.00148708925683,-2162537.048584661,1567772.1538908072,POINT (-2162537.048584661 1567772.1538908072)
200947,10088,801,1,36.322,12.192,0.5,0.00148708925683,-2162541.352870365,1567772.248562919,POINT (-2162541.352870365 1567772.248562919)
200933,10088,801,1,49.022000000000006,14.020800000000001,0.55,0.00148708925683,-2162556.5379134025,1567769.1252922798,POINT (-2162556.5379134025 1567769.1252922798)
200947,10088,801,1,36.322,12.192,0.5,0.00148708925683,-2162544.023938063,1567778.1733599831,POINT (-2162544.023938063 1567778.1733599831)
200940,10088,801,1,22.352000000000004,10.0584,0.3,0.00148708925683,-2162520.2794712456,1567756.994394172,POINT (-2162520.2794712456 1567756.994394172)
200933,10088,801,1,49.022000000000006,14.020800000000001,0.55,0.00148708925683,-2162524.499810541,1567754.384176483,POINT (-2162524.499810541 1567754.384176483)
200944,10088,801,1,58.928,19.2024,0.45,0.00148708925683,-2162758.1474260883,1567620.7180197951,POINT (-2162758.1474260883 1567620.7180197951)
200932,10088,801,2,18.796000000000003,3.3528000000000002,,0.00148708925683,-2162757.1754803914,1567628.5775616227,POINT (-2162757.1754803914 1567628.5775616227)
200936,10088,801,1,66.802,14.9352,0.65,0.00024690435073999997,-2162532.0623618043,1567753.7728390435,POINT (-2162532.0623618043 1567753.7728390435)
200940,10088,801,1,22.352000000000004,10.0584,0.3,0.00148708925683,-2162566.6034003817,1567774.7065528254,POINT (-2162566.6034003817 1567774.7065528254)
200940,10088,801,1,22.352000000000004,10.0584,0.3,0.00148708925683,-2162566.5040588253,1567768.5842401728,POINT (-2162566.5040588253 1567768.5842401728)
200942,10088,801,1,65.024,18.288,0.4,0.00024690435073999997,-2162559.6941552088,1567765.8740400337,POINT (-2162559.6941552088 1567765.8740400337)
200948,10088,801,1,24.892000000000003,10.0584,0.15,0.00148708925683,-2162563.3521974776,1567773.2275045896,POINT (-2162563.3521974776 1567773.2275045896)
200946,10088,801,1,23.368,8.8392,0.5,0.00148708925683,-2162552.5187110906,1567757.8728861106,POINT (-2162552.5187110906 1567757.8728861106)
200943,10088,801,1,13.97,9.144,0.3,0.00148708925683,-2162557.7210552166,1567753.3522261113,POINT (-2162557.7210552166 1567753.3522261113)
200932,10088,801,2,18.796000000000003,3.3528000000000002,,0.00148708925683,-2162562.6301904717,1567762.429122547,POINT (-2162562.6301904717 1567762.429122547)
200944,10088,801,1,58.928,19.2024,0.45,0.00148708925683,-2162567.823704939,1567753.9142145945,POINT (-2162567.823704939 1567753.9142145945)
200940,10088,801,1,22.352000000000004,10.0584,0.3,0.00148708925683,-2162703.8489924525,1567734.6488411902,POINT (-2162703.8489924525 1567734.6488411902)
200943,10088,801,1,13.97,9.144,0.3,0.00148708925683,-2162714.3537381026,1567737.7118095525,POINT (-2162714.3537381026 1567737.7118095525)
200947,10088,801,1,36.322,12.192,0.5,0.00148708925683,-2162744.406932603,1567609.8874593487,POINT (-2162744.406932603 1567609.8874593487)
200944,10088,801,1,58.928,19.2024,0.45,0.00148708925683,-2162750.203520276,1567600.730130228,POINT (-2162750.203520276 1567600.730130228)
200951,10088,801,1,21.082,13.1064,0.7,0.00148708925683,-2162576.6895645657,1567770.936757238,POINT (-2162576.6895645657 1567770.936757238)
200940,10088,801,1,22.352000000000004,10.0584,0.3,0.00148708925683,-2162578.5193087156,1567766.655070449,POINT (-2162578.5193087156 1567766.655070449)
200941,10088,801,1,40.386,9.144,0.4,0.00148708925683,-2162725.1974912514,1567602.501589775,POINT (-2162725.1974912514 1567602.501589775)
200949,10088,801,1,64.51599999999999,16.764,0.3,0.00024690435073999997,-2162744.5825704644,1567599.30985084,POINT (-2162744.5825704644 1567599.30985084)
200939,10088,807,1,56.642,18.5928,0.55,0.00148708925683,-2162584.1358874887,1567764.0432169985,POINT (-2162584.1358874887 1567764.0432169985)
200938,10088,801,1,50.038,13.411200000000001,0.55,0.00148708925683,-2162572.2404235103,1567764.153939886,POINT (-2162572.2404235103 1567764.153939886)
200930,10088,801,1,16.764,5.1816,0.55,0.00148708925683,-2162747.845524325,1567599.0707022185,POINT (-2162747.845524325 1567599.0707022185)
200938,10088,801,1,50.038,13.411200000000001,0.55,0.00148708925683,-2162524.8814970637,1567773.5393279833,POINT (-2162524.8814970637 1567773.5393279833)
200947,10088,801,1,36.322,12.192,0.5,0.00148708925683,-2162739.9352212665,1567612.7917742436,POINT (-2162739.9352212665 1567612.7917742436)
200943,10088,801,1,13.97,9.144,0.3,0.00148708925683,-2162520.6433564676,1567616.7982571523,POINT (-2162520.6433564676 1567616.7982571523)
200933,10088,801,1,49.022000000000006,14.020800000000001,0.55,0.00148708925683,-2162731.63393726,1567613.559369675,POINT (-2162731.63393726 1567613.559369675)
200946,10088,801,1,23.368,8.8392,0.5,0.00148708925683,-2162740.6954330164,1567602.2455347714,POINT (-2162740.6954330164 1567602.2455347714)
200935,10088,801,1,54.61,14.325600000000001,0.35,0.00148708925683,-2162749.6625825088,1567611.9536402458,POINT (-2162749.6625825088 1567611.9536402458)
202455,10128,818,1,43.942,14.9352,0.45,0.00148708925683,-2162754.2362557687,1567832.7434719917,POINT (-2162754.2362557687 1567832.7434719917)
164178,10130,818,1,41.910000000000004,14.630400000000002,0.35,0.00148708925683,-2162789.9505232857,1567809.3564358628,POINT (-2162789.9505232857 1567809.3564358628)
164172,10130,818,1,49.53,15.24,0.8,0.00148708925683,-2162794.4960653596,1567813.9195055286,POINT (-2162794.4960653596 1567813.9195055286)
164179,10130,818,1,51.815999999999995,5.7912,0.55,0.00148708925683,-2162751.7929512477,1567226.5877614818,POINT (-2162751.7929512477 1567226.5877614818)
164173,10130,818,2,37.846000000000004,9.7536,,0.00148708925683,-2162792.7658506054,1567817.8956529258,POINT (-2162792.7658506054 1567817.8956529258)
164175,10130,333,1,49.53,9.144,0.42,0.00148708925683,-2162797.7116482686,1567818.2554398954,POINT (-2162797.7116482686 1567818.2554398954)
164174,10130,801,1,71.12,20.1168,0.65,0.00024690435073999997,-2162790.043473395,1567828.183687313,POINT (-2162790.043473395 1567828.183687313)
164176,10130,333,1,26.416,10.668000000000001,0.4,0.00148708925683,-2162794.368984385,1567821.7267152509,POINT (-2162794.368984385 1567821.7267152509)
164179,10130,818,1,51.815999999999995,5.7912,0.55,0.00148708925683,-2162796.3623191738,1567818.6237757215,POINT (-2162796.3623191738 1567818.6237757215)
164173,10130,818,2,37.846000000000004,9.7536,,0.00148708925683,-2162588.5957170534,1567179.220815981,POINT (-2162588.5957170534 1567179.220815981)
164178,10130,818,1,41.910000000000004,14.630400000000002,0.35,0.00148708925683,-2162768.4286925523,1567228.9625690326,POINT (-2162768.4286925523 1567228.9625690326)
164178,10130,818,1,41.910000000000004,14.630400000000002,0.35,0.00148708925683,-2162790.028683144,1567819.4699159302,POINT (-2162790.028683144 1567819.4699159302)
164178,10130,818,1,41.910000000000004,14.630400000000002,0.35,0.00148708925683,-2162561.9365145713,1567149.38848399,POINT (-2162561.9365145713 1567149.38848399)
164178,10130,818,1,41.910000000000004,14.630400000000002,0.35,0.00148708925683,-2162574.2741620513,1567154.6769768184,POINT (-2162574.2741620513 1567154.6769768184)
164178,10130,818,1,41.910000000000004,14.630400000000002,0.35,0.00148708925683,-2162581.4970337967,1567151.2504834693,POINT (-2162581.4970337967 1567151.2504834693)
164175,10130,333,1,49.53,9.144,0.42,0.00148708925683,-2162587.0138068656,1567186.14105642,POINT (-2162587.0138068656 1567186.14105642)
164178,10130,818,1,41.910000000000004,14.630400000000002,0.35,0.00148708925683,-2162588.9253881504,1567190.9106203094,POINT (-2162588.9253881504 1567190.9106203094)
164172,10130,818,1,49.53,15.24,0.8,0.00148708925683,-2162790.4165742313,1567818.3762812673,POINT (-2162790.4165742313 1567818.3762812673)
164175,10130,333,1,49.53,9.144,0.42,0.00148708925683,-2162560.674253983,1567175.550836264,POINT (-2162560.674253983 1567175.550836264)
164173,10130,818,2,37.846000000000004,9.7536,,0.00148708925683,-2162567.0356691116,1567175.0118685008,POINT (-2162567.0356691116 1567175.0118685008)
164173,10130,818,2,37.846000000000004,9.7536,,0.00148708925683,-2162577.5831085374,1567169.5938792822,POINT (-2162577.5831085374 1567169.5938792822)
164174,10130,801,1,71.12,20.1168,0.65,0.00024690435073999997,-2162790.5858990527,1567810.7680136082,POINT (-2162790.5858990527 1567810.7680136082)
164178,10130,818,1,41.910000000000004,14.630400000000002,0.35,0.00148708925683,-2162755.09335112,1567223.6655976572,POINT (-2162755.09335112 1567223.6655976572)
164176,10130,333,1,26.416,10.668000000000001,0.4,0.00148708925683,-2162752.275666973,1567238.0699467463,POINT (-2162752.275666973 1567238.0699467463)
164175,10130,333,1,49.53,9.144,0.42,0.00148708925683,-2162585.783068261,1567192.433370134,POINT (-2162585.783068261 1567192.433370134)
164178,10130,818,1,41.910000000000004,14.630400000000002,0.35,0.00148708925683,-2162795.6151203425,1567821.360472278,POINT (-2162795.6151203425 1567821.360472278)
164175,10130,333,1,49.53,9.144,0.42,0.00148708925683,-2162577.746861764,1567165.8609667933,POINT (-2162577.746861764 1567165.8609667933)
164178,10130,818,1,41.910000000000004,14.630400000000002,0.35,0.00148708925683,-2162784.652339357,1567830.7956322788,POINT (-2162784.652339357 1567830.7956322788)
164179,10130,818,1,51.815999999999995,5.7912,0.55,0.00148708925683,-2162780.3606465254,1567831.071129996,POINT (-2162780.3606465254 1567831.071129996)
164174,10130,801,1,71.12,20.1168,0.65,0.00024690435073999997,-2162770.404788942,1567833.88454293,POINT (-2162770.404788942 1567833.88454293)
164173,10130,818,2,37.846000000000004,9.7536,,0.00148708925683,-2162580.8441409334,1567164.9904910785,POINT (-2162580.8441409334 1567164.9904910785)
164176,10130,333,1,26.416,10.668000000000001,0.4,0.00148708925683,-2162777.932025151,1567820.7148932773,POINT (-2162777.932025151 1567820.7148932773)
164176,10130,333,1,26.416,10.668000000000001,0.4,0.00148708925683,-2162794.084846708,1567815.90283749,POINT (-2162794.084846708 1567815.90283749)
164176,10130,333,1,26.416,10.668000000000001,0.4,0.00148708925683,-2162795.6066596084,1567813.8932342392,POINT (-2162795.6066596084 1567813.8932342392)
164178,10130,818,1,41.910000000000004,14.630400000000002,0.35,0.00148708925683,-2162766.0819043466,1567476.2275201892,POINT (-2162766.0819043466 1567476.2275201892)
164172,10130,818,1,49.53,15.24,0.8,0.00148708925683,-2162775.513713731,1567405.7456323537,POINT (-2162775.513713731 1567405.7456323537)
164175,10130,333,1,49.53,9.144,0.42,0.00148708925683,-2162777.3357807123,1567433.952893012,POINT (-2162777.3357807123 1567433.952893012)
164180,10130,981,1,83.312,18.5928,0.85,0.00024690435073999997,-2162790.0563897444,1567405.1647476843,POINT (-2162790.0563897444 1567405.1647476843)
164178,10130,818,1,41.910000000000004,14.630400000000002,0.35,0.00148708925683,-2162787.4549790015,1567404.485302562,POINT (-2162787.4549790015 1567404.485302562)
164178,10130,818,1,41.910000000000004,14.630400000000002,0.35,0.00148708925683,-2162781.3692158456,1567416.6444488054,POINT (-2162781.3692158456 1567416.6444488054)
164174,10130,801,1,71.12,20.1168,0.65,0.00024690435073999997,-2162782.9406191865,1567413.0235884762,POINT (-2162782.9406191865 1567413.0235884762)
164172,10130,818,1,49.53,15.24,0.8,0.00148708925683,-2162779.600994515,1567393.306683169,POINT (-2162779.600994515 1567393.306683169)
164179,10130,818,1,51.815999999999995,5.7912,0.55,0.00148708925683,-2162781.8407371067,1567390.7255830446,POINT (-2162781.8407371067 1567390.7255830446)
164176,10130,333,1,26.416,10.668000000000001,0.4,0.00148708925683,-2162791.4299159423,1567408.8593257582,POINT (-2162791.4299159423 1567408.8593257582)
164176,10130,333,1,26.416,10.668000000000001,0.4,0.00148708925683,-2162791.4117940776,1567459.0181767226,POINT (-2162791.4117940776 1567459.0181767226)
164179,10130,818,1,51.815999999999995,5.7912,0.55,0.00148708925683,-2162769.62995134,1567396.0734067727,POINT (-2162769.62995134 1567396.0734067727)
164173,10130,818,2,37.846000000000004,9.7536,,0.00148708925683,-2162797.427814748,1567391.3386728608,POINT (-2162797.427814748 1567391.3386728608)
164176,10130,333,1,26.416,10.668000000000001,0.4,0.00148708925683,-2162786.142906728,1567399.1815585254,POINT (-2162786.142906728 1567399.1815585254)
164175,10130,333,1,49.53,9.144,0.42,0.00148708925683,-2162792.08614206,1567393.0273902034,POINT (-2162792.08614206 1567393.0273902034)
164176,10130,333,1,26.416,10.668000000000001,0.4,0.00148708925683,-2162772.4337055865,1567444.4634479324,POINT (-2162772.4337055865 1567444.4634479324)
164174,10130,801,1,71.12,20.1168,0.65,0.00024690435073999997,-2162773.2512708367,1567443.7546885696,POINT (-2162773.2512708367 1567443.7546885696)
164173,10130,818,2,37.846000000000004,9.7536,,0.00148708925683,-2162794.915392294,1567477.4281506287,POINT (-2162794.915392294 1567477.4281506287)
164178,10130,818,1,41.910000000000004,14.630400000000002,0.35,0.00148708925683,-2162791.8308622343,1567434.1923354554,POINT (-2162791.8308622343 1567434.1923354554)
164178,10130,818,1,41.910000000000004,14.630400000000002,0.35,0.00148708925683,-2162788.6804581275,1567476.1277064425,POINT (-2162788.6804581275 1567476.1277064425)
164172,10130,818,1,49.53,15.24,0.8,0.00148708925683,-2162797.070712205,1567476.8803675803,POINT (-2162797.070712205 1567476.8803675803)
164178,10130,818,1,41.910000000000004,14.630400000000002,0.35,0.00148708925683,-2162789.6035652775,1567470.8452690924,POINT (-2162789.6035652775 1567470.8452690924)
164179,10130,818,1,51.815999999999995,5.7912,0.55,0.00148708925683,-2162794.234837991,1567420.4256104066,POINT (-2162794.234837991 1567420.4256104066)
164178,10130,818,1,41.910000000000004,14.630400000000002,0.35,0.00148708925683,-2162792.8204947063,1567423.8695968196,POINT (-2162792.8204947063 1567423.8695968196)
164179,10130,818,1,51.815999999999995,5.7912,0.55,0.00148708925683,-2162780.688012339,1567428.56756484,POINT (-2162780.688012339 1567428.56756484)
164178,10130,818,1,41.910000000000004,14.630400000000002,0.35,0.00148708925683,-2162781.821387558,1567406.475460154,POINT (-2162781.821387558 1567406.475460154)
164172,10130,818,1,49.53,15.24,0.8,0.00148708925683,-2162787.381189764,1567448.0893837074,POINT (-2162787.381189764 1567448.0893837074)
164179,10130,818,1,51.815999999999995,5.7912,0.55,0.00148708925683,-2162796.7654601256,1567442.083233073,POINT (-2162796.7654601256 1567442.083233073)
164173,10130,818,2,37.846000000000004,9.7536,,0.00148708925683,-2162789.1048947526,1567444.9971571646,POINT (-2162789.1048947526 1567444.9971571646)
164178,10130,818,1,41.910000000000004,14.630400000000002,0.35,0.00148708925683,-2162781.682480851,1567436.4153472737,POINT (-2162781.682480851 1567436.4153472737)
182413,10134,801,1,53.086,14.325600000000001,0.45,0.00148708925683,-2162557.8555487073,1567816.8551465375,POINT (-2162557.8555487073 1567816.8551465375)
182410,10134,801,1,40.132000000000005,16.154400000000003,0.6,0.00148708925683,-2162535.85852514,1567805.1051157843,POINT (-2162535.85852514 1567805.1051157843)
182410,10134,801,1,40.132000000000005,16.154400000000003,0.6,0.00148708925683,-2162556.35781105,1567799.2338497262,POINT (-2162556.35781105 1567799.2338497262)
182411,10134,801,1,41.910000000000004,15.24,0.6,0.00148708925683,-2162556.772586507,1567799.877165978,POINT (-2162556.772586507 1567799.877165978)
182413,10134,801,1,53.086,14.325600000000001,0.45,0.00148708925683,-2162668.171480746,1567294.7243181977,POINT (-2162668.171480746 1567294.7243181977)
182413,10134,801,1,53.086,14.325600000000001,0.45,0.00148708925683,-2162681.60225351,1567286.1311084025,POINT (-2162681.60225351 1567286.1311084025)
182410,10134,801,1,40.132000000000005,16.154400000000003,0.6,0.00148708925683,-2162544.912966864,1567805.3420999371,POINT (-2162544.912966864 1567805.3420999371)
182409,10134,801,1,30.733999999999998,12.8016,0.65,0.00148708925683,-2162776.216962783,1567195.5531582753,POINT (-2162776.216962783 1567195.5531582753)
182411,10134,801,1,41.910000000000004,15.24,0.6,0.00148708925683,-2162746.6453863364,1567196.959956505,POINT (-2162746.6453863364 1567196.959956505)
182413,10134,801,1,53.086,14.325600000000001,0.45,0.00148708925683,-2162798.250626654,1567185.69300197,POINT (-2162798.250626654 1567185.69300197)
182407,10134,801,1,31.242,10.668000000000001,0.35,0.00148708925683,-2162790.4064407623,1567185.5949515721,POINT (-2162790.4064407623 1567185.5949515721)
182413,10134,801,1,53.086,14.325600000000001,0.45,0.00148708925683,-2162791.3886340996,1567192.89206391,POINT (-2162791.3886340996 1567192.89206391)
182408,10134,801,1,39.878,14.325600000000001,0.65,0.00148708925683,-2162531.3814087487,1567796.0675320511,POINT (-2162531.3814087487 1567796.0675320511)
182408,10134,801,1,39.878,14.325600000000001,0.65,0.00148708925683,-2162536.8297944516,1567675.0132040023,POINT (-2162536.8297944516 1567675.0132040023)
182406,10134,801,1,29.464,11.277600000000001,0.65,0.00148708925683,-2162712.582001442,1567131.382340292,POINT (-2162712.582001442 1567131.382340292)
182413,10134,801,1,53.086,14.325600000000001,0.45,0.00148708925683,-2162547.2036650646,1567687.5231003524,POINT (-2162547.2036650646 1567687.5231003524)
182413,10134,801,1,53.086,14.325600000000001,0.45,0.00148708925683,-2162779.049190402,1567251.5515014888,POINT (-2162779.049190402 1567251.5515014888)
182412,10134,801,1,15.494,7.315200000000001,0.5,0.00148708925683,-2162723.936342819,1567126.8334623876,POINT (-2162723.936342819 1567126.8334623876)
182409,10134,801,1,30.733999999999998,12.8016,0.65,0.00148708925683,-2162696.4721717103,1567130.5716105914,POINT (-2162696.4721717103 1567130.5716105914)
182410,10134,801,1,40.132000000000005,16.154400000000003,0.6,0.00148708925683,-2162705.057194798,1567129.955408909,POINT (-2162705.057194798 1567129.955408909)
182412,10134,801,1,15.494,7.315200000000001,0.5,0.00148708925683,-2162535.922633934,1567687.5837706316,POINT (-2162535.922633934 1567687.5837706316)
182411,10134,801,1,41.910000000000004,15.24,0.6,0.00148708925683,-2162696.335865974,1567146.2573810904,POINT (-2162696.335865974 1567146.2573810904)
182411,10134,801,1,41.910000000000004,15.24,0.6,0.00148708925683,-2162537.4019176355,1567688.4823425468,POINT (-2162537.4019176355 1567688.4823425468)
182406,10134,801,1,29.464,11.277600000000001,0.65,0.00148708925683,-2162776.1747446815,1567185.4612521809,POINT (-2162776.1747446815 1567185.4612521809)
182412,10134,801,1,15.494,7.315200000000001,0.5,0.00148708925683,-2162528.9263333827,1567678.691155413,POINT (-2162528.9263333827 1567678.691155413)
182406,10134,801,1,29.464,11.277600000000001,0.65,0.00148708925683,-2162794.624272829,1567246.5598381006,POINT (-2162794.624272829 1567246.5598381006)
182410,10134,801,1,40.132000000000005,16.154400000000003,0.6,0.00148708925683,-2162781.648089039,1567247.2033451574,POINT (-2162781.648089039 1567247.2033451574)
182406,10134,801,1,29.464,11.277600000000001,0.65,0.00148708925683,-2162666.0659229946,1567291.027415229,POINT (-2162666.0659229946 1567291.027415229)
182411,10134,801,1,41.910000000000004,15.24,0.6,0.00148708925683,-2162773.2750928053,1567243.8706336273,POINT (-2162773.2750928053 1567243.8706336273)
182408,10134,801,1,39.878,14.325600000000001,0.65,0.00148708925683,-2162680.1519359457,1567126.7150317726,POINT (-2162680.1519359457 1567126.7150317726)
182412,10134,801,1,15.494,7.315200000000001,0.5,0.00148708925683,-2162748.2373982705,1567179.1027827617,POINT (-2162748.2373982705 1567179.1027827617)
182412,10134,801,1,15.494,7.315200000000001,0.5,0.00148708925683,-2162780.7982486174,1567262.9862642095,POINT (-2162780.7982486174 1567262.9862642095)
182410,10134,801,1,40.132000000000005,16.154400000000003,0.6,0.00148708925683,-2162772.186939905,1567256.4822752825,POINT (-2162772.186939905 1567256.4822752825)
182412,10134,801,1,15.494,7.315200000000001,0.5,0.00148708925683,-2162771.774310183,1567264.7366947036,POINT (-2162771.774310183 1567264.7366947036)
182409,10134,801,1,30.733999999999998,12.8016,0.65,0.00148708925683,-2162778.7810431505,1567258.4462508252,POINT (-2162778.7810431505 1567258.4462508252)
182413,10134,801,1,53.086,14.325600000000001,0.45,0.00148708925683,-2162539.958082222,1567660.718177185,POINT (-2162539.958082222 1567660.718177185)
182412,10134,801,1,15.494,7.315200000000001,0.5,0.00148708925683,-2162778.349255477,1567186.1726688726,POINT (-2162778.349255477 1567186.1726688726)
182406,10134,801,1,29.464,11.277600000000001,0.65,0.00148708925683,-2162777.6145996028,1567189.6816415119,POINT (-2162777.6145996028 1567189.6816415119)
182413,10134,801,1,53.086,14.325600000000001,0.45,0.00148708925683,-2162772.9172249166,1567182.4223745037,POINT (-2162772.9172249166 1567182.4223745037)
182410,10134,801,1,40.132000000000005,16.154400000000003,0.6,0.00148708925683,-2162757.945014201,1567192.067366518,POINT (-2162757.945014201 1567192.067366518)
182413,10134,801,1,53.086,14.325600000000001,0.45,0.00148708925683,-2162778.025852442,1567268.6011142228,POINT (-2162778.025852442 1567268.6011142228)
182411,10134,801,1,41.910000000000004,15.24,0.6,0.00148708925683,-2162747.9071571557,1567189.5609514336,POINT (-2162747.9071571557 1567189.5609514336)
182409,10134,801,1,30.733999999999998,12.8016,0.65,0.00148708925683,-2162743.300354609,1567182.7342634443,POINT (-2162743.300354609 1567182.7342634443)
182412,10134,801,1,15.494,7.315200000000001,0.5,0.00148708925683,-2162771.9778826484,1567173.0972746727,POINT (-2162771.9778826484 1567173.0972746727)
182409,10134,801,1,30.733999999999998,12.8016,0.65,0.00148708925683,-2162786.1069378494,1567165.4554764691,POINT (-2162786.1069378494 1567165.4554764691)
182407,10134,801,1,31.242,10.668000000000001,0.35,0.00148708925683,-2162792.4620106965,1567167.4187143906,POINT (-2162792.4620106965 1567167.4187143906)
182408,10134,801,1,39.878,14.325600000000001,0.65,0.00148708925683,-2162789.1795040374,1567171.3712540725,POINT (-2162789.1795040374 1567171.3712540725)
182409,10134,801,1,30.733999999999998,12.8016,0.65,0.00148708925683,-2162784.415981122,1567174.2977160127,POINT (-2162784.415981122 1567174.2977160127)
182411,10134,801,1,41.910000000000004,15.24,0.6,0.00148708925683,-2162777.3319085436,1567165.9242617507,POINT (-2162777.3319085436 1567165.9242617507)
182408,10134,801,1,39.878,14.325600000000001,0.65,0.00148708925683,-2162557.001669095,1567673.8069775952,POINT (-2162557.001669095 1567673.8069775952)
182407,10134,801,1,31.242,10.668000000000001,0.35,0.00148708925683,-2162685.2217494254,1567141.864628706,POINT (-2162685.2217494254 1567141.864628706)
182409,10134,801,1,30.733999999999998,12.8016,0.65,0.00148708925683,-2162681.264057701,1567140.1873318509,POINT (-2162681.264057701 1567140.1873318509)
182412,10134,801,1,15.494,7.315200000000001,0.5,0.00148708925683,-2162693.0010186126,1567148.4965200326,POINT (-2162693.0010186126 1567148.4965200326)
182411,10134,801,1,41.910000000000004,15.24,0.6,0.00148708925683,-2162531.3616535505,1567670.5913376757,POINT (-2162531.3616535505 1567670.5913376757)
182411,10134,801,1,41.910000000000004,15.24,0.6,0.00148708925683,-2162787.7053484144,1567207.0665763083,POINT (-2162787.7053484144 1567207.0665763083)
182408,10134,801,1,39.878,14.325600000000001,0.65,0.00148708925683,-2162527.057589676,1567662.5237422965,POINT (-2162527.057589676 1567662.5237422965)
182408,10134,801,1,39.878,14.325600000000001,0.65,0.00148708925683,-2162683.1728527425,1567141.9323335094,POINT (-2162683.1728527425 1567141.9323335094)
182410,10134,801,1,40.132000000000005,16.154400000000003,0.6,0.00148708925683,-2162794.588858753,1567200.9818765307,POINT (-2162794.588858753 1567200.9818765307)
182406,10134,801,1,29.464,11.277600000000001,0.65,0.00148708925683,-2162701.119841266,1567142.4767955332,POINT (-2162701.119841266 1567142.4767955332)
182412,10134,801,1,15.494,7.315200000000001,0.5,0.00148708925683,-2162786.13881092,1567204.4204498252,POINT (-2162786.13881092 1567204.4204498252)
182409,10134,801,1,30.733999999999998,12.8016,0.65,0.00148708925683,-2162787.8960566516,1567202.8467009277,POINT (-2162787.8960566516 1567202.8467009277)
182413,10134,801,1,53.086,14.325600000000001,0.45,0.00148708925683,-2162785.859065261,1567205.6309674324,POINT (-2162785.859065261 1567205.6309674324)
182407,10134,801,1,31.242,10.668000000000001,0.35,0.00148708925683,-2162794.465965726,1567201.9515666598,POINT (-2162794.465965726 1567201.9515666598)
182411,10134,801,1,41.910000000000004,15.24,0.6,0.00148708925683,-2162558.912761808,1567671.3769050338,POINT (-2162558.912761808 1567671.3769050338)
182408,10134,801,1,39.878,14.325600000000001,0.65,0.00148708925683,-2162794.107180666,1567264.0943482283,POINT (-2162794.107180666 1567264.0943482283)
182410,10134,801,1,40.132000000000005,16.154400000000003,0.6,0.00148708925683,-2162785.6238510446,1567263.6935027358,POINT (-2162785.6238510446 1567263.6935027358)
182410,10134,801,1,40.132000000000005,16.154400000000003,0.6,0.00148708925683,-2162790.41385987,1567153.240508043,POINT (-2162790.41385987 1567153.240508043)
182408,10134,801,1,39.878,14.325600000000001,0.65,0.00148708925683,-2162791.3786635455,1567149.8886436194,POINT (-2162791.3786635455 1567149.8886436194)
182409,10134,801,1,30.733999999999998,12.8016,0.65,0.00148708925683,-2162788.5421061846,1567159.7816224485,POINT (-2162788.5421061846 1567159.7816224485)
182410,10134,801,1,40.132000000000005,16.154400000000003,0.6,0.00148708925683,-2162795.0684204674,1567162.9267669832,POINT (-2162795.0684204674 1567162.9267669832)
182406,10134,801,1,29.464,11.277600000000001,0.65,0.00148708925683,-2162782.98272264,1567155.4757722684,POINT (-2162782.98272264 1567155.4757722684)
182413,10134,801,1,53.086,14.325600000000001,0.45,0.00148708925683,-2162540.431789444,1567803.265835568,POINT (-2162540.431789444 1567803.265835568)
182413,10134,801,1,53.086,14.325600000000001,0.45,0.00148708925683,-2162521.0855753873,1567812.6535764632,POINT (-2162521.0855753873 1567812.6535764632)
182412,10134,801,1,15.494,7.315200000000001,0.5,0.00148708925683,-2162524.006762536,1567816.4656707325,POINT (-2162524.006762536 1567816.4656707325)
182407,10134,801,1,31.242,10.668000000000001,0.35,0.00148708925683,-2162580.720534433,1567719.1555254248,POINT (-2162580.720534433 1567719.1555254248)
182411,10134,801,1,41.910000000000004,15.24,0.6,0.00148708925683,-2162535.498733256,1567794.105663819,POINT (-2162535.498733256 1567794.105663819)
182411,10134,801,1,41.910000000000004,15.24,0.6,0.00148708925683,-2162790.0560244517,1567151.854315971,POINT (-2162790.0560244517 1567151.854315971)
182409,10134,801,1,30.733999999999998,12.8016,0.65,0.00148708925683,-2162776.1816941793,1567152.9704615076,POINT (-2162776.1816941793 1567152.9704615076)
182413,10134,801,1,53.086,14.325600000000001,0.45,0.00148708925683,-2162532.886515116,1567804.3836448314,POINT (-2162532.886515116 1567804.3836448314)
182410,10134,801,1,40.132000000000005,16.154400000000003,0.6,0.00148708925683,-2162548.362686017,1567811.0704019486,POINT (-2162548.362686017 1567811.0704019486)
182406,10134,801,1,29.464,11.277600000000001,0.65,0.00148708925683,-2162589.714262866,1567710.4755365665,POINT (-2162589.714262866 1567710.4755365665)
182408,10134,801,1,39.878,14.325600000000001,0.65,0.00148708925683,-2162595.842378528,1567705.2359124147,POINT (-2162595.842378528 1567705.2359124147)
182411,10134,801,1,41.910000000000004,15.24,0.6,0.00148708925683,-2162547.976552495,1567787.7156812716,POINT (-2162547.976552495 1567787.7156812716)
182412,10134,801,1,15.494,7.315200000000001,0.5,0.00148708925683,-2162557.210021779,1567788.916229062,POINT (-2162557.210021779 1567788.916229062)
182410,10134,801,1,40.132000000000005,16.154400000000003,0.6,0.00148708925683,-2162531.62640603,1567779.3464793377,POINT (-2162531.62640603 1567779.3464793377)
182407,10134,801,1,31.242,10.668000000000001,0.35,0.00148708925683,-2162568.8338925177,1567689.1752414538,POINT (-2162568.8338925177 1567689.1752414538)
182409,10134,801,1,30.733999999999998,12.8016,0.65,0.00148708925683,-2162559.072824035,1567694.0594098442,POINT (-2162559.072824035 1567694.0594098442)
182407,10134,801,1,31.242,10.668000000000001,0.35,0.00148708925683,-2162555.0020298352,1567837.4398528235,POINT (-2162555.0020298352 1567837.4398528235)
182411,10134,801,1,41.910000000000004,15.24,0.6,0.00148708925683,-2162777.536693312,1567152.4688191467,POINT (-2162777.536693312 1567152.4688191467)
182408,10134,801,1,39.878,14.325600000000001,0.65,0.00148708925683,-2162590.2844841075,1567715.4540847042,POINT (-2162590.2844841075 1567715.4540847042)
182408,10134,801,1,39.878,14.325600000000001,0.65,0.00148708925683,-2162533.8715063618,1567787.6428503552,POINT (-2162533.8715063618 1567787.6428503552)
182412,10134,801,1,15.494,7.315200000000001,0.5,0.00148708925683,-2162525.9252110412,1567824.9588183335,POINT (-2162525.9252110412 1567824.9588183335)
182410,10134,801,1,40.132000000000005,16.154400000000003,0.6,0.00148708925683,-2162521.5924046976,1567831.0663788565,POINT (-2162521.5924046976 1567831.0663788565)
182410,10134,801,1,40.132000000000005,16.154400000000003,0.6,0.00148708925683,-2162527.572258573,1567838.8879773975,POINT (-2162527.572258573 1567838.8879773975)
182409,10134,801,1,30.733999999999998,12.8016,0.65,0.00148708925683,-2162783.4844561224,1567180.224409596,POINT (-2162783.4844561224 1567180.224409596)
182412,10134,801,1,15.494,7.315200000000001,0.5,0.00148708925683,-2162783.179263819,1567165.341189699,POINT (-2162783.179263819 1567165.341189699)
182413,10134,801,1,53.086,14.325600000000001,0.45,0.00148708925683,-2162770.6447840324,1567172.4771501175,POINT (-2162770.6447840324 1567172.4771501175)
182409,10134,801,1,30.733999999999998,12.8016,0.65,0.00148708925683,-2162780.000971733,1567174.708151285,POINT (-2162780.000971733 1567174.708151285)
182413,10134,801,1,53.086,14.325600000000001,0.45,0.00148708925683,-2162563.3146740664,1567695.8067575966,POINT (-2162563.3146740664 1567695.8067575966)
182410,10134,801,1,40.132000000000005,16.154400000000003,0.6,0.00148708925683,-2162547.20596531,1567837.2239584436,POINT (-2162547.20596531 1567837.2239584436)
182407,10134,801,1,31.242,10.668000000000001,0.35,0.00148708925683,-2162555.962414341,1567787.3108946127,POINT (-2162555.962414341 1567787.3108946127)
182406,10134,801,1,29.464,11.277600000000001,0.65,0.00148708925683,-2162549.99570548,1567834.5503249946,POINT (-2162549.99570548 1567834.5503249946)
182409,10134,801,1,30.733999999999998,12.8016,0.65,0.00148708925683,-2162772.8401637976,1567169.1887446411,POINT (-2162772.8401637976 1567169.1887446411)
182408,10134,801,1,39.878,14.325600000000001,0.65,0.00148708925683,-2162546.772426679,1567783.7523404267,POINT (-2162546.772426679 1567783.7523404267)
182413,10134,801,1,53.086,14.325600000000001,0.45,0.00148708925683,-2162553.859558117,1567782.7615302873,POINT (-2162553.859558117 1567782.7615302873)
182407,10134,801,1,31.242,10.668000000000001,0.35,0.00148708925683,-2162778.1705501545,1567170.5251710298,POINT (-2162778.1705501545 1567170.5251710298)
182411,10134,801,1,41.910000000000004,15.24,0.6,0.00148708925683,-2162747.668257171,1567189.9287690213,POINT (-2162747.668257171 1567189.9287690213)
182413,10134,801,1,53.086,14.325600000000001,0.45,0.00148708925683,-2162541.142575396,1567809.0315115172,POINT (-2162541.142575396 1567809.0315115172)
182412,10134,801,1,15.494,7.315200000000001,0.5,0.00148708925683,-2162572.0552545153,1567700.0143505237,POINT (-2162572.0552545153 1567700.0143505237)
182409,10134,801,1,30.733999999999998,12.8016,0.65,0.00148708925683,-2162523.9315536884,1567821.332891836,POINT (-2162523.9315536884 1567821.332891836)
182412,10134,801,1,15.494,7.315200000000001,0.5,0.00148708925683,-2162718.7949283705,1567142.49602727,POINT (-2162718.7949283705 1567142.49602727)
182412,10134,801,1,15.494,7.315200000000001,0.5,0.00148708925683,-2162705.6462214286,1567146.8607684753,POINT (-2162705.6462214286 1567146.8607684753)
182413,10134,801,1,53.086,14.325600000000001,0.45,0.00148708925683,-2162540.082803279,1567798.8376935327,POINT (-2162540.082803279 1567798.8376935327)
182410,10134,801,1,40.132000000000005,16.154400000000003,0.6,0.00148708925683,-2162579.672113713,1567708.8603526151,POINT (-2162579.672113713 1567708.8603526151)
182408,10134,801,1,39.878,14.325600000000001,0.65,0.00148708925683,-2162575.107014235,1567707.1791114085,POINT (-2162575.107014235 1567707.1791114085)
182409,10134,801,1,30.733999999999998,12.8016,0.65,0.00148708925683,-2162584.1098126965,1567714.3948721013,POINT (-2162584.1098126965 1567714.3948721013)
182412,10134,801,1,15.494,7.315200000000001,0.5,0.00148708925683,-2162598.7144661127,1567715.3240293616,POINT (-2162598.7144661127 1567715.3240293616)
182410,10134,801,1,40.132000000000005,16.154400000000003,0.6,0.00148708925683,-2162536.833447751,1567806.6521257926,POINT (-2162536.833447751 1567806.6521257926)
182409,10134,801,1,30.733999999999998,12.8016,0.65,0.00148708925683,-2162707.889644897,1567144.282163304,POINT (-2162707.889644897 1567144.282163304)
182413,10134,801,1,53.086,14.325600000000001,0.45,0.00148708925683,-2162557.3619442973,1567810.4290555303,POINT (-2162557.3619442973 1567810.4290555303)
182408,10134,801,1,39.878,14.325600000000001,0.65,0.00148708925683,-2162556.9998049494,1567829.521313618,POINT (-2162556.9998049494 1567829.521313618)
182411,10134,801,1,41.910000000000004,15.24,0.6,0.00148708925683,-2162534.80205439,1567838.1084812244,POINT (-2162534.80205439 1567838.1084812244)
182407,10134,801,1,31.242,10.668000000000001,0.35,0.00148708925683,-2162551.8939972916,1567832.7631877412,POINT (-2162551.8939972916 1567832.7631877412)
182412,10134,801,1,15.494,7.315200000000001,0.5,0.00148708925683,-2162533.989967511,1567830.0437394879,POINT (-2162533.989967511 1567830.0437394879)
182410,10134,801,1,40.132000000000005,16.154400000000003,0.6,0.00148708925683,-2162566.316910916,1567698.9462070153,POINT (-2162566.316910916 1567698.9462070153)
182408,10134,801,1,39.878,14.325600000000001,0.65,0.00148708925683,-2162572.9042355292,1567693.6708642053,POINT (-2162572.9042355292 1567693.6708642053)
182407,10134,801,1,31.242,10.668000000000001,0.35,0.00148708925683,-2162534.998990424,1567832.4864948671,POINT (-2162534.998990424 1567832.4864948671)
182408,10134,801,1,39.878,14.325600000000001,0.65,0.00148708925683,-2162586.2970147594,1567700.1202297937,POINT (-2162586.2970147594 1567700.1202297937)
182412,10134,801,1,15.494,7.315200000000001,0.5,0.00148708925683,-2162555.6578374826,1567810.3032989174,POINT (-2162555.6578374826 1567810.3032989174)
182413,10134,801,1,53.086,14.325600000000001,0.45,0.00148708925683,-2162713.1699564173,1567140.669934365,POINT (-2162713.1699564173 1567140.669934365)
182412,10134,801,1,15.494,7.315200000000001,0.5,0.00148708925683,-2162710.457249977,1567145.186871225,POINT (-2162710.457249977 1567145.186871225)
182411,10134,801,1,41.910000000000004,15.24,0.6,0.00148708925683,-2162538.0289683393,1567820.7321773795,POINT (-2162538.0289683393 1567820.7321773795)
182410,10134,801,1,40.132000000000005,16.154400000000003,0.6,0.00148708925683,-2162558.019385578,1567696.3030893414,POINT (-2162558.019385578 1567696.3030893414)
182413,10134,801,1,53.086,14.325600000000001,0.45,0.00148708925683,-2162532.7003568746,1567817.52035393,POINT (-2162532.7003568746 1567817.52035393)
182412,10134,801,1,15.494,7.315200000000001,0.5,0.00148708925683,-2162526.8472023457,1567819.805998068,POINT (-2162526.8472023457 1567819.805998068)
182412,10134,801,1,15.494,7.315200000000001,0.5,0.00148708925683,-2162542.898338691,1567322.0923878564,POINT (-2162542.898338691 1567322.0923878564)
182408,10134,801,1,39.878,14.325600000000001,0.65,0.00148708925683,-2162522.6970133265,1567322.5433275655,POINT (-2162522.6970133265 1567322.5433275655)
182411,10134,801,1,41.910000000000004,15.24,0.6,0.00148708925683,-2162584.0966021228,1567691.5864008144,POINT (-2162584.0966021228 1567691.5864008144)
182412,10134,801,1,15.494,7.315200000000001,0.5,0.00148708925683,-2162582.0719968174,1567695.1498518565,POINT (-2162582.0719968174 1567695.1498518565)
182409,10134,801,1,30.733999999999998,12.8016,0.65,0.00148708925683,-2162671.235819633,1567282.745191315,POINT (-2162671.235819633 1567282.745191315)
182410,10134,801,1,40.132000000000005,16.154400000000003,0.6,0.00148708925683,-2162678.2540197903,1567277.5882791965,POINT (-2162678.2540197903 1567277.5882791965)
182407,10134,801,1,31.242,10.668000000000001,0.35,0.00148708925683,-2162673.348357212,1567278.5666776442,POINT (-2162673.348357212 1567278.5666776442)
182413,10134,801,1,53.086,14.325600000000001,0.45,0.00148708925683,-2162673.0582406637,1567275.7148407553,POINT (-2162673.0582406637 1567275.7148407553)
182408,10134,801,1,39.878,14.325600000000001,0.65,0.00148708925683,-2162528.415253432,1567816.1994662478,POINT (-2162528.415253432 1567816.1994662478)
182411,10134,801,1,41.910000000000004,15.24,0.6,0.00148708925683,-2162667.7356610643,1567285.3582976824,POINT (-2162667.7356610643 1567285.3582976824)
182410,10134,801,1,40.132000000000005,16.154400000000003,0.6,0.00148708925683,-2162663.6896924144,1567290.2609080467,POINT (-2162663.6896924144 1567290.2609080467)
218582,10781,807,1,11.43,3.9624,0.3,0.0185242955144,-2162764.7390629794,1567560.2327409321,POINT (-2162764.7390629794 1567560.2327409321)
218583,10781,807,1,10.414,5.1816,0.45,0.0185242955144,-2162761.2540173777,1567561.3915792052,POINT (-2162761.2540173777 1567561.3915792052)
218582,10781,807,1,11.43,3.9624,0.3,0.0185242955144,-2162765.6323806765,1567558.3153374817,POINT (-2162765.6323806765 1567558.3153374817)
218577,10781,807,1,14.223999999999998,5.486400000000001,0.6,0.00148708925683,-2162757.414584661,1567558.554729428,POINT (-2162757.414584661 1567558.554729428)
218579,10781,807,1,20.573999999999998,7.010400000000001,0.5,0.00148708925683,-2162746.781499516,1567561.952270222,POINT (-2162746.781499516 1567561.952270222)
218582,10781,807,1,11.43,3.9624,0.3,0.0185242955144,-2162759.09031914,1567564.457650214,POINT (-2162759.09031914 1567564.457650214)
218584,10781,807,1,13.97,4.572,0.55,0.00148708925683,-2162757.295431651,1567560.7823008306,POINT (-2162757.295431651 1567560.7823008306)
218583,10781,807,1,10.414,5.1816,0.45,0.0185242955144,-2162739.2682660557,1567566.5997324756,POINT (-2162739.2682660557 1567566.5997324756)
218583,10781,807,1,10.414,5.1816,0.45,0.0185242955144,-2162759.967348749,1567559.1811679283,POINT (-2162759.967348749 1567559.1811679283)
218580,10781,807,1,23.622000000000003,6.096,0.7,0.00148708925683,-2162760.113337481,1567550.9187405943,POINT (-2162760.113337481 1567550.9187405943)
218582,10781,807,1,11.43,3.9624,0.3,0.0185242955144,-2162754.998846713,1567543.1327211838,POINT (-2162754.998846713 1567543.1327211838)
218583,10781,807,1,10.414,5.1816,0.45,0.0185242955144,-2162744.7065524645,1567549.0712058991,POINT (-2162744.7065524645 1567549.0712058991)
218582,10781,807,1,11.43,3.9624,0.3,0.0185242955144,-2162749.1269413778,1567553.7464088043,POINT (-2162749.1269413778 1567553.7464088043)
218583,10781,807,1,10.414,5.1816,0.45,0.0185242955144,-2162757.0515046413,1567553.7264386478,POINT (-2162757.0515046413 1567553.7264386478)
218583,10781,807,1,10.414,5.1816,0.45,0.0185242955144,-2162765.31780728,1567555.2513319294,POINT (-2162765.31780728 1567555.2513319294)
218579,10781,807,1,20.573999999999998,7.010400000000001,0.5,0.00148708925683,-2162739.6964189406,1567553.7745819557,POINT (-2162739.6964189406 1567553.7745819557)
218579,10781,807,1,20.573999999999998,7.010400000000001,0.5,0.00148708925683,-2162767.0032342398,1567558.75345865,POINT (-2162767.0032342398 1567558.75345865)
218582,10781,807,1,11.43,3.9624,0.3,0.0185242955144,-2162756.5702095726,1567544.015580945,POINT (-2162756.5702095726 1567544.015580945)
218583,10781,807,1,10.414,5.1816,0.45,0.0185242955144,-2162754.4646014287,1567549.3878000416,POINT (-2162754.4646014287 1567549.3878000416)
218580,10781,807,1,23.622000000000003,6.096,0.7,0.00148708925683,-2162759.329935515,1567546.7132636537,POINT (-2162759.329935515 1567546.7132636537)
240143,11105,839,1,3.5559999999999996,3.3528000000000002,0.45,0.0185242955144,-2162702.7966233892,1567591.3304584315,POINT (-2162702.7966233892 1567591.3304584315)
240148,11105,805,1,28.194,8.2296,0.4,0.00148708925683,-2162687.867764845,1567571.001152016,POINT (-2162687.867764845 1567571.001152016)
240144,11105,839,1,2.54,2.4384,0.3,0.0185242955144,-2162692.2101061535,1567576.7190693496,POINT (-2162692.2101061535 1567576.7190693496)
240143,11105,839,1,3.5559999999999996,3.3528000000000002,0.45,0.0185242955144,-2162699.224217101,1567578.649444711,POINT (-2162699.224217101 1567578.649444711)
240145,11105,805,1,28.702,7.010400000000001,0.15,0.00148708925683,-2162790.4866649336,1567758.297436749,POINT (-2162790.4866649336 1567758.297436749)
240142,11105,839,1,4.826,3.6576000000000004,0.5,0.0185242955144,-2162785.610554326,1567756.5760050733,POINT (-2162785.610554326 1567756.5760050733)
240143,11105,839,1,3.5559999999999996,3.3528000000000002,0.45,0.0185242955144,-2162795.1443953705,1567749.9816561304,POINT (-2162795.1443953705 1567749.9816561304)
240143,11105,839,1,3.5559999999999996,3.3528000000000002,0.45,0.0185242955144,-2162796.6016801004,1567778.2363203398,POINT (-2162796.6016801004 1567778.2363203398)
240143,11105,839,1,3.5559999999999996,3.3528000000000002,0.45,0.0185242955144,-2162792.494378394,1567767.9553935062,POINT (-2162792.494378394 1567767.9553935062)
240143,11105,839,1,3.5559999999999996,3.3528000000000002,0.45,0.0185242955144,-2162798.1627176823,1567775.5101863453,POINT (-2162798.1627176823 1567775.5101863453)
240144,11105,839,1,2.54,2.4384,0.3,0.0185242955144,-2162793.3202713556,1567769.8629804535,POINT (-2162793.3202713556 1567769.8629804535)
240142,11105,839,1,4.826,3.6576000000000004,0.5,0.0185242955144,-2162695.0642782324,1567579.3324988692,POINT (-2162695.0642782324 1567579.3324988692)
240146,11105,805,2,18.288,3.048,,0.00148708925683,-2162694.3572315783,1567583.1781222364,POINT (-2162694.3572315783 1567583.1781222364)
240143,11105,839,1,3.5559999999999996,3.3528000000000002,0.45,0.0185242955144,-2162697.8672169847,1567575.272607497,POINT (-2162697.8672169847 1567575.272607497)
240142,11105,839,1,4.826,3.6576000000000004,0.5,0.0185242955144,-2162703.560266271,1567569.7355660722,POINT (-2162703.560266271 1567569.7355660722)
240143,11105,839,1,3.5559999999999996,3.3528000000000002,0.45,0.0185242955144,-2162791.5172121753,1567759.6364058997,POINT (-2162791.5172121753 1567759.6364058997)
240144,11105,839,1,2.54,2.4384,0.3,0.0185242955144,-2162704.961373146,1567593.0410197172,POINT (-2162704.961373146 1567593.0410197172)
240144,11105,839,1,2.54,2.4384,0.3,0.0185242955144,-2162789.4188444507,1567764.7252069511,POINT (-2162789.4188444507 1567764.7252069511)
240144,11105,839,1,2.54,2.4384,0.3,0.0185242955144,-2162783.870241586,1567767.9564804935,POINT (-2162783.870241586 1567767.9564804935)
240144,11105,839,1,2.54,2.4384,0.3,0.0185242955144,-2162696.2428912697,1567595.3113317755,POINT (-2162696.2428912697 1567595.3113317755)
240144,11105,839,1,2.54,2.4384,0.3,0.0185242955144,-2162697.042349357,1567598.4936022505,POINT (-2162697.042349357 1567598.4936022505)
240142,11105,839,1,4.826,3.6576000000000004,0.5,0.0185242955144,-2162685.229207016,1567591.74228349,POINT (-2162685.229207016 1567591.74228349)
240143,11105,839,1,3.5559999999999996,3.3528000000000002,0.45,0.0185242955144,-2162684.5901614674,1567590.5015861879,POINT (-2162684.5901614674 1567590.5015861879)
240143,11105,839,1,3.5559999999999996,3.3528000000000002,0.45,0.0185242955144,-2162777.374193466,1567770.259692656,POINT (-2162777.374193466 1567770.259692656)
240142,11105,839,1,4.826,3.6576000000000004,0.5,0.0185242955144,-2162779.4035464604,1567768.0545827905,POINT (-2162779.4035464604 1567768.0545827905)
240142,11105,839,1,4.826,3.6576000000000004,0.5,0.0185242955144,-2162780.5188557203,1567777.5484977164,POINT (-2162780.5188557203 1567777.5484977164)
240143,11105,839,1,3.5559999999999996,3.3528000000000002,0.45,0.0185242955144,-2162690.8287796443,1567598.86782523,POINT (-2162690.8287796443 1567598.86782523)
240142,11105,839,1,4.826,3.6576000000000004,0.5,0.0185242955144,-2162682.663063559,1567598.7812482747,POINT (-2162682.663063559 1567598.7812482747)
240142,11105,839,1,4.826,3.6576000000000004,0.5,0.0185242955144,-2162687.543480032,1567595.4647730219,POINT (-2162687.543480032 1567595.4647730219)
240144,11105,839,1,2.54,2.4384,0.3,0.0185242955144,-2162786.092447334,1567774.2599325555,POINT (-2162786.092447334 1567774.2599325555)
240144,11105,839,1,2.54,2.4384,0.3,0.0185242955144,-2162695.1817623395,1567586.1606660753,POINT (-2162695.1817623395 1567586.1606660753)
240143,11105,839,1,3.5559999999999996,3.3528000000000002,0.45,0.0185242955144,-2162703.621672998,1567588.3512971988,POINT (-2162703.621672998 1567588.3512971988)
240144,11105,839,1,2.54,2.4384,0.3,0.0185242955144,-2162697.203741438,1567588.9455676805,POINT (-2162697.203741438 1567588.9455676805)
240142,11105,839,1,4.826,3.6576000000000004,0.5,0.0185242955144,-2162705.2186460374,1567595.133550381,POINT (-2162705.2186460374 1567595.133550381)
240144,11105,839,1,2.54,2.4384,0.3,0.0185242955144,-2162700.8619312076,1567594.369022167,POINT (-2162700.8619312076 1567594.369022167)
240148,11105,805,1,28.194,8.2296,0.4,0.00148708925683,-2162705.3020679043,1567593.036421149,POINT (-2162705.3020679043 1567593.036421149)
240143,11105,839,1,3.5559999999999996,3.3528000000000002,0.45,0.0185242955144,-2162702.592253844,1567588.0539388019,POINT (-2162702.592253844 1567588.0539388019)
240142,11105,839,1,4.826,3.6576000000000004,0.5,0.0185242955144,-2162697.833557209,1567598.8852577587,POINT (-2162697.833557209 1567598.8852577587)
240142,11105,839,1,4.826,3.6576000000000004,0.5,0.0185242955144,-2162698.612139356,1567591.5741397666,POINT (-2162698.612139356 1567591.5741397666)
240142,11105,839,1,4.826,3.6576000000000004,0.5,0.0185242955144,-2162703.4329156824,1567597.8204228512,POINT (-2162703.4329156824 1567597.8204228512)
240143,11105,839,1,3.5559999999999996,3.3528000000000002,0.45,0.0185242955144,-2162520.102287025,1567355.501527727,POINT (-2162520.102287025 1567355.501527727)
240142,11105,839,1,4.826,3.6576000000000004,0.5,0.0185242955144,-2162778.307674529,1567786.6115731073,POINT (-2162778.307674529 1567786.6115731073)
240144,11105,839,1,2.54,2.4384,0.3,0.0185242955144,-2162770.4375772546,1567754.1446725957,POINT (-2162770.4375772546 1567754.1446725957)
240144,11105,839,1,2.54,2.4384,0.3,0.0185242955144,-2162781.253141541,1567762.873271496,POINT (-2162781.253141541 1567762.873271496)
240147,11105,805,1,28.702,7.315200000000001,0.2,0.00148708925683,-2162686.4824482594,1567571.4467109307,POINT (-2162686.4824482594 1567571.4467109307)
240142,11105,839,1,4.826,3.6576000000000004,0.5,0.0185242955144,-2162687.9026956256,1567570.5702477456,POINT (-2162687.9026956256 1567570.5702477456)
240145,11105,805,1,28.702,7.010400000000001,0.15,0.00148708925683,-2162691.4950533654,1567572.1992875969,POINT (-2162691.4950533654 1567572.1992875969)
240143,11105,839,1,3.5559999999999996,3.3528000000000002,0.45,0.0185242955144,-2162684.184444197,1567580.8174016972,POINT (-2162684.184444197 1567580.8174016972)
240143,11105,839,1,3.5559999999999996,3.3528000000000002,0.45,0.0185242955144,-2162693.8593297084,1567571.5111748315,POINT (-2162693.8593297084 1567571.5111748315)
240144,11105,839,1,2.54,2.4384,0.3,0.0185242955144,-2162791.638250731,1567790.4871076676,POINT (-2162791.638250731 1567790.4871076676)
240144,11105,839,1,2.54,2.4384,0.3,0.0185242955144,-2162795.7435676116,1567783.5227140142,POINT (-2162795.7435676116 1567783.5227140142)
240143,11105,839,1,3.5559999999999996,3.3528000000000002,0.45,0.0185242955144,-2162786.135243614,1567789.079209016,POINT (-2162786.135243614 1567789.079209016)
240148,11105,805,1,28.194,8.2296,0.4,0.00148708925683,-2162777.094478484,1567789.2165003272,POINT (-2162777.094478484 1567789.2165003272)
240142,11105,839,1,4.826,3.6576000000000004,0.5,0.0185242955144,-2162776.2387946337,1567783.8642321564,POINT (-2162776.2387946337 1567783.8642321564)
240144,11105,839,1,2.54,2.4384,0.3,0.0185242955144,-2162774.394557221,1567754.601862105,POINT (-2162774.394557221 1567754.601862105)
240144,11105,839,1,2.54,2.4384,0.3,0.0185242955144,-2162783.6995384875,1567784.7106417387,POINT (-2162783.6995384875 1567784.7106417387)
240143,11105,839,1,3.5559999999999996,3.3528000000000002,0.45,0.0185242955144,-2162775.1747912695,1567784.5133712965,POINT (-2162775.1747912695 1567784.5133712965)
240143,11105,839,1,3.5559999999999996,3.3528000000000002,0.45,0.0185242955144,-2162790.476105386,1567786.0688839532,POINT (-2162790.476105386 1567786.0688839532)
240141,11105,805,1,19.558,7.315200000000001,0.2,0.00148708925683,-2162786.1845634296,1567781.562150639,POINT (-2162786.1845634296 1567781.562150639)
240142,11105,839,1,4.826,3.6576000000000004,0.5,0.0185242955144,-2162793.373098944,1567780.4566882397,POINT (-2162793.373098944 1567780.4566882397)
240142,11105,839,1,4.826,3.6576000000000004,0.5,0.0185242955144,-2162789.5809849314,1567793.0813269515,POINT (-2162789.5809849314 1567793.0813269515)
240143,11105,839,1,3.5559999999999996,3.3528000000000002,0.45,0.0185242955144,-2162784.8927729866,1567788.398370065,POINT (-2162784.8927729866 1567788.398370065)
240143,11105,839,1,3.5559999999999996,3.3528000000000002,0.45,0.0185242955144,-2162791.985682009,1567788.3790729188,POINT (-2162791.985682009 1567788.3790729188)
240142,11105,839,1,4.826,3.6576000000000004,0.5,0.0185242955144,-2162795.2354792077,1567782.3395915877,POINT (-2162795.2354792077 1567782.3395915877)
240143,11105,839,1,3.5559999999999996,3.3528000000000002,0.45,0.0185242955144,-2162694.858282359,1567597.8266385307,POINT (-2162694.858282359 1567597.8266385307)
240144,11105,839,1,2.54,2.4384,0.3,0.0185242955144,-2162789.1005098764,1567773.6322306911,POINT (-2162789.1005098764 1567773.6322306911)
240142,11105,839,1,4.826,3.6576000000000004,0.5,0.0185242955144,-2162522.1026032805,1567358.5696556757,POINT (-2162522.1026032805 1567358.5696556757)
240143,11105,839,1,3.5559999999999996,3.3528000000000002,0.45,0.0185242955144,-2162773.1180696553,1567787.957566812,POINT (-2162773.1180696553 1567787.957566812)
240144,11105,839,1,2.54,2.4384,0.3,0.0185242955144,-2162771.633042164,1567779.3675373713,POINT (-2162771.633042164 1567779.3675373713)
240143,11105,839,1,3.5559999999999996,3.3528000000000002,0.45,0.0185242955144,-2162796.0670012217,1567805.0783068219,POINT (-2162796.0670012217 1567805.0783068219)
240146,11105,805,2,18.288,3.048,,0.00148708925683,-2162788.6057693684,1567797.8121768166,POINT (-2162788.6057693684 1567797.8121768166)
240142,11105,839,1,4.826,3.6576000000000004,0.5,0.0185242955144,-2162782.031007384,1567808.5806627683,POINT (-2162782.031007384 1567808.5806627683)
240142,11105,839,1,4.826,3.6576000000000004,0.5,0.0185242955144,-2162786.567991482,1567804.882053071,POINT (-2162786.567991482 1567804.882053071)
240142,11105,839,1,4.826,3.6576000000000004,0.5,0.0185242955144,-2162787.0796575556,1567797.9681271727,POINT (-2162787.0796575556 1567797.9681271727)
240144,11105,839,1,2.54,2.4384,0.3,0.0185242955144,-2162788.2284967573,1567804.1436473124,POINT (-2162788.2284967573 1567804.1436473124)
240144,11105,839,1,2.54,2.4384,0.3,0.0185242955144,-2162794.5337346913,1567806.6366974525,POINT (-2162794.5337346913 1567806.6366974525)
240144,11105,839,1,2.54,2.4384,0.3,0.0185242955144,-2162792.6647406262,1567795.8879296305,POINT (-2162792.6647406262 1567795.8879296305)
240138,11105,127,1,72.39,31.0896,0.6,0.00024690435073999997,-2162793.066912121,1567803.0734128952,POINT (-2162793.066912121 1567803.0734128952)
240141,11105,805,1,19.558,7.315200000000001,0.2,0.00148708925683,-2162525.346571419,1567345.541181926,POINT (-2162525.346571419 1567345.541181926)
240141,11105,805,1,19.558,7.315200000000001,0.2,0.00148708925683,-2162787.4117324194,1567798.6102038047,POINT (-2162787.4117324194 1567798.6102038047)
240143,11105,839,1,3.5559999999999996,3.3528000000000002,0.45,0.0185242955144,-2162528.844706691,1567347.7145298924,POINT (-2162528.844706691 1567347.7145298924)
240143,11105,839,1,3.5559999999999996,3.3528000000000002,0.45,0.0185242955144,-2162526.00684131,1567344.0390523148,POINT (-2162526.00684131 1567344.0390523148)
240142,11105,839,1,4.826,3.6576000000000004,0.5,0.0185242955144,-2162520.5526744234,1567346.8469073758,POINT (-2162520.5526744234 1567346.8469073758)
240142,11105,839,1,4.826,3.6576000000000004,0.5,0.0185242955144,-2162523.33127009,1567350.9238835985,POINT (-2162523.33127009 1567350.9238835985)
240142,11105,839,1,4.826,3.6576000000000004,0.5,0.0185242955144,-2162521.36174676,1567344.8423978474,POINT (-2162521.36174676 1567344.8423978474)
240143,11105,839,1,3.5559999999999996,3.3528000000000002,0.45,0.0185242955144,-2162525.555258469,1567352.8146894074,POINT (-2162525.555258469 1567352.8146894074)
240143,11105,839,1,3.5559999999999996,3.3528000000000002,0.45,0.0185242955144,-2162798.6483017877,1567778.3717930657,POINT (-2162798.6483017877 1567778.3717930657)
240142,11105,839,1,4.826,3.6576000000000004,0.5,0.0185242955144,-2162766.6189361075,1567790.2856168086,POINT (-2162766.6189361075 1567790.2856168086)
240144,11105,839,1,2.54,2.4384,0.3,0.0185242955144,-2162521.170882751,1567334.1860052946,POINT (-2162521.170882751 1567334.1860052946)
240143,11105,839,1,3.5559999999999996,3.3528000000000002,0.45,0.0185242955144,-2162776.360278429,1567796.0912717564,POINT (-2162776.360278429 1567796.0912717564)
240144,11105,839,1,2.54,2.4384,0.3,0.0185242955144,-2162778.817184166,1567800.6723151503,POINT (-2162778.817184166 1567800.6723151503)
240142,11105,839,1,4.826,3.6576000000000004,0.5,0.0185242955144,-2162773.9763716348,1567794.5605696084,POINT (-2162773.9763716348 1567794.5605696084)
240144,11105,839,1,2.54,2.4384,0.3,0.0185242955144,-2162772.2883250723,1567798.886250861,POINT (-2162772.2883250723 1567798.886250861)
240143,11105,839,1,3.5559999999999996,3.3528000000000002,0.45,0.0185242955144,-2162773.814984926,1567795.7744545685,POINT (-2162773.814984926 1567795.7744545685)
240144,11105,839,1,2.54,2.4384,0.3,0.0185242955144,-2162785.701892652,1567805.8838567892,POINT (-2162785.701892652 1567805.8838567892)
240143,11105,839,1,3.5559999999999996,3.3528000000000002,0.45,0.0185242955144,-2162522.0828801924,1567341.2110086642,POINT (-2162522.0828801924 1567341.2110086642)
240143,11105,839,1,3.5559999999999996,3.3528000000000002,0.45,0.0185242955144,-2162798.41166932,1567798.4743869565,POINT (-2162798.41166932 1567798.4743869565)
240143,11105,839,1,3.5559999999999996,3.3528000000000002,0.45,0.0185242955144,-2162792.616946957,1567797.8600777853,POINT (-2162792.616946957 1567797.8600777853)
240146,11105,805,2,18.288,3.048,,0.00148708925683,-2162797.494243022,1567802.1919125689,POINT (-2162797.494243022 1567802.1919125689)
240142,11105,839,1,4.826,3.6576000000000004,0.5,0.0185242955144,-2162788.1349237207,1567806.737212492,POINT (-2162788.1349237207 1567806.737212492)
240142,11105,839,1,4.826,3.6576000000000004,0.5,0.0185242955144,-2162765.6054747123,1567786.1740406163,POINT (-2162765.6054747123 1567786.1740406163)
240143,11105,839,1,3.5559999999999996,3.3528000000000002,0.45,0.0185242955144,-2162527.8261605045,1567343.189717793,POINT (-2162527.8261605045 1567343.189717793)
240144,11105,839,1,2.54,2.4384,0.3,0.0185242955144,-2162523.0142196957,1567339.604822986,POINT (-2162523.0142196957 1567339.604822986)
240141,11105,805,1,19.558,7.315200000000001,0.2,0.00148708925683,-2162521.533257048,1567336.8550847366,POINT (-2162521.533257048 1567336.8550847366)
240143,11105,839,1,3.5559999999999996,3.3528000000000002,0.45,0.0185242955144,-2162521.476662285,1567335.3859466428,POINT (-2162521.476662285 1567335.3859466428)
240142,11105,839,1,4.826,3.6576000000000004,0.5,0.0185242955144,-2162794.841515841,1567806.3485986625,POINT (-2162794.841515841 1567806.3485986625)
240143,11105,839,1,3.5559999999999996,3.3528000000000002,0.45,0.0185242955144,-2162787.987430709,1567805.0836152565,POINT (-2162787.987430709 1567805.0836152565)
240142,11105,839,1,4.826,3.6576000000000004,0.5,0.0185242955144,-2162769.9797387184,1567784.3973308187,POINT (-2162769.9797387184 1567784.3973308187)
240144,11105,839,1,2.54,2.4384,0.3,0.0185242955144,-2162682.5135865402,1567578.3423060013,POINT (-2162682.5135865402 1567578.3423060013)
240144,11105,839,1,2.54,2.4384,0.3,0.0185242955144,-2162794.4483988457,1567771.6035348508,POINT (-2162794.4483988457 1567771.6035348508)
240142,11105,839,1,4.826,3.6576000000000004,0.5,0.0185242955144,-2162798.7022731095,1567772.7467444218,POINT (-2162798.7022731095 1567772.7467444218)
240144,11105,839,1,2.54,2.4384,0.3,0.0185242955144,-2162786.8911512154,1567748.5978591011,POINT (-2162786.8911512154 1567748.5978591011)
240143,11105,839,1,3.5559999999999996,3.3528000000000002,0.45,0.0185242955144,-2162701.1893831743,1567583.957755062,POINT (-2162701.1893831743 1567583.957755062)
240142,11105,839,1,4.826,3.6576000000000004,0.5,0.0185242955144,-2162706.510046514,1567579.2425792099,POINT (-2162706.510046514 1567579.2425792099)
240144,11105,839,1,2.54,2.4384,0.3,0.0185242955144,-2162695.9209364834,1567573.626754342,POINT (-2162695.9209364834 1567573.626754342)
240144,11105,839,1,2.54,2.4384,0.3,0.0185242955144,-2162694.920323108,1567572.558836051,POINT (-2162694.920323108 1567572.558836051)
240144,11105,839,1,2.54,2.4384,0.3,0.0185242955144,-2162683.966500497,1567582.4714187214,POINT (-2162683.966500497 1567582.4714187214)
240143,11105,839,1,3.5559999999999996,3.3528000000000002,0.45,0.0185242955144,-2162791.0296045477,1567777.6722941669,POINT (-2162791.0296045477 1567777.6722941669)
240144,11105,839,1,2.54,2.4384,0.3,0.0185242955144,-2162683.235654055,1567580.5701077236,POINT (-2162683.235654055 1567580.5701077236)
240146,11105,805,2,18.288,3.048,,0.00148708925683,-2162707.141133599,1567583.8961429216,POINT (-2162707.141133599 1567583.8961429216)
240146,11105,805,2,18.288,3.048,,0.00148708925683,-2162702.8233906515,1567577.2465133334,POINT (-2162702.8233906515 1567577.2465133334)
240144,11105,839,1,2.54,2.4384,0.3,0.0185242955144,-2162700.0088523743,1567575.3283885042,POINT (-2162700.0088523743 1567575.3283885042)
240143,11105,839,1,3.5559999999999996,3.3528000000000002,0.45,0.0185242955144,-2162697.976391172,1567572.0666137184,POINT (-2162697.976391172 1567572.0666137184)
240143,11105,839,1,3.5559999999999996,3.3528000000000002,0.45,0.0185242955144,-2162700.93623246,1567577.0649722142,POINT (-2162700.93623246 1567577.0649722142)
240143,11105,839,1,3.5559999999999996,3.3528000000000002,0.45,0.0185242955144,-2162792.9757290226,1567763.278441356,POINT (-2162792.9757290226 1567763.278441356)
240142,11105,839,1,4.826,3.6576000000000004,0.5,0.0185242955144,-2162784.943257951,1567772.5758595418,POINT (-2162784.943257951 1567772.5758595418)
240142,11105,839,1,4.826,3.6576000000000004,0.5,0.0185242955144,-2162777.7766001746,1567775.1471124345,POINT (-2162777.7766001746 1567775.1471124345)
240143,11105,839,1,3.5559999999999996,3.3528000000000002,0.45,0.0185242955144,-2162771.9612287916,1567766.5491344929,POINT (-2162771.9612287916 1567766.5491344929)
240144,11105,839,1,2.54,2.4384,0.3,0.0185242955144,-2162781.339443207,1567775.7079733268,POINT (-2162781.339443207 1567775.7079733268)
240144,11105,839,1,2.54,2.4384,0.3,0.0185242955144,-2162775.6950762514,1567767.8103297113,POINT (-2162775.6950762514 1567767.8103297113)
240142,11105,839,1,4.826,3.6576000000000004,0.5,0.0185242955144,-2162785.784011716,1567765.4187940452,POINT (-2162785.784011716 1567765.4187940452)
240142,11105,839,1,4.826,3.6576000000000004,0.5,0.0185242955144,-2162789.3057273496,1567768.883218908,POINT (-2162789.3057273496 1567768.883218908)
240143,11105,839,1,3.5559999999999996,3.3528000000000002,0.45,0.0185242955144,-2162789.4908105195,1567765.550965076,POINT (-2162789.4908105195 1567765.550965076)
240144,11105,839,1,2.54,2.4384,0.3,0.0185242955144,-2162786.271395032,1567772.4405920052,POINT (-2162786.271395032 1567772.4405920052)
240146,11105,805,2,18.288,3.048,,0.00148708925683,-2162696.428303108,1567570.0919219537,POINT (-2162696.428303108 1567570.0919219537)
240145,11105,805,1,28.702,7.010400000000001,0.15,0.00148708925683,-2162793.8273485703,1567773.6958121734,POINT (-2162793.8273485703 1567773.6958121734)
240142,11105,839,1,4.826,3.6576000000000004,0.5,0.0185242955144,-2162786.614864047,1567778.0993172922,POINT (-2162786.614864047 1567778.0993172922)
231521,11114,807,1,21.336000000000002,9.4488,0.4,0.00148708925683,-2162578.1753385793,1567648.0464450056,POINT (-2162578.1753385793 1567648.0464450056)
231527,11114,807,1,21.59,10.0584,0.25,0.00148708925683,-2162565.461391361,1567631.3343470893,POINT (-2162565.461391361 1567631.3343470893)
231530,11114,807,1,23.622000000000003,11.8872,0.25,0.00148708925683,-2162564.1592286504,1567645.910242262,POINT (-2162564.1592286504 1567645.910242262)
231524,11114,807,1,64.51599999999999,13.411200000000001,0.4,0.00024690435073999997,-2162584.16589322,1567139.1346746802,POINT (-2162584.16589322 1567139.1346746802)
231528,11114,807,1,20.066000000000003,10.3632,0.25,0.00148708925683,-2162564.408302937,1567642.8619608227,POINT (-2162564.408302937 1567642.8619608227)
231522,11114,807,1,21.336000000000002,10.3632,0.35,0.00148708925683,-2162565.1485462342,1567127.1163959198,POINT (-2162565.1485462342 1567127.1163959198)
231523,11114,807,1,81.026,13.411200000000001,0.4,0.00024690435073999997,-2162587.194383716,1567128.420537422,POINT (-2162587.194383716 1567128.420537422)
231520,11114,807,1,25.907999999999998,9.144,0.35,0.00148708925683,-2162622.416013299,1567330.7440751353,POINT (-2162622.416013299 1567330.7440751353)
231527,11114,807,1,21.59,10.0584,0.25,0.00148708925683,-2162588.5451779286,1567652.0102893536,POINT (-2162588.5451779286 1567652.0102893536)
231527,11114,807,1,21.59,10.0584,0.25,0.00148708925683,-2162635.0962080946,1567354.8922552352,POINT (-2162635.0962080946 1567354.8922552352)
231520,11114,807,1,25.907999999999998,9.144,0.35,0.00148708925683,-2162641.8343324326,1567349.8635882575,POINT (-2162641.8343324326 1567349.8635882575)
231522,11114,807,1,21.336000000000002,10.3632,0.35,0.00148708925683,-2162634.6598732495,1567354.5563180493,POINT (-2162634.6598732495 1567354.5563180493)
231522,11114,807,1,21.336000000000002,10.3632,0.35,0.00148708925683,-2162659.8963749334,1567346.5440648335,POINT (-2162659.8963749334 1567346.5440648335)
231527,11114,807,1,21.59,10.0584,0.25,0.00148708925683,-2162657.796036755,1567365.3616925615,POINT (-2162657.796036755 1567365.3616925615)
231528,11114,807,1,20.066000000000003,10.3632,0.25,0.00148708925683,-2162633.7682193606,1567352.0840558917,POINT (-2162633.7682193606 1567352.0840558917)
231526,11114,807,1,26.162000000000003,10.3632,0.45,0.00148708925683,-2162594.2144286805,1567653.170637021,POINT (-2162594.2144286805 1567653.170637021)
231522,11114,807,1,21.336000000000002,10.3632,0.35,0.00148708925683,-2162594.5799856973,1567646.8651052723,POINT (-2162594.5799856973 1567646.8651052723)
231527,11114,807,1,21.59,10.0584,0.25,0.00148708925683,-2162598.4445300573,1567645.2608643274,POINT (-2162598.4445300573 1567645.2608643274)
231520,11114,807,1,25.907999999999998,9.144,0.35,0.00148708925683,-2162603.4960302077,1567650.680899495,POINT (-2162603.4960302077 1567650.680899495)
231530,11114,807,1,23.622000000000003,11.8872,0.25,0.00148708925683,-2162593.259740505,1567649.0978008248,POINT (-2162593.259740505 1567649.0978008248)
231527,11114,807,1,21.59,10.0584,0.25,0.00148708925683,-2162588.3045951943,1567658.6152159947,POINT (-2162588.3045951943 1567658.6152159947)
231522,11114,807,1,21.336000000000002,10.3632,0.35,0.00148708925683,-2162581.901470524,1567656.004158529,POINT (-2162581.901470524 1567656.004158529)
231530,11114,807,1,23.622000000000003,11.8872,0.25,0.00148708925683,-2162635.687492559,1567361.9341514914,POINT (-2162635.687492559 1567361.9341514914)
231521,11114,807,1,21.336000000000002,9.4488,0.4,0.00148708925683,-2162584.8595126215,1567652.8636713782,POINT (-2162584.8595126215 1567652.8636713782)
231520,11114,807,1,25.907999999999998,9.144,0.35,0.00148708925683,-2162631.5858308724,1567323.0790834897,POINT (-2162631.5858308724 1567323.0790834897)
231522,11114,807,1,21.336000000000002,10.3632,0.35,0.00148708925683,-2162563.9857156826,1567654.50185411,POINT (-2162563.9857156826 1567654.50185411)
231522,11114,807,1,21.336000000000002,10.3632,0.35,0.00148708925683,-2162619.4646069324,1567319.236742668,POINT (-2162619.4646069324 1567319.236742668)
231520,11114,807,1,25.907999999999998,9.144,0.35,0.00148708925683,-2162620.346809859,1567328.1631442714,POINT (-2162620.346809859 1567328.1631442714)
231521,11114,807,1,21.336000000000002,9.4488,0.4,0.00148708925683,-2162612.3306166534,1567324.1634905532,POINT (-2162612.3306166534 1567324.1634905532)
231520,11114,807,1,25.907999999999998,9.144,0.35,0.00148708925683,-2162647.9708921583,1567315.4636111888,POINT (-2162647.9708921583 1567315.4636111888)
231520,11114,807,1,25.907999999999998,9.144,0.35,0.00148708925683,-2162647.2008923255,1567319.4919400099,POINT (-2162647.2008923255 1567319.4919400099)
231526,11114,807,1,26.162000000000003,10.3632,0.45,0.00148708925683,-2162572.5713793556,1567646.7615780518,POINT (-2162572.5713793556 1567646.7615780518)
231520,11114,807,1,25.907999999999998,9.144,0.35,0.00148708925683,-2162629.0892734076,1567322.365563969,POINT (-2162629.0892734076 1567322.365563969)
231521,11114,807,1,21.336000000000002,9.4488,0.4,0.00148708925683,-2162579.0312718544,1567143.3918836743,POINT (-2162579.0312718544 1567143.3918836743)
231526,11114,807,1,26.162000000000003,10.3632,0.45,0.00148708925683,-2162582.6265495433,1567142.3868715074,POINT (-2162582.6265495433 1567142.3868715074)
231528,11114,807,1,20.066000000000003,10.3632,0.25,0.00148708925683,-2162623.994732774,1567325.2898527277,POINT (-2162623.994732774 1567325.2898527277)
231524,11114,807,1,64.51599999999999,13.411200000000001,0.4,0.00024690435073999997,-2162620.29581242,1567330.706227349,POINT (-2162620.29581242 1567330.706227349)
231522,11114,807,1,21.336000000000002,10.3632,0.35,0.00148708925683,-2162630.4572581993,1567339.1942015807,POINT (-2162630.4572581993 1567339.1942015807)
231522,11114,807,1,21.336000000000002,10.3632,0.35,0.00148708925683,-2162571.87559531,1567655.460188639,POINT (-2162571.87559531 1567655.460188639)
1647273,68632,745,1,21.843999999999998,6.096,0.2,0.00148708925683,-2162750.801000577,1567249.7570437358,POINT (-2162750.801000577 1567249.7570437358)
1647270,68632,745,1,50.546,18.288,0.25,0.00148708925683,-2162749.1332725794,1567247.9155977594,POINT (-2162749.1332725794 1567247.9155977594)
1647270,68632,745,1,50.546,18.288,0.25,0.00148708925683,-2162739.9375849417,1567243.6172223517,POINT (-2162739.9375849417 1567243.6172223517)
1647273,68632,745,1,21.843999999999998,6.096,0.2,0.00148708925683,-2162748.440110309,1567254.5837290795,POINT (-2162748.440110309 1567254.5837290795)
1647272,68632,745,1,37.592000000000006,12.192,0.35,0.00148708925683,-2162752.3120886204,1567262.0706377218,POINT (-2162752.3120886204 1567262.0706377218)
1647273,68632,745,1,21.843999999999998,6.096,0.2,0.00148708925683,-2162758.377215376,1567260.9237571824,POINT (-2162758.377215376 1567260.9237571824)
1647273,68632,745,1,21.843999999999998,6.096,0.2,0.00148708925683,-2162739.6591618606,1567251.4324964648,POINT (-2162739.6591618606 1567251.4324964648)
1647272,68632,745,1,37.592000000000006,12.192,0.35,0.00148708925683,-2162756.6416301033,1567257.3681931887,POINT (-2162756.6416301033 1567257.3681931887)
1647272,68632,745,1,37.592000000000006,12.192,0.35,0.00148708925683,-2162742.661640867,1567247.751791103,POINT (-2162742.661640867 1567247.751791103)
